ISO-10303-21;
HEADER;
FILE_DESCRIPTION(('FreeCAD Model'),'2;1');
FILE_NAME('Open CASCADE Shape Model','2025-12-09T17:05:49',('Author'),(
    ''),'Open CASCADE STEP processor 7.8','FreeCAD','Unknown');
FILE_SCHEMA(('AUTOMOTIVE_DESIGN { 1 0 10303 214 1 1 1 1 }'));
ENDSEC;
DATA;
#1 = APPLICATION_PROTOCOL_DEFINITION('international standard',
  'automotive_design',2000,#2);
#2 = APPLICATION_CONTEXT(
  'core data for automotive mechanical design processes');
#3 = SHAPE_DEFINITION_REPRESENTATION(#4,#10);
#4 = PRODUCT_DEFINITION_SHAPE('','',#5);
#5 = PRODUCT_DEFINITION('design','',#6,#9);
#6 = PRODUCT_DEFINITION_FORMATION('','',#7);
#7 = PRODUCT('raspi_1_box_base','raspi_1_box_base','',(#8));
#8 = PRODUCT_CONTEXT('',#2,'mechanical');
#9 = PRODUCT_DEFINITION_CONTEXT('part definition',#2,'design');
#10 = ADVANCED_BREP_SHAPE_REPRESENTATION('',(#11,#15),#9218);
#11 = AXIS2_PLACEMENT_3D('',#12,#13,#14);
#12 = CARTESIAN_POINT('',(0.,0.,0.));
#13 = DIRECTION('',(0.,0.,1.));
#14 = DIRECTION('',(1.,0.,-0.));
#15 = MANIFOLD_SOLID_BREP('',#16);
#16 = CLOSED_SHELL('',(#17,#73,#136,#160,#184,#240,#430,#447,#700,#717,
    #734,#753,#770,#782,#813,#845,#877,#901,#925,#949,#973,#997,#1064,
    #1089,#1114,#1190,#1244,#1268,#1315,#1332,#1364,#1536,#1649,#1993,
    #2026,#2079,#2108,#2324,#2377,#2414,#2458,#2514,#2539,#2557,#2576,
    #2595,#2609,#2621,#2638,#2830,#2847,#2864,#2876,#2976,#3270,#3287,
    #3299,#3352,#3381,#3413,#3629,#3683,#3729,#3758,#3974,#4027,#4064,
    #4082,#4114,#4132,#4164,#4182,#4214,#4232,#4264,#4282,#4314,#4359,
    #4405,#4434,#4650,#4703,#4740,#4786,#5014,#5039,#5084,#5129,#5146,
    #5164,#5182,#5193,#5224,#5248,#5272,#5289,#5320,#5344,#5368,#5392,
    #5416,#5440,#5464,#5481,#5515,#5532,#5605,#5621,#5638,#5656,#5687,
    #5722,#5740,#5812,#5842,#5876,#5905,#5936,#5960,#5984,#6001,#6034,
    #6045,#6055,#6088,#6099,#6109,#6131,#6148,#6165,#6177,#6199,#6216,
    #6233,#6245,#6276,#6300,#6324,#6341,#6372,#6396,#6420,#6437,#6471,
    #6496,#6549,#6578,#6794,#6850,#6875,#6928,#6957,#7209,#7255,#7286,
    #7310,#7334,#7351,#7367,#7384,#7402,#7484,#7512,#7547,#7563,#7581,
    #7599,#7629,#7664,#7698,#7732,#7766,#7800,#7817,#7890,#7906,#7924,
    #7942,#7972,#8007,#8035,#8058,#8093,#8104,#8150,#8200,#8214,#8225,
    #8236,#8247,#8258,#8276,#8307,#8331,#8355,#8372,#8403,#8427,#8451,
    #8468,#8484,#8501,#8530,#8564,#8593,#8609,#8626,#8655,#8690,#8701,
    #8712,#8742,#8772,#8802,#8832,#8843,#8854,#8885,#8909,#8933,#8950,
    #8981,#9005,#9029,#9046,#9064,#9082,#9107,#9132,#9157,#9182,#9191,
    #9200,#9209));
#17 = ADVANCED_FACE('',(#18),#68,.T.);
#18 = FACE_BOUND('',#19,.T.);
#19 = EDGE_LOOP('',(#20,#30,#38,#46,#54,#62));
#20 = ORIENTED_EDGE('',*,*,#21,.F.);
#21 = EDGE_CURVE('',#22,#24,#26,.T.);
#22 = VERTEX_POINT('',#23);
#23 = CARTESIAN_POINT('',(23.75,25.1,-4.7));
#24 = VERTEX_POINT('',#25);
#25 = CARTESIAN_POINT('',(23.75,26.3,-5.9));
#26 = LINE('',#27,#28);
#27 = CARTESIAN_POINT('',(23.75,24.059275852742,-3.659275852743));
#28 = VECTOR('',#29,1.);
#29 = DIRECTION('',(0.,0.707106781187,-0.707106781187));
#30 = ORIENTED_EDGE('',*,*,#31,.F.);
#31 = EDGE_CURVE('',#32,#22,#34,.T.);
#32 = VERTEX_POINT('',#33);
#33 = CARTESIAN_POINT('',(23.75,25.1,-4.4));
#34 = LINE('',#35,#36);
#35 = CARTESIAN_POINT('',(23.75,25.1,-4.4));
#36 = VECTOR('',#37,1.);
#37 = DIRECTION('',(0.,-2.2E-16,-1.));
#38 = ORIENTED_EDGE('',*,*,#39,.F.);
#39 = EDGE_CURVE('',#40,#32,#42,.T.);
#40 = VERTEX_POINT('',#41);
#41 = CARTESIAN_POINT('',(23.75,8.13,-4.4));
#42 = LINE('',#43,#44);
#43 = CARTESIAN_POINT('',(23.75,22.8,-4.4));
#44 = VECTOR('',#45,1.);
#45 = DIRECTION('',(0.,1.,-2.2E-16));
#46 = ORIENTED_EDGE('',*,*,#47,.T.);
#47 = EDGE_CURVE('',#40,#48,#50,.T.);
#48 = VERTEX_POINT('',#49);
#49 = CARTESIAN_POINT('',(23.75,8.13,-4.9));
#50 = LINE('',#51,#52);
#51 = CARTESIAN_POINT('',(23.75,8.13,-4.4));
#52 = VECTOR('',#53,1.);
#53 = DIRECTION('',(-0.,-0.,-1.));
#54 = ORIENTED_EDGE('',*,*,#55,.F.);
#55 = EDGE_CURVE('',#56,#48,#58,.T.);
#56 = VERTEX_POINT('',#57);
#57 = CARTESIAN_POINT('',(23.75,7.13,-5.9));
#58 = LINE('',#59,#60);
#59 = CARTESIAN_POINT('',(23.75,9.459129537152,-3.570870462848));
#60 = VECTOR('',#61,1.);
#61 = DIRECTION('',(0.,0.707106781187,0.707106781187));
#62 = ORIENTED_EDGE('',*,*,#63,.F.);
#63 = EDGE_CURVE('',#24,#56,#64,.T.);
#64 = LINE('',#65,#66);
#65 = CARTESIAN_POINT('',(23.75,26.8,-5.9));
#66 = VECTOR('',#67,1.);
#67 = DIRECTION('',(0.,-1.,0.));
#68 = PLANE('',#69);
#69 = AXIS2_PLACEMENT_3D('',#70,#71,#72);
#70 = CARTESIAN_POINT('',(23.75,16.891810779788,-5.845292631182));
#71 = DIRECTION('',(1.,0.,0.));
#72 = DIRECTION('',(0.,0.,1.));
#73 = ADVANCED_FACE('',(#74),#131,.T.);
#74 = FACE_BOUND('',#75,.F.);
#75 = EDGE_LOOP('',(#76,#77,#85,#93,#101,#109,#117,#125));
#76 = ORIENTED_EDGE('',*,*,#21,.F.);
#77 = ORIENTED_EDGE('',*,*,#78,.T.);
#78 = EDGE_CURVE('',#22,#79,#81,.T.);
#79 = VERTEX_POINT('',#80);
#80 = CARTESIAN_POINT('',(24.95,26.3,-5.9));
#81 = LINE('',#82,#83);
#82 = CARTESIAN_POINT('',(24.383333333333,25.733333333333,
    -5.333333333333));
#83 = VECTOR('',#84,1.);
#84 = DIRECTION('',(0.57735026919,0.57735026919,-0.57735026919));
#85 = ORIENTED_EDGE('',*,*,#86,.T.);
#86 = EDGE_CURVE('',#79,#87,#89,.T.);
#87 = VERTEX_POINT('',#88);
#88 = CARTESIAN_POINT('',(39.05,26.3,-5.9));
#89 = LINE('',#90,#91);
#90 = CARTESIAN_POINT('',(23.75,26.3,-5.9));
#91 = VECTOR('',#92,1.);
#92 = DIRECTION('',(1.,0.,-6.E-17));
#93 = ORIENTED_EDGE('',*,*,#94,.F.);
#94 = EDGE_CURVE('',#95,#87,#97,.T.);
#95 = VERTEX_POINT('',#96);
#96 = CARTESIAN_POINT('',(40.25,25.1,-4.7));
#97 = LINE('',#98,#99);
#98 = CARTESIAN_POINT('',(36.866666666667,28.483333333333,
    -8.083333333333));
#99 = VECTOR('',#100,1.);
#100 = DIRECTION('',(-0.57735026919,0.57735026919,-0.57735026919));
#101 = ORIENTED_EDGE('',*,*,#102,.T.);
#102 = EDGE_CURVE('',#95,#103,#105,.T.);
#103 = VERTEX_POINT('',#104);
#104 = CARTESIAN_POINT('',(40.25,26.8,-6.4));
#105 = LINE('',#106,#107);
#106 = CARTESIAN_POINT('',(40.25,24.059275852742,-3.659275852743));
#107 = VECTOR('',#108,1.);
#108 = DIRECTION('',(0.,0.707106781187,-0.707106781187));
#109 = ORIENTED_EDGE('',*,*,#110,.F.);
#110 = EDGE_CURVE('',#111,#103,#113,.T.);
#111 = VERTEX_POINT('',#112);
#112 = CARTESIAN_POINT('',(23.75,26.8,-6.4));
#113 = LINE('',#114,#115);
#114 = CARTESIAN_POINT('',(23.75,26.8,-6.4));
#115 = VECTOR('',#116,1.);
#116 = DIRECTION('',(1.,0.,-6.E-17));
#117 = ORIENTED_EDGE('',*,*,#118,.T.);
#118 = EDGE_CURVE('',#111,#119,#121,.T.);
#119 = VERTEX_POINT('',#120);
#120 = CARTESIAN_POINT('',(23.25,26.8,-6.4));
#121 = LINE('',#122,#123);
#122 = CARTESIAN_POINT('',(49.339188619149,26.8,-6.4));
#123 = VECTOR('',#124,1.);
#124 = DIRECTION('',(-1.,0.,0.));
#125 = ORIENTED_EDGE('',*,*,#126,.F.);
#126 = EDGE_CURVE('',#24,#119,#127,.T.);
#127 = LINE('',#128,#129);
#128 = CARTESIAN_POINT('',(23.5,26.55,-6.15));
#129 = VECTOR('',#130,1.);
#130 = DIRECTION('',(-0.57735026919,0.57735026919,-0.57735026919));
#131 = PLANE('',#132);
#132 = AXIS2_PLACEMENT_3D('',#133,#134,#135);
#133 = CARTESIAN_POINT('',(23.75,26.55,-6.15));
#134 = DIRECTION('',(0.,-0.707106781187,-0.707106781187));
#135 = DIRECTION('',(-1.,-3.E-17,3.E-17));
#136 = ADVANCED_FACE('',(#137),#155,.T.);
#137 = FACE_BOUND('',#138,.T.);
#138 = EDGE_LOOP('',(#139,#140,#141,#149));
#139 = ORIENTED_EDGE('',*,*,#126,.F.);
#140 = ORIENTED_EDGE('',*,*,#63,.T.);
#141 = ORIENTED_EDGE('',*,*,#142,.T.);
#142 = EDGE_CURVE('',#56,#143,#145,.T.);
#143 = VERTEX_POINT('',#144);
#144 = CARTESIAN_POINT('',(23.25,6.63,-6.4));
#145 = LINE('',#146,#147);
#146 = CARTESIAN_POINT('',(26.861666666667,10.241666666667,
    -2.788333333333));
#147 = VECTOR('',#148,1.);
#148 = DIRECTION('',(-0.57735026919,-0.57735026919,-0.57735026919));
#149 = ORIENTED_EDGE('',*,*,#150,.F.);
#150 = EDGE_CURVE('',#119,#143,#151,.T.);
#151 = LINE('',#152,#153);
#152 = CARTESIAN_POINT('',(23.25,26.8,-6.4));
#153 = VECTOR('',#154,1.);
#154 = DIRECTION('',(0.,-1.,0.));
#155 = PLANE('',#156);
#156 = AXIS2_PLACEMENT_3D('',#157,#158,#159);
#157 = CARTESIAN_POINT('',(23.5,26.8,-6.15));
#158 = DIRECTION('',(0.707106781187,0.,-0.707106781187));
#159 = DIRECTION('',(0.,-1.,0.));
#160 = ADVANCED_FACE('',(#161),#179,.F.);
#161 = FACE_BOUND('',#162,.T.);
#162 = EDGE_LOOP('',(#163,#171,#172,#173));
#163 = ORIENTED_EDGE('',*,*,#164,.F.);
#164 = EDGE_CURVE('',#32,#165,#167,.T.);
#165 = VERTEX_POINT('',#166);
#166 = CARTESIAN_POINT('',(24.95,26.3,-4.4));
#167 = LINE('',#168,#169);
#168 = CARTESIAN_POINT('',(40.008311287478,41.358311287478,-4.4));
#169 = VECTOR('',#170,1.);
#170 = DIRECTION('',(0.707106781187,0.707106781187,0.));
#171 = ORIENTED_EDGE('',*,*,#31,.T.);
#172 = ORIENTED_EDGE('',*,*,#78,.T.);
#173 = ORIENTED_EDGE('',*,*,#174,.F.);
#174 = EDGE_CURVE('',#165,#79,#175,.T.);
#175 = LINE('',#176,#177);
#176 = CARTESIAN_POINT('',(24.95,26.3,-4.4));
#177 = VECTOR('',#178,1.);
#178 = DIRECTION('',(0.,-2.2E-16,-1.));
#179 = PLANE('',#180);
#180 = AXIS2_PLACEMENT_3D('',#181,#182,#183);
#181 = CARTESIAN_POINT('',(24.35,25.7,-4.4));
#182 = DIRECTION('',(-0.707106781187,0.707106781187,3.27E-15));
#183 = DIRECTION('',(2.42223917448E-15,-2.20223917448E-15,1.));
#184 = ADVANCED_FACE('',(#185),#235,.T.);
#185 = FACE_BOUND('',#186,.T.);
#186 = EDGE_LOOP('',(#187,#188,#196,#204,#212,#220,#228,#234));
#187 = ORIENTED_EDGE('',*,*,#55,.T.);
#188 = ORIENTED_EDGE('',*,*,#189,.T.);
#189 = EDGE_CURVE('',#48,#190,#192,.T.);
#190 = VERTEX_POINT('',#191);
#191 = CARTESIAN_POINT('',(24.75,7.13,-5.9));
#192 = LINE('',#193,#194);
#193 = CARTESIAN_POINT('',(24.25,7.63,-5.4));
#194 = VECTOR('',#195,1.);
#195 = DIRECTION('',(0.57735026919,-0.57735026919,-0.57735026919));
#196 = ORIENTED_EDGE('',*,*,#197,.T.);
#197 = EDGE_CURVE('',#190,#198,#200,.T.);
#198 = VERTEX_POINT('',#199);
#199 = CARTESIAN_POINT('',(39.25,7.13,-5.9));
#200 = LINE('',#201,#202);
#201 = CARTESIAN_POINT('',(23.75,7.13,-5.9));
#202 = VECTOR('',#203,1.);
#203 = DIRECTION('',(1.,-5.E-17,0.));
#204 = ORIENTED_EDGE('',*,*,#205,.T.);
#205 = EDGE_CURVE('',#198,#206,#208,.T.);
#206 = VERTEX_POINT('',#207);
#207 = CARTESIAN_POINT('',(40.25,8.13,-4.9));
#208 = LINE('',#209,#210);
#209 = CARTESIAN_POINT('',(37.,4.88,-8.15));
#210 = VECTOR('',#211,1.);
#211 = DIRECTION('',(0.57735026919,0.57735026919,0.57735026919));
#212 = ORIENTED_EDGE('',*,*,#213,.F.);
#213 = EDGE_CURVE('',#214,#206,#216,.T.);
#214 = VERTEX_POINT('',#215);
#215 = CARTESIAN_POINT('',(40.25,6.63,-6.4));
#216 = LINE('',#217,#218);
#217 = CARTESIAN_POINT('',(40.25,9.459129537152,-3.570870462848));
#218 = VECTOR('',#219,1.);
#219 = DIRECTION('',(0.,0.707106781187,0.707106781187));
#220 = ORIENTED_EDGE('',*,*,#221,.F.);
#221 = EDGE_CURVE('',#222,#214,#224,.T.);
#222 = VERTEX_POINT('',#223);
#223 = CARTESIAN_POINT('',(23.75,6.63,-6.4));
#224 = LINE('',#225,#226);
#225 = CARTESIAN_POINT('',(23.75,6.63,-6.4));
#226 = VECTOR('',#227,1.);
#227 = DIRECTION('',(1.,-5.E-17,0.));
#228 = ORIENTED_EDGE('',*,*,#229,.T.);
#229 = EDGE_CURVE('',#222,#143,#230,.T.);
#230 = LINE('',#231,#232);
#231 = CARTESIAN_POINT('',(49.339188619149,6.63,-6.4));
#232 = VECTOR('',#233,1.);
#233 = DIRECTION('',(-1.,0.,0.));
#234 = ORIENTED_EDGE('',*,*,#142,.F.);
#235 = PLANE('',#236);
#236 = AXIS2_PLACEMENT_3D('',#237,#238,#239);
#237 = CARTESIAN_POINT('',(23.75,6.88,-6.15));
#238 = DIRECTION('',(0.,0.707106781187,-0.707106781187));
#239 = DIRECTION('',(1.,-3.E-17,-3.E-17));
#240 = ADVANCED_FACE('',(#241,#307,#341,#375),#425,.T.);
#241 = FACE_BOUND('',#242,.T.);
#242 = EDGE_LOOP('',(#243,#253,#261,#269,#277,#285,#293,#301));
#243 = ORIENTED_EDGE('',*,*,#244,.F.);
#244 = EDGE_CURVE('',#245,#247,#249,.T.);
#245 = VERTEX_POINT('',#246);
#246 = CARTESIAN_POINT('',(58.25,8.13,-4.4));
#247 = VERTEX_POINT('',#248);
#248 = CARTESIAN_POINT('',(58.25,25.1,-4.4));
#249 = LINE('',#250,#251);
#250 = CARTESIAN_POINT('',(58.25,22.8,-4.4));
#251 = VECTOR('',#252,1.);
#252 = DIRECTION('',(0.,1.,-2.2E-16));
#253 = ORIENTED_EDGE('',*,*,#254,.T.);
#254 = EDGE_CURVE('',#245,#255,#257,.T.);
#255 = VERTEX_POINT('',#256);
#256 = CARTESIAN_POINT('',(57.25,7.13,-4.4));
#257 = LINE('',#258,#259);
#258 = CARTESIAN_POINT('',(69.575811287478,19.455811287478,-4.4));
#259 = VECTOR('',#260,1.);
#260 = DIRECTION('',(-0.707106781187,-0.707106781187,0.));
#261 = ORIENTED_EDGE('',*,*,#262,.F.);
#262 = EDGE_CURVE('',#263,#255,#265,.T.);
#263 = VERTEX_POINT('',#264);
#264 = CARTESIAN_POINT('',(42.75,7.13,-4.4));
#265 = LINE('',#266,#267);
#266 = CARTESIAN_POINT('',(41.75,7.13,-4.4));
#267 = VECTOR('',#268,1.);
#268 = DIRECTION('',(1.,0.,0.));
#269 = ORIENTED_EDGE('',*,*,#270,.T.);
#270 = EDGE_CURVE('',#263,#271,#273,.T.);
#271 = VERTEX_POINT('',#272);
#272 = CARTESIAN_POINT('',(41.75,8.13,-4.4));
#273 = LINE('',#274,#275);
#274 = CARTESIAN_POINT('',(42.810961199295,7.069038800705,-4.4));
#275 = VECTOR('',#276,1.);
#276 = DIRECTION('',(-0.707106781187,0.707106781187,0.));
#277 = ORIENTED_EDGE('',*,*,#278,.F.);
#278 = EDGE_CURVE('',#279,#271,#281,.T.);
#279 = VERTEX_POINT('',#280);
#280 = CARTESIAN_POINT('',(41.75,25.1,-4.4));
#281 = LINE('',#282,#283);
#282 = CARTESIAN_POINT('',(41.75,10.3,-4.4));
#283 = VECTOR('',#284,1.);
#284 = DIRECTION('',(0.,-1.,0.));
#285 = ORIENTED_EDGE('',*,*,#286,.T.);
#286 = EDGE_CURVE('',#279,#287,#289,.T.);
#287 = VERTEX_POINT('',#288);
#288 = CARTESIAN_POINT('',(42.95,26.3,-4.4));
#289 = LINE('',#290,#291);
#290 = CARTESIAN_POINT('',(53.508311287478,36.858311287478,-4.4));
#291 = VECTOR('',#292,1.);
#292 = DIRECTION('',(0.707106781187,0.707106781187,0.));
#293 = ORIENTED_EDGE('',*,*,#294,.F.);
#294 = EDGE_CURVE('',#295,#287,#297,.T.);
#295 = VERTEX_POINT('',#296);
#296 = CARTESIAN_POINT('',(57.05,26.3,-4.4));
#297 = LINE('',#298,#299);
#298 = CARTESIAN_POINT('',(150.,26.3,-4.4));
#299 = VECTOR('',#300,1.);
#300 = DIRECTION('',(-1.,0.,4.E-17));
#301 = ORIENTED_EDGE('',*,*,#302,.T.);
#302 = EDGE_CURVE('',#295,#247,#303,.T.);
#303 = LINE('',#304,#305);
#304 = CARTESIAN_POINT('',(58.878461199295,24.471538800705,-4.4));
#305 = VECTOR('',#306,1.);
#306 = DIRECTION('',(0.707106781187,-0.707106781187,0.));
#307 = FACE_BOUND('',#308,.T.);
#308 = EDGE_LOOP('',(#309,#319,#327,#335));
#309 = ORIENTED_EDGE('',*,*,#310,.T.);
#310 = EDGE_CURVE('',#311,#313,#315,.T.);
#311 = VERTEX_POINT('',#312);
#312 = CARTESIAN_POINT('',(1.75,0.,-4.4));
#313 = VERTEX_POINT('',#314);
#314 = CARTESIAN_POINT('',(148.25,0.,-4.4));
#315 = LINE('',#316,#317);
#316 = CARTESIAN_POINT('',(0.,-9.8E-16,-4.4));
#317 = VECTOR('',#318,1.);
#318 = DIRECTION('',(1.,0.,0.));
#319 = ORIENTED_EDGE('',*,*,#320,.T.);
#320 = EDGE_CURVE('',#313,#321,#323,.T.);
#321 = VERTEX_POINT('',#322);
#322 = CARTESIAN_POINT('',(148.25,76.,-4.4));
#323 = LINE('',#324,#325);
#324 = CARTESIAN_POINT('',(148.25,3.8E-16,-4.4));
#325 = VECTOR('',#326,1.);
#326 = DIRECTION('',(0.,1.,-2.2E-16));
#327 = ORIENTED_EDGE('',*,*,#328,.T.);
#328 = EDGE_CURVE('',#321,#329,#331,.T.);
#329 = VERTEX_POINT('',#330);
#330 = CARTESIAN_POINT('',(1.75,76.,-4.4));
#331 = LINE('',#332,#333);
#332 = CARTESIAN_POINT('',(150.,76.,-4.4));
#333 = VECTOR('',#334,1.);
#334 = DIRECTION('',(-1.,0.,4.E-17));
#335 = ORIENTED_EDGE('',*,*,#336,.F.);
#336 = EDGE_CURVE('',#311,#329,#337,.T.);
#337 = LINE('',#338,#339);
#338 = CARTESIAN_POINT('',(1.75,22.8,-4.4));
#339 = VECTOR('',#340,1.);
#340 = DIRECTION('',(0.,1.,-2.2E-16));
#341 = FACE_BOUND('',#342,.T.);
#342 = EDGE_LOOP('',(#343,#353,#361,#369));
#343 = ORIENTED_EDGE('',*,*,#344,.F.);
#344 = EDGE_CURVE('',#345,#347,#349,.T.);
#345 = VERTEX_POINT('',#346);
#346 = CARTESIAN_POINT('',(4.55,21.6,-4.4));
#347 = VERTEX_POINT('',#348);
#348 = CARTESIAN_POINT('',(4.55,6.7,-4.4));
#349 = LINE('',#350,#351);
#350 = CARTESIAN_POINT('',(4.55,10.3,-4.4));
#351 = VECTOR('',#352,1.);
#352 = DIRECTION('',(0.,-1.,0.));
#353 = ORIENTED_EDGE('',*,*,#354,.F.);
#354 = EDGE_CURVE('',#355,#345,#357,.T.);
#355 = VERTEX_POINT('',#356);
#356 = CARTESIAN_POINT('',(21.95,21.6,-4.4));
#357 = LINE('',#358,#359);
#358 = CARTESIAN_POINT('',(21.95,21.6,-4.4));
#359 = VECTOR('',#360,1.);
#360 = DIRECTION('',(-1.,0.,0.));
#361 = ORIENTED_EDGE('',*,*,#362,.F.);
#362 = EDGE_CURVE('',#363,#355,#365,.T.);
#363 = VERTEX_POINT('',#364);
#364 = CARTESIAN_POINT('',(21.95,6.7,-4.4));
#365 = LINE('',#366,#367);
#366 = CARTESIAN_POINT('',(21.95,10.3,-4.4));
#367 = VECTOR('',#368,1.);
#368 = DIRECTION('',(0.,1.,0.));
#369 = ORIENTED_EDGE('',*,*,#370,.F.);
#370 = EDGE_CURVE('',#347,#363,#371,.T.);
#371 = LINE('',#372,#373);
#372 = CARTESIAN_POINT('',(4.55,6.7,-4.4));
#373 = VECTOR('',#374,1.);
#374 = DIRECTION('',(1.,0.,0.));
#375 = FACE_BOUND('',#376,.T.);
#376 = EDGE_LOOP('',(#377,#387,#395,#403,#409,#410,#411,#419));
#377 = ORIENTED_EDGE('',*,*,#378,.F.);
#378 = EDGE_CURVE('',#379,#381,#383,.T.);
#379 = VERTEX_POINT('',#380);
#380 = CARTESIAN_POINT('',(40.25,8.13,-4.4));
#381 = VERTEX_POINT('',#382);
#382 = CARTESIAN_POINT('',(40.25,25.1,-4.4));
#383 = LINE('',#384,#385);
#384 = CARTESIAN_POINT('',(40.25,10.3,-4.4));
#385 = VECTOR('',#386,1.);
#386 = DIRECTION('',(0.,1.,-2.2E-16));
#387 = ORIENTED_EDGE('',*,*,#388,.F.);
#388 = EDGE_CURVE('',#389,#379,#391,.T.);
#389 = VERTEX_POINT('',#390);
#390 = CARTESIAN_POINT('',(39.25,7.13,-4.4));
#391 = LINE('',#392,#393);
#392 = CARTESIAN_POINT('',(56.075811287478,23.955811287478,-4.4));
#393 = VECTOR('',#394,1.);
#394 = DIRECTION('',(0.707106781187,0.707106781187,0.));
#395 = ORIENTED_EDGE('',*,*,#396,.F.);
#396 = EDGE_CURVE('',#397,#389,#399,.T.);
#397 = VERTEX_POINT('',#398);
#398 = CARTESIAN_POINT('',(24.75,7.13,-4.4));
#399 = LINE('',#400,#401);
#400 = CARTESIAN_POINT('',(23.75,7.13,-4.4));
#401 = VECTOR('',#402,1.);
#402 = DIRECTION('',(1.,0.,0.));
#403 = ORIENTED_EDGE('',*,*,#404,.F.);
#404 = EDGE_CURVE('',#40,#397,#405,.T.);
#405 = LINE('',#406,#407);
#406 = CARTESIAN_POINT('',(29.310961199295,2.569038800705,-4.4));
#407 = VECTOR('',#408,1.);
#408 = DIRECTION('',(0.707106781187,-0.707106781187,0.));
#409 = ORIENTED_EDGE('',*,*,#39,.T.);
#410 = ORIENTED_EDGE('',*,*,#164,.T.);
#411 = ORIENTED_EDGE('',*,*,#412,.F.);
#412 = EDGE_CURVE('',#413,#165,#415,.T.);
#413 = VERTEX_POINT('',#414);
#414 = CARTESIAN_POINT('',(39.05,26.3,-4.4));
#415 = LINE('',#416,#417);
#416 = CARTESIAN_POINT('',(150.,26.3,-4.4));
#417 = VECTOR('',#418,1.);
#418 = DIRECTION('',(-1.,0.,4.E-17));
#419 = ORIENTED_EDGE('',*,*,#420,.F.);
#420 = EDGE_CURVE('',#381,#413,#421,.T.);
#421 = LINE('',#422,#423);
#422 = CARTESIAN_POINT('',(45.378461199295,19.971538800705,-4.4));
#423 = VECTOR('',#424,1.);
#424 = DIRECTION('',(-0.707106781187,0.707106781187,0.));
#425 = PLANE('',#426);
#426 = AXIS2_PLACEMENT_3D('',#427,#428,#429);
#427 = CARTESIAN_POINT('',(74.773544973545,37.909700176367,-4.4));
#428 = DIRECTION('',(0.,0.,1.));
#429 = DIRECTION('',(1.,0.,0.));
#430 = ADVANCED_FACE('',(#431),#442,.F.);
#431 = FACE_BOUND('',#432,.F.);
#432 = EDGE_LOOP('',(#433,#434,#435,#436));
#433 = ORIENTED_EDGE('',*,*,#404,.F.);
#434 = ORIENTED_EDGE('',*,*,#47,.T.);
#435 = ORIENTED_EDGE('',*,*,#189,.T.);
#436 = ORIENTED_EDGE('',*,*,#437,.F.);
#437 = EDGE_CURVE('',#397,#190,#438,.T.);
#438 = LINE('',#439,#440);
#439 = CARTESIAN_POINT('',(24.75,7.13,-4.4));
#440 = VECTOR('',#441,1.);
#441 = DIRECTION('',(-0.,-0.,-1.));
#442 = PLANE('',#443);
#443 = AXIS2_PLACEMENT_3D('',#444,#445,#446);
#444 = CARTESIAN_POINT('',(24.25,7.63,-4.4));
#445 = DIRECTION('',(-0.707106781187,-0.707106781187,4.5E-16));
#446 = DIRECTION('',(-3.181980515339E-16,-3.181980515339E-16,-1.));
#447 = ADVANCED_FACE('',(#448,#461,#627,#661),#695,.T.);
#448 = FACE_BOUND('',#449,.T.);
#449 = EDGE_LOOP('',(#450,#451,#452,#453,#454,#460));
#450 = ORIENTED_EDGE('',*,*,#118,.T.);
#451 = ORIENTED_EDGE('',*,*,#150,.T.);
#452 = ORIENTED_EDGE('',*,*,#229,.F.);
#453 = ORIENTED_EDGE('',*,*,#221,.T.);
#454 = ORIENTED_EDGE('',*,*,#455,.T.);
#455 = EDGE_CURVE('',#214,#103,#456,.T.);
#456 = LINE('',#457,#458);
#457 = CARTESIAN_POINT('',(40.25,27.927401988534,-6.4));
#458 = VECTOR('',#459,1.);
#459 = DIRECTION('',(0.,1.,0.));
#460 = ORIENTED_EDGE('',*,*,#110,.F.);
#461 = FACE_BOUND('',#462,.T.);
#462 = EDGE_LOOP('',(#463,#474,#482,#490,#498,#506,#520,#528,#556,#564,
    #572,#580,#588,#596,#604,#612,#621));
#463 = ORIENTED_EDGE('',*,*,#464,.F.);
#464 = EDGE_CURVE('',#465,#467,#469,.T.);
#465 = VERTEX_POINT('',#466);
#466 = CARTESIAN_POINT('',(148.,62.,-6.4));
#467 = VERTEX_POINT('',#468);
#468 = CARTESIAN_POINT('',(146.,64.,-6.4));
#469 = CIRCLE('',#470,2.);
#470 = AXIS2_PLACEMENT_3D('',#471,#472,#473);
#471 = CARTESIAN_POINT('',(146.,62.,-6.4));
#472 = DIRECTION('',(0.,-0.,1.));
#473 = DIRECTION('',(0.,1.,0.));
#474 = ORIENTED_EDGE('',*,*,#475,.F.);
#475 = EDGE_CURVE('',#476,#465,#478,.T.);
#476 = VERTEX_POINT('',#477);
#477 = CARTESIAN_POINT('',(148.,2.,-6.4));
#478 = LINE('',#479,#480);
#479 = CARTESIAN_POINT('',(148.,26.3,-6.4));
#480 = VECTOR('',#481,1.);
#481 = DIRECTION('',(0.,1.,-2.2E-16));
#482 = ORIENTED_EDGE('',*,*,#483,.F.);
#483 = EDGE_CURVE('',#484,#476,#486,.T.);
#484 = VERTEX_POINT('',#485);
#485 = CARTESIAN_POINT('',(2.,2.,-6.4));
#486 = LINE('',#487,#488);
#487 = CARTESIAN_POINT('',(2.5,2.,-6.4));
#488 = VECTOR('',#489,1.);
#489 = DIRECTION('',(1.,0.,0.));
#490 = ORIENTED_EDGE('',*,*,#491,.F.);
#491 = EDGE_CURVE('',#492,#484,#494,.T.);
#492 = VERTEX_POINT('',#493);
#493 = CARTESIAN_POINT('',(2.,62.,-6.4));
#494 = LINE('',#495,#496);
#495 = CARTESIAN_POINT('',(2.,26.3,-6.4));
#496 = VECTOR('',#497,1.);
#497 = DIRECTION('',(0.,-1.,2.2E-16));
#498 = ORIENTED_EDGE('',*,*,#499,.T.);
#499 = EDGE_CURVE('',#492,#500,#502,.T.);
#500 = VERTEX_POINT('',#501);
#501 = CARTESIAN_POINT('',(4.25,62.,-6.4));
#502 = LINE('',#503,#504);
#503 = CARTESIAN_POINT('',(2.,62.,-6.4));
#504 = VECTOR('',#505,1.);
#505 = DIRECTION('',(1.,0.,0.));
#506 = ORIENTED_EDGE('',*,*,#507,.T.);
#507 = EDGE_CURVE('',#500,#508,#510,.T.);
#508 = VERTEX_POINT('',#509);
#509 = CARTESIAN_POINT('',(5.75,62.,-6.4));
#510 = ( BOUNDED_CURVE() B_SPLINE_CURVE(8,(#511,#512,#513,#514,#515,#516
,#517,#518,#519),.UNSPECIFIED.,.F.,.F.) B_SPLINE_CURVE_WITH_KNOTS((9,9),
(2.25,3.75),.PIECEWISE_BEZIER_KNOTS.) CURVE() 
GEOMETRIC_REPRESENTATION_ITEM() RATIONAL_B_SPLINE_CURVE((1.,1.,1.,1.,1.,
1.,1.,1.,1.)) REPRESENTATION_ITEM('') );
#511 = CARTESIAN_POINT('',(4.25,62.,-6.4));
#512 = CARTESIAN_POINT('',(4.4375,62.,-6.4));
#513 = CARTESIAN_POINT('',(4.625,62.011228192723,-6.4));
#514 = CARTESIAN_POINT('',(4.8125,62.01681485935,-6.4));
#515 = CARTESIAN_POINT('',(5.,62.021484711781,-6.4));
#516 = CARTESIAN_POINT('',(5.1875,62.01681485935,-6.4));
#517 = CARTESIAN_POINT('',(5.375,62.011228192723,-6.4));
#518 = CARTESIAN_POINT('',(5.5625,62.,-6.4));
#519 = CARTESIAN_POINT('',(5.75,62.,-6.4));
#520 = ORIENTED_EDGE('',*,*,#521,.T.);
#521 = EDGE_CURVE('',#508,#522,#524,.T.);
#522 = VERTEX_POINT('',#523);
#523 = CARTESIAN_POINT('',(6.,62.,-6.4));
#524 = LINE('',#525,#526);
#525 = CARTESIAN_POINT('',(2.,62.,-6.4));
#526 = VECTOR('',#527,1.);
#527 = DIRECTION('',(1.,0.,0.));
#528 = ORIENTED_EDGE('',*,*,#529,.T.);
#529 = EDGE_CURVE('',#522,#530,#532,.T.);
#530 = VERTEX_POINT('',#531);
#531 = CARTESIAN_POINT('',(8.,66.,-6.4));
#532 = B_SPLINE_CURVE_WITH_KNOTS('',8,(#533,#534,#535,#536,#537,#538,
    #539,#540,#541,#542,#543,#544,#545,#546,#547,#548,#549,#550,#551,
    #552,#553,#554,#555),.UNSPECIFIED.,.F.,.F.,(9,7,7,9),(0.,0.25,0.5,1.
    ),.UNSPECIFIED.);
#533 = CARTESIAN_POINT('',(6.,62.,-6.4));
#534 = CARTESIAN_POINT('',(6.150357677098,62.,-6.4));
#535 = CARTESIAN_POINT('',(6.297840729248,62.034355436852,-6.4));
#536 = CARTESIAN_POINT('',(6.440752914453,62.099429774304,-6.4));
#537 = CARTESIAN_POINT('',(6.564915616427,62.18552207823,-6.4));
#538 = CARTESIAN_POINT('',(6.681811955081,62.278540888347,-6.4));
#539 = CARTESIAN_POINT('',(6.789468401139,62.385671842537,-6.4));
#540 = CARTESIAN_POINT('',(6.888575908898,62.497389075221,-6.4));
#541 = CARTESIAN_POINT('',(7.073191194272,62.733073738628,-6.4));
#542 = CARTESIAN_POINT('',(7.158501504775,62.856521673336,-6.4));
#543 = CARTESIAN_POINT('',(7.237592405939,62.984056048776,-6.4));
#544 = CARTESIAN_POINT('',(7.311099225767,63.114720599783,-6.4));
#545 = CARTESIAN_POINT('',(7.379526158817,63.24795882958,-6.4));
#546 = CARTESIAN_POINT('',(7.443257727603,63.383450880984,-6.4));
#547 = CARTESIAN_POINT('',(7.502570243998,63.520950407691,-6.4));
#548 = CARTESIAN_POINT('',(7.667789323898,63.938463521125,-6.4));
#549 = CARTESIAN_POINT('',(7.761034234279,64.223672955682,-6.4));
#550 = CARTESIAN_POINT('',(7.838794982715,64.51341689927,-6.4));
#551 = CARTESIAN_POINT('',(7.90173648692,64.80673857149,-6.4));
#552 = CARTESIAN_POINT('',(7.949922713925,65.102999645784,-6.4));
#553 = CARTESIAN_POINT('',(7.982941060291,65.401336816134,-6.4));
#554 = CARTESIAN_POINT('',(8.,65.700632546062,-6.4));
#555 = CARTESIAN_POINT('',(8.,66.,-6.4));
#556 = ORIENTED_EDGE('',*,*,#557,.T.);
#557 = EDGE_CURVE('',#530,#558,#560,.T.);
#558 = VERTEX_POINT('',#559);
#559 = CARTESIAN_POINT('',(8.,72.,-6.4));
#560 = LINE('',#561,#562);
#561 = CARTESIAN_POINT('',(8.,64.,-6.4));
#562 = VECTOR('',#563,1.);
#563 = DIRECTION('',(0.,1.,-2.2E-16));
#564 = ORIENTED_EDGE('',*,*,#565,.F.);
#565 = EDGE_CURVE('',#566,#558,#568,.T.);
#566 = VERTEX_POINT('',#567);
#567 = CARTESIAN_POINT('',(2.,72.,-6.4));
#568 = LINE('',#569,#570);
#569 = CARTESIAN_POINT('',(2.,72.,-6.4));
#570 = VECTOR('',#571,1.);
#571 = DIRECTION('',(1.,0.,0.));
#572 = ORIENTED_EDGE('',*,*,#573,.T.);
#573 = EDGE_CURVE('',#566,#574,#576,.T.);
#574 = VERTEX_POINT('',#575);
#575 = CARTESIAN_POINT('',(2.,76.,-6.4));
#576 = LINE('',#577,#578);
#577 = CARTESIAN_POINT('',(2.,26.3,-6.4));
#578 = VECTOR('',#579,1.);
#579 = DIRECTION('',(0.,1.,-2.2E-16));
#580 = ORIENTED_EDGE('',*,*,#581,.T.);
#581 = EDGE_CURVE('',#574,#582,#584,.T.);
#582 = VERTEX_POINT('',#583);
#583 = CARTESIAN_POINT('',(148.,76.,-6.4));
#584 = LINE('',#585,#586);
#585 = CARTESIAN_POINT('',(2.,76.,-6.4));
#586 = VECTOR('',#587,1.);
#587 = DIRECTION('',(1.,0.,-6.E-17));
#588 = ORIENTED_EDGE('',*,*,#589,.F.);
#589 = EDGE_CURVE('',#590,#582,#592,.T.);
#590 = VERTEX_POINT('',#591);
#591 = CARTESIAN_POINT('',(148.,72.,-6.4));
#592 = LINE('',#593,#594);
#593 = CARTESIAN_POINT('',(148.,26.3,-6.4));
#594 = VECTOR('',#595,1.);
#595 = DIRECTION('',(0.,1.,-2.2E-16));
#596 = ORIENTED_EDGE('',*,*,#597,.T.);
#597 = EDGE_CURVE('',#590,#598,#600,.T.);
#598 = VERTEX_POINT('',#599);
#599 = CARTESIAN_POINT('',(142.,72.,-6.4));
#600 = LINE('',#601,#602);
#601 = CARTESIAN_POINT('',(148.,72.,-6.4));
#602 = VECTOR('',#603,1.);
#603 = DIRECTION('',(-1.,0.,0.));
#604 = ORIENTED_EDGE('',*,*,#605,.T.);
#605 = EDGE_CURVE('',#598,#606,#608,.T.);
#606 = VERTEX_POINT('',#607);
#607 = CARTESIAN_POINT('',(142.,66.,-6.4));
#608 = LINE('',#609,#610);
#609 = CARTESIAN_POINT('',(142.,72.,-6.4));
#610 = VECTOR('',#611,1.);
#611 = DIRECTION('',(0.,-1.,2.2E-16));
#612 = ORIENTED_EDGE('',*,*,#613,.F.);
#613 = EDGE_CURVE('',#614,#606,#616,.T.);
#614 = VERTEX_POINT('',#615);
#615 = CARTESIAN_POINT('',(144.,64.,-6.4));
#616 = CIRCLE('',#617,2.);
#617 = AXIS2_PLACEMENT_3D('',#618,#619,#620);
#618 = CARTESIAN_POINT('',(144.,66.,-6.4));
#619 = DIRECTION('',(0.,0.,-1.));
#620 = DIRECTION('',(0.,1.,0.));
#621 = ORIENTED_EDGE('',*,*,#622,.F.);
#622 = EDGE_CURVE('',#467,#614,#623,.T.);
#623 = LINE('',#624,#625);
#624 = CARTESIAN_POINT('',(148.,64.,-6.4));
#625 = VECTOR('',#626,1.);
#626 = DIRECTION('',(-1.,0.,0.));
#627 = FACE_BOUND('',#628,.T.);
#628 = EDGE_LOOP('',(#629,#639,#647,#655));
#629 = ORIENTED_EDGE('',*,*,#630,.T.);
#630 = EDGE_CURVE('',#631,#633,#635,.T.);
#631 = VERTEX_POINT('',#632);
#632 = CARTESIAN_POINT('',(41.75,26.8,-6.4));
#633 = VERTEX_POINT('',#634);
#634 = CARTESIAN_POINT('',(41.75,6.63,-6.4));
#635 = LINE('',#636,#637);
#636 = CARTESIAN_POINT('',(41.75,27.927401988534,-6.4));
#637 = VECTOR('',#638,1.);
#638 = DIRECTION('',(0.,-1.,0.));
#639 = ORIENTED_EDGE('',*,*,#640,.F.);
#640 = EDGE_CURVE('',#641,#633,#643,.T.);
#641 = VERTEX_POINT('',#642);
#642 = CARTESIAN_POINT('',(58.75,6.63,-6.4));
#643 = LINE('',#644,#645);
#644 = CARTESIAN_POINT('',(58.25,6.63,-6.4));
#645 = VECTOR('',#646,1.);
#646 = DIRECTION('',(-1.,-5.E-17,0.));
#647 = ORIENTED_EDGE('',*,*,#648,.F.);
#648 = EDGE_CURVE('',#649,#641,#651,.T.);
#649 = VERTEX_POINT('',#650);
#650 = CARTESIAN_POINT('',(58.75,26.8,-6.4));
#651 = LINE('',#652,#653);
#652 = CARTESIAN_POINT('',(58.75,26.3,-6.4));
#653 = VECTOR('',#654,1.);
#654 = DIRECTION('',(0.,-1.,0.));
#655 = ORIENTED_EDGE('',*,*,#656,.F.);
#656 = EDGE_CURVE('',#631,#649,#657,.T.);
#657 = LINE('',#658,#659);
#658 = CARTESIAN_POINT('',(41.75,26.8,-6.4));
#659 = VECTOR('',#660,1.);
#660 = DIRECTION('',(1.,0.,0.));
#661 = FACE_BOUND('',#662,.T.);
#662 = EDGE_LOOP('',(#663,#673,#681,#689));
#663 = ORIENTED_EDGE('',*,*,#664,.T.);
#664 = EDGE_CURVE('',#665,#667,#669,.T.);
#665 = VERTEX_POINT('',#666);
#666 = CARTESIAN_POINT('',(4.55,6.2,-6.4));
#667 = VERTEX_POINT('',#668);
#668 = CARTESIAN_POINT('',(21.95,6.2,-6.4));
#669 = LINE('',#670,#671);
#670 = CARTESIAN_POINT('',(4.55,6.2,-6.4));
#671 = VECTOR('',#672,1.);
#672 = DIRECTION('',(1.,0.,0.));
#673 = ORIENTED_EDGE('',*,*,#674,.F.);
#674 = EDGE_CURVE('',#675,#667,#677,.T.);
#675 = VERTEX_POINT('',#676);
#676 = CARTESIAN_POINT('',(21.95,23.3,-6.4));
#677 = LINE('',#678,#679);
#678 = CARTESIAN_POINT('',(21.95,26.3,-6.4));
#679 = VECTOR('',#680,1.);
#680 = DIRECTION('',(0.,-1.,2.2E-16));
#681 = ORIENTED_EDGE('',*,*,#682,.F.);
#682 = EDGE_CURVE('',#683,#675,#685,.T.);
#683 = VERTEX_POINT('',#684);
#684 = CARTESIAN_POINT('',(4.55,23.3,-6.4));
#685 = LINE('',#686,#687);
#686 = CARTESIAN_POINT('',(4.55,23.3,-6.4));
#687 = VECTOR('',#688,1.);
#688 = DIRECTION('',(1.,0.,0.));
#689 = ORIENTED_EDGE('',*,*,#690,.T.);
#690 = EDGE_CURVE('',#683,#665,#691,.T.);
#691 = LINE('',#692,#693);
#692 = CARTESIAN_POINT('',(4.55,27.666218820862,-6.4));
#693 = VECTOR('',#694,1.);
#694 = DIRECTION('',(0.,-1.,0.));
#695 = PLANE('',#696);
#696 = AXIS2_PLACEMENT_3D('',#697,#698,#699);
#697 = CARTESIAN_POINT('',(74.928377238299,40.327168048913,-6.4));
#698 = DIRECTION('',(-0.,-0.,-1.));
#699 = DIRECTION('',(-1.,0.,0.));
#700 = ADVANCED_FACE('',(#701),#712,.T.);
#701 = FACE_BOUND('',#702,.T.);
#702 = EDGE_LOOP('',(#703,#704,#710,#711));
#703 = ORIENTED_EDGE('',*,*,#86,.T.);
#704 = ORIENTED_EDGE('',*,*,#705,.F.);
#705 = EDGE_CURVE('',#413,#87,#706,.T.);
#706 = LINE('',#707,#708);
#707 = CARTESIAN_POINT('',(39.05,26.3,-4.4));
#708 = VECTOR('',#709,1.);
#709 = DIRECTION('',(-0.,-0.,-1.));
#710 = ORIENTED_EDGE('',*,*,#412,.T.);
#711 = ORIENTED_EDGE('',*,*,#174,.T.);
#712 = PLANE('',#713);
#713 = AXIS2_PLACEMENT_3D('',#714,#715,#716);
#714 = CARTESIAN_POINT('',(32.,26.3,-5.4));
#715 = DIRECTION('',(-0.,-1.,-4.41E-15));
#716 = DIRECTION('',(0.,4.41E-15,-1.));
#717 = ADVANCED_FACE('',(#718),#729,.F.);
#718 = FACE_BOUND('',#719,.F.);
#719 = EDGE_LOOP('',(#720,#721,#727,#728));
#720 = ORIENTED_EDGE('',*,*,#420,.F.);
#721 = ORIENTED_EDGE('',*,*,#722,.T.);
#722 = EDGE_CURVE('',#381,#95,#723,.T.);
#723 = LINE('',#724,#725);
#724 = CARTESIAN_POINT('',(40.25,25.1,-4.4));
#725 = VECTOR('',#726,1.);
#726 = DIRECTION('',(-0.,-0.,-1.));
#727 = ORIENTED_EDGE('',*,*,#94,.T.);
#728 = ORIENTED_EDGE('',*,*,#705,.F.);
#729 = PLANE('',#730);
#730 = AXIS2_PLACEMENT_3D('',#731,#732,#733);
#731 = CARTESIAN_POINT('',(39.65,25.7,-4.4));
#732 = DIRECTION('',(0.707106781187,0.707106781187,3.01E-15));
#733 = DIRECTION('',(2.128391411372E-15,2.128391411372E-15,-1.));
#734 = ADVANCED_FACE('',(#735),#748,.T.);
#735 = FACE_BOUND('',#736,.T.);
#736 = EDGE_LOOP('',(#737,#743,#744,#745,#746,#747));
#737 = ORIENTED_EDGE('',*,*,#738,.F.);
#738 = EDGE_CURVE('',#379,#206,#739,.T.);
#739 = LINE('',#740,#741);
#740 = CARTESIAN_POINT('',(40.25,8.13,-4.4));
#741 = VECTOR('',#742,1.);
#742 = DIRECTION('',(0.,0.,-1.));
#743 = ORIENTED_EDGE('',*,*,#378,.T.);
#744 = ORIENTED_EDGE('',*,*,#722,.T.);
#745 = ORIENTED_EDGE('',*,*,#102,.T.);
#746 = ORIENTED_EDGE('',*,*,#455,.F.);
#747 = ORIENTED_EDGE('',*,*,#213,.T.);
#748 = PLANE('',#749);
#749 = AXIS2_PLACEMENT_3D('',#750,#751,#752);
#750 = CARTESIAN_POINT('',(40.25,16.891810779788,-5.845292631182));
#751 = DIRECTION('',(-1.,-0.,-0.));
#752 = DIRECTION('',(0.,0.,-1.));
#753 = ADVANCED_FACE('',(#754),#765,.T.);
#754 = FACE_BOUND('',#755,.T.);
#755 = EDGE_LOOP('',(#756,#757,#758,#759));
#756 = ORIENTED_EDGE('',*,*,#197,.F.);
#757 = ORIENTED_EDGE('',*,*,#437,.F.);
#758 = ORIENTED_EDGE('',*,*,#396,.T.);
#759 = ORIENTED_EDGE('',*,*,#760,.T.);
#760 = EDGE_CURVE('',#389,#198,#761,.T.);
#761 = LINE('',#762,#763);
#762 = CARTESIAN_POINT('',(39.25,7.13,-4.4));
#763 = VECTOR('',#764,1.);
#764 = DIRECTION('',(0.,0.,-1.));
#765 = PLANE('',#766);
#766 = AXIS2_PLACEMENT_3D('',#767,#768,#769);
#767 = CARTESIAN_POINT('',(32.,7.13,-5.4));
#768 = DIRECTION('',(0.,1.,-6.4E-16));
#769 = DIRECTION('',(0.,6.4E-16,1.));
#770 = ADVANCED_FACE('',(#771),#777,.F.);
#771 = FACE_BOUND('',#772,.F.);
#772 = EDGE_LOOP('',(#773,#774,#775,#776));
#773 = ORIENTED_EDGE('',*,*,#388,.F.);
#774 = ORIENTED_EDGE('',*,*,#760,.T.);
#775 = ORIENTED_EDGE('',*,*,#205,.T.);
#776 = ORIENTED_EDGE('',*,*,#738,.F.);
#777 = PLANE('',#778);
#778 = AXIS2_PLACEMENT_3D('',#779,#780,#781);
#779 = CARTESIAN_POINT('',(39.75,7.63,-4.4));
#780 = DIRECTION('',(0.707106781187,-0.707106781187,3.8E-16));
#781 = DIRECTION('',(2.687005768509E-16,-2.687005768509E-16,-1.));
#782 = ADVANCED_FACE('',(#783),#808,.T.);
#783 = FACE_BOUND('',#784,.T.);
#784 = EDGE_LOOP('',(#785,#795,#801,#802));
#785 = ORIENTED_EDGE('',*,*,#786,.T.);
#786 = EDGE_CURVE('',#787,#789,#791,.T.);
#787 = VERTEX_POINT('',#788);
#788 = CARTESIAN_POINT('',(58.25,25.1,-5.9));
#789 = VERTEX_POINT('',#790);
#790 = CARTESIAN_POINT('',(58.25,8.13,-5.9));
#791 = LINE('',#792,#793);
#792 = CARTESIAN_POINT('',(58.25,26.3,-5.9));
#793 = VECTOR('',#794,1.);
#794 = DIRECTION('',(0.,-1.,0.));
#795 = ORIENTED_EDGE('',*,*,#796,.F.);
#796 = EDGE_CURVE('',#245,#789,#797,.T.);
#797 = LINE('',#798,#799);
#798 = CARTESIAN_POINT('',(58.25,8.13,-4.4));
#799 = VECTOR('',#800,1.);
#800 = DIRECTION('',(-0.,-0.,-1.));
#801 = ORIENTED_EDGE('',*,*,#244,.T.);
#802 = ORIENTED_EDGE('',*,*,#803,.F.);
#803 = EDGE_CURVE('',#787,#247,#804,.T.);
#804 = LINE('',#805,#806);
#805 = CARTESIAN_POINT('',(58.25,25.1,-5.9));
#806 = VECTOR('',#807,1.);
#807 = DIRECTION('',(0.,2.2E-16,1.));
#808 = PLANE('',#809);
#809 = AXIS2_PLACEMENT_3D('',#810,#811,#812);
#810 = CARTESIAN_POINT('',(58.25,16.715,-5.4));
#811 = DIRECTION('',(-1.,-0.,-0.));
#812 = DIRECTION('',(0.,0.,-1.));
#813 = ADVANCED_FACE('',(#814),#840,.F.);
#814 = FACE_BOUND('',#815,.T.);
#815 = EDGE_LOOP('',(#816,#824,#832,#838,#839));
#816 = ORIENTED_EDGE('',*,*,#817,.T.);
#817 = EDGE_CURVE('',#789,#818,#820,.T.);
#818 = VERTEX_POINT('',#819);
#819 = CARTESIAN_POINT('',(57.75,7.63,-5.4));
#820 = LINE('',#821,#822);
#821 = CARTESIAN_POINT('',(60.945,10.825,-8.595));
#822 = VECTOR('',#823,1.);
#823 = DIRECTION('',(-0.57735026919,-0.57735026919,0.57735026919));
#824 = ORIENTED_EDGE('',*,*,#825,.T.);
#825 = EDGE_CURVE('',#818,#826,#828,.T.);
#826 = VERTEX_POINT('',#827);
#827 = CARTESIAN_POINT('',(57.25,7.13,-5.9));
#828 = LINE('',#829,#830);
#829 = CARTESIAN_POINT('',(57.75,7.63,-5.4));
#830 = VECTOR('',#831,1.);
#831 = DIRECTION('',(-0.57735026919,-0.57735026919,-0.57735026919));
#832 = ORIENTED_EDGE('',*,*,#833,.F.);
#833 = EDGE_CURVE('',#255,#826,#834,.T.);
#834 = LINE('',#835,#836);
#835 = CARTESIAN_POINT('',(57.25,7.13,-4.4));
#836 = VECTOR('',#837,1.);
#837 = DIRECTION('',(-0.,-0.,-1.));
#838 = ORIENTED_EDGE('',*,*,#254,.F.);
#839 = ORIENTED_EDGE('',*,*,#796,.T.);
#840 = PLANE('',#841);
#841 = AXIS2_PLACEMENT_3D('',#842,#843,#844);
#842 = CARTESIAN_POINT('',(57.75,7.63,-4.4));
#843 = DIRECTION('',(0.707106781187,-0.707106781187,0.));
#844 = DIRECTION('',(0.,0.,1.));
#845 = ADVANCED_FACE('',(#846),#872,.F.);
#846 = FACE_BOUND('',#847,.F.);
#847 = EDGE_LOOP('',(#848,#858,#864,#865,#866));
#848 = ORIENTED_EDGE('',*,*,#849,.F.);
#849 = EDGE_CURVE('',#850,#852,#854,.T.);
#850 = VERTEX_POINT('',#851);
#851 = CARTESIAN_POINT('',(57.05,26.3,-5.9));
#852 = VERTEX_POINT('',#853);
#853 = CARTESIAN_POINT('',(57.65,25.7,-5.3));
#854 = LINE('',#855,#856);
#855 = CARTESIAN_POINT('',(54.616666666667,28.733333333333,
    -8.333333333333));
#856 = VECTOR('',#857,1.);
#857 = DIRECTION('',(0.57735026919,-0.57735026919,0.57735026919));
#858 = ORIENTED_EDGE('',*,*,#859,.T.);
#859 = EDGE_CURVE('',#850,#295,#860,.T.);
#860 = LINE('',#861,#862);
#861 = CARTESIAN_POINT('',(57.05,26.3,-5.9));
#862 = VECTOR('',#863,1.);
#863 = DIRECTION('',(0.,2.2E-16,1.));
#864 = ORIENTED_EDGE('',*,*,#302,.T.);
#865 = ORIENTED_EDGE('',*,*,#803,.F.);
#866 = ORIENTED_EDGE('',*,*,#867,.F.);
#867 = EDGE_CURVE('',#852,#787,#868,.T.);
#868 = LINE('',#869,#870);
#869 = CARTESIAN_POINT('',(57.933333333333,25.416666666667,
    -5.583333333333));
#870 = VECTOR('',#871,1.);
#871 = DIRECTION('',(0.57735026919,-0.57735026919,-0.57735026919));
#872 = PLANE('',#873);
#873 = AXIS2_PLACEMENT_3D('',#874,#875,#876);
#874 = CARTESIAN_POINT('',(57.65,25.7,-5.9));
#875 = DIRECTION('',(0.707106781187,0.707106781187,3.25E-15));
#876 = DIRECTION('',(-2.408097038856E-15,-2.188097038856E-15,1.));
#877 = ADVANCED_FACE('',(#878),#896,.T.);
#878 = FACE_BOUND('',#879,.T.);
#879 = EDGE_LOOP('',(#880,#888,#894,#895));
#880 = ORIENTED_EDGE('',*,*,#881,.T.);
#881 = EDGE_CURVE('',#826,#882,#884,.T.);
#882 = VERTEX_POINT('',#883);
#883 = CARTESIAN_POINT('',(42.75,7.13,-5.9));
#884 = LINE('',#885,#886);
#885 = CARTESIAN_POINT('',(58.25,7.13,-5.9));
#886 = VECTOR('',#887,1.);
#887 = DIRECTION('',(-1.,-5.E-17,0.));
#888 = ORIENTED_EDGE('',*,*,#889,.F.);
#889 = EDGE_CURVE('',#263,#882,#890,.T.);
#890 = LINE('',#891,#892);
#891 = CARTESIAN_POINT('',(42.75,7.13,-4.4));
#892 = VECTOR('',#893,1.);
#893 = DIRECTION('',(-0.,-0.,-1.));
#894 = ORIENTED_EDGE('',*,*,#262,.T.);
#895 = ORIENTED_EDGE('',*,*,#833,.T.);
#896 = PLANE('',#897);
#897 = AXIS2_PLACEMENT_3D('',#898,#899,#900);
#898 = CARTESIAN_POINT('',(50.,7.13,-5.4));
#899 = DIRECTION('',(0.,1.,0.));
#900 = DIRECTION('',(0.,0.,1.));
#901 = ADVANCED_FACE('',(#902),#920,.T.);
#902 = FACE_BOUND('',#903,.T.);
#903 = EDGE_LOOP('',(#904,#912,#913,#914));
#904 = ORIENTED_EDGE('',*,*,#905,.T.);
#905 = EDGE_CURVE('',#906,#850,#908,.T.);
#906 = VERTEX_POINT('',#907);
#907 = CARTESIAN_POINT('',(42.95,26.3,-5.9));
#908 = LINE('',#909,#910);
#909 = CARTESIAN_POINT('',(41.75,26.3,-5.9));
#910 = VECTOR('',#911,1.);
#911 = DIRECTION('',(1.,0.,0.));
#912 = ORIENTED_EDGE('',*,*,#859,.T.);
#913 = ORIENTED_EDGE('',*,*,#294,.T.);
#914 = ORIENTED_EDGE('',*,*,#915,.T.);
#915 = EDGE_CURVE('',#287,#906,#916,.T.);
#916 = LINE('',#917,#918);
#917 = CARTESIAN_POINT('',(42.95,26.3,-4.4));
#918 = VECTOR('',#919,1.);
#919 = DIRECTION('',(-0.,-0.,-1.));
#920 = PLANE('',#921);
#921 = AXIS2_PLACEMENT_3D('',#922,#923,#924);
#922 = CARTESIAN_POINT('',(50.,26.3,-5.4));
#923 = DIRECTION('',(-0.,-1.,-4.71E-15));
#924 = DIRECTION('',(0.,4.71E-15,-1.));
#925 = ADVANCED_FACE('',(#926),#944,.F.);
#926 = FACE_BOUND('',#927,.T.);
#927 = EDGE_LOOP('',(#928,#929,#930,#938));
#928 = ORIENTED_EDGE('',*,*,#270,.F.);
#929 = ORIENTED_EDGE('',*,*,#889,.T.);
#930 = ORIENTED_EDGE('',*,*,#931,.T.);
#931 = EDGE_CURVE('',#882,#932,#934,.T.);
#932 = VERTEX_POINT('',#933);
#933 = CARTESIAN_POINT('',(41.75,8.13,-4.9));
#934 = LINE('',#935,#936);
#935 = CARTESIAN_POINT('',(45.,4.88,-8.15));
#936 = VECTOR('',#937,1.);
#937 = DIRECTION('',(-0.57735026919,0.57735026919,0.57735026919));
#938 = ORIENTED_EDGE('',*,*,#939,.F.);
#939 = EDGE_CURVE('',#271,#932,#940,.T.);
#940 = LINE('',#941,#942);
#941 = CARTESIAN_POINT('',(41.75,8.13,-4.4));
#942 = VECTOR('',#943,1.);
#943 = DIRECTION('',(-0.,-0.,-1.));
#944 = PLANE('',#945);
#945 = AXIS2_PLACEMENT_3D('',#946,#947,#948);
#946 = CARTESIAN_POINT('',(42.25,7.63,-4.4));
#947 = DIRECTION('',(-0.707106781187,-0.707106781187,0.));
#948 = DIRECTION('',(0.,0.,1.));
#949 = ADVANCED_FACE('',(#950),#968,.F.);
#950 = FACE_BOUND('',#951,.T.);
#951 = EDGE_LOOP('',(#952,#953,#961,#967));
#952 = ORIENTED_EDGE('',*,*,#286,.F.);
#953 = ORIENTED_EDGE('',*,*,#954,.T.);
#954 = EDGE_CURVE('',#279,#955,#957,.T.);
#955 = VERTEX_POINT('',#956);
#956 = CARTESIAN_POINT('',(41.75,25.1,-4.7));
#957 = LINE('',#958,#959);
#958 = CARTESIAN_POINT('',(41.75,25.1,-4.4));
#959 = VECTOR('',#960,1.);
#960 = DIRECTION('',(-0.,-0.,-1.));
#961 = ORIENTED_EDGE('',*,*,#962,.T.);
#962 = EDGE_CURVE('',#955,#906,#963,.T.);
#963 = LINE('',#964,#965);
#964 = CARTESIAN_POINT('',(42.383333333333,25.733333333333,
    -5.333333333333));
#965 = VECTOR('',#966,1.);
#966 = DIRECTION('',(0.57735026919,0.57735026919,-0.57735026919));
#967 = ORIENTED_EDGE('',*,*,#915,.F.);
#968 = PLANE('',#969);
#969 = AXIS2_PLACEMENT_3D('',#970,#971,#972);
#970 = CARTESIAN_POINT('',(42.35,25.7,-4.4));
#971 = DIRECTION('',(-0.707106781187,0.707106781187,3.52E-15));
#972 = DIRECTION('',(2.489015869777E-15,-2.489015869777E-15,1.));
#973 = ADVANCED_FACE('',(#974),#992,.T.);
#974 = FACE_BOUND('',#975,.T.);
#975 = EDGE_LOOP('',(#976,#977,#978,#984,#985,#991));
#976 = ORIENTED_EDGE('',*,*,#278,.T.);
#977 = ORIENTED_EDGE('',*,*,#939,.T.);
#978 = ORIENTED_EDGE('',*,*,#979,.F.);
#979 = EDGE_CURVE('',#633,#932,#980,.T.);
#980 = LINE('',#981,#982);
#981 = CARTESIAN_POINT('',(41.75,9.459129537152,-3.570870462848));
#982 = VECTOR('',#983,1.);
#983 = DIRECTION('',(0.,0.707106781187,0.707106781187));
#984 = ORIENTED_EDGE('',*,*,#630,.F.);
#985 = ORIENTED_EDGE('',*,*,#986,.F.);
#986 = EDGE_CURVE('',#955,#631,#987,.T.);
#987 = LINE('',#988,#989);
#988 = CARTESIAN_POINT('',(41.75,24.059275852742,-3.659275852743));
#989 = VECTOR('',#990,1.);
#990 = DIRECTION('',(0.,0.707106781187,-0.707106781187));
#991 = ORIENTED_EDGE('',*,*,#954,.F.);
#992 = PLANE('',#993);
#993 = AXIS2_PLACEMENT_3D('',#994,#995,#996);
#994 = CARTESIAN_POINT('',(41.75,16.891810779788,-5.845292631182));
#995 = DIRECTION('',(1.,0.,0.));
#996 = DIRECTION('',(0.,0.,1.));
#997 = ADVANCED_FACE('',(#998),#1059,.T.);
#998 = FACE_BOUND('',#999,.T.);
#999 = EDGE_LOOP('',(#1000,#1010,#1019,#1027,#1034,#1035,#1044,#1052));
#1000 = ORIENTED_EDGE('',*,*,#1001,.F.);
#1001 = EDGE_CURVE('',#1002,#1004,#1006,.T.);
#1002 = VERTEX_POINT('',#1003);
#1003 = CARTESIAN_POINT('',(148.25,-2.1E-14,-95.));
#1004 = VERTEX_POINT('',#1005);
#1005 = CARTESIAN_POINT('',(1.75,-2.1E-14,-95.));
#1006 = LINE('',#1007,#1008);
#1007 = CARTESIAN_POINT('',(150.,-2.109E-14,-95.));
#1008 = VECTOR('',#1009,1.);
#1009 = DIRECTION('',(-1.,0.,0.));
#1010 = ORIENTED_EDGE('',*,*,#1011,.F.);
#1011 = EDGE_CURVE('',#1012,#1002,#1014,.T.);
#1012 = VERTEX_POINT('',#1013);
#1013 = CARTESIAN_POINT('',(150.,1.E-15,-93.25));
#1014 = CIRCLE('',#1015,1.75);
#1015 = AXIS2_PLACEMENT_3D('',#1016,#1017,#1018);
#1016 = CARTESIAN_POINT('',(148.25,-6.15E-15,-93.25));
#1017 = DIRECTION('',(0.,1.,-2.2E-16));
#1018 = DIRECTION('',(0.,2.2E-16,1.));
#1019 = ORIENTED_EDGE('',*,*,#1020,.F.);
#1020 = EDGE_CURVE('',#1021,#1012,#1023,.T.);
#1021 = VERTEX_POINT('',#1022);
#1022 = CARTESIAN_POINT('',(150.,0.,-6.15));
#1023 = LINE('',#1024,#1025);
#1024 = CARTESIAN_POINT('',(150.,0.,-4.4));
#1025 = VECTOR('',#1026,1.);
#1026 = DIRECTION('',(0.,0.,-1.));
#1027 = ORIENTED_EDGE('',*,*,#1028,.F.);
#1028 = EDGE_CURVE('',#313,#1021,#1029,.T.);
#1029 = CIRCLE('',#1030,1.75);
#1030 = AXIS2_PLACEMENT_3D('',#1031,#1032,#1033);
#1031 = CARTESIAN_POINT('',(148.25,-6.15E-15,-6.15));
#1032 = DIRECTION('',(0.,1.,-2.2E-16));
#1033 = DIRECTION('',(0.,2.2E-16,1.));
#1034 = ORIENTED_EDGE('',*,*,#310,.F.);
#1035 = ORIENTED_EDGE('',*,*,#1036,.T.);
#1036 = EDGE_CURVE('',#311,#1037,#1039,.T.);
#1037 = VERTEX_POINT('',#1038);
#1038 = CARTESIAN_POINT('',(0.,0.,-6.15));
#1039 = CIRCLE('',#1040,1.75);
#1040 = AXIS2_PLACEMENT_3D('',#1041,#1042,#1043);
#1041 = CARTESIAN_POINT('',(1.75,-7.11E-15,-6.15));
#1042 = DIRECTION('',(0.,-1.,2.2E-16));
#1043 = DIRECTION('',(0.,2.2E-16,1.));
#1044 = ORIENTED_EDGE('',*,*,#1045,.F.);
#1045 = EDGE_CURVE('',#1046,#1037,#1048,.T.);
#1046 = VERTEX_POINT('',#1047);
#1047 = CARTESIAN_POINT('',(0.,0.,-93.25));
#1048 = LINE('',#1049,#1050);
#1049 = CARTESIAN_POINT('',(0.,0.,-5.380000000001));
#1050 = VECTOR('',#1051,1.);
#1051 = DIRECTION('',(0.,0.,1.));
#1052 = ORIENTED_EDGE('',*,*,#1053,.T.);
#1053 = EDGE_CURVE('',#1046,#1004,#1054,.T.);
#1054 = CIRCLE('',#1055,1.75);
#1055 = AXIS2_PLACEMENT_3D('',#1056,#1057,#1058);
#1056 = CARTESIAN_POINT('',(1.75,-7.11E-15,-93.25));
#1057 = DIRECTION('',(0.,-1.,2.2E-16));
#1058 = DIRECTION('',(0.,2.2E-16,1.));
#1059 = PLANE('',#1060);
#1060 = AXIS2_PLACEMENT_3D('',#1061,#1062,#1063);
#1061 = CARTESIAN_POINT('',(74.999960354895,-6.15E-15,-49.70002386441));
#1062 = DIRECTION('',(-0.,-1.,-0.));
#1063 = DIRECTION('',(0.,0.,-1.));
#1064 = ADVANCED_FACE('',(#1065),#1084,.T.);
#1065 = FACE_BOUND('',#1066,.F.);
#1066 = EDGE_LOOP('',(#1067,#1068,#1076,#1083));
#1067 = ORIENTED_EDGE('',*,*,#1036,.T.);
#1068 = ORIENTED_EDGE('',*,*,#1069,.T.);
#1069 = EDGE_CURVE('',#1037,#1070,#1072,.T.);
#1070 = VERTEX_POINT('',#1071);
#1071 = CARTESIAN_POINT('',(0.,76.,-6.15));
#1072 = LINE('',#1073,#1074);
#1073 = CARTESIAN_POINT('',(-2.2E-16,22.8,-6.15));
#1074 = VECTOR('',#1075,1.);
#1075 = DIRECTION('',(0.,1.,-2.2E-16));
#1076 = ORIENTED_EDGE('',*,*,#1077,.F.);
#1077 = EDGE_CURVE('',#329,#1070,#1078,.T.);
#1078 = CIRCLE('',#1079,1.75);
#1079 = AXIS2_PLACEMENT_3D('',#1080,#1081,#1082);
#1080 = CARTESIAN_POINT('',(1.75,76.,-6.15));
#1081 = DIRECTION('',(0.,-1.,2.2E-16));
#1082 = DIRECTION('',(0.,2.2E-16,1.));
#1083 = ORIENTED_EDGE('',*,*,#336,.F.);
#1084 = CYLINDRICAL_SURFACE('',#1085,1.75);
#1085 = AXIS2_PLACEMENT_3D('',#1086,#1087,#1088);
#1086 = CARTESIAN_POINT('',(1.75,22.8,-6.15));
#1087 = DIRECTION('',(0.,1.,-2.2E-16));
#1088 = DIRECTION('',(0.,2.2E-16,1.));
#1089 = ADVANCED_FACE('',(#1090),#1109,.T.);
#1090 = FACE_BOUND('',#1091,.T.);
#1091 = EDGE_LOOP('',(#1092,#1093,#1101,#1108));
#1092 = ORIENTED_EDGE('',*,*,#1028,.T.);
#1093 = ORIENTED_EDGE('',*,*,#1094,.T.);
#1094 = EDGE_CURVE('',#1021,#1095,#1097,.T.);
#1095 = VERTEX_POINT('',#1096);
#1096 = CARTESIAN_POINT('',(150.,76.,-6.15));
#1097 = LINE('',#1098,#1099);
#1098 = CARTESIAN_POINT('',(150.,0.,-6.15));
#1099 = VECTOR('',#1100,1.);
#1100 = DIRECTION('',(0.,1.,-2.2E-16));
#1101 = ORIENTED_EDGE('',*,*,#1102,.F.);
#1102 = EDGE_CURVE('',#321,#1095,#1103,.T.);
#1103 = CIRCLE('',#1104,1.75);
#1104 = AXIS2_PLACEMENT_3D('',#1105,#1106,#1107);
#1105 = CARTESIAN_POINT('',(148.25,76.,-6.15));
#1106 = DIRECTION('',(0.,1.,-2.2E-16));
#1107 = DIRECTION('',(0.,2.2E-16,1.));
#1108 = ORIENTED_EDGE('',*,*,#320,.F.);
#1109 = CYLINDRICAL_SURFACE('',#1110,1.75);
#1110 = AXIS2_PLACEMENT_3D('',#1111,#1112,#1113);
#1111 = CARTESIAN_POINT('',(148.25,0.,-6.15));
#1112 = DIRECTION('',(0.,1.,-2.2E-16));
#1113 = DIRECTION('',(0.,2.2E-16,1.));
#1114 = ADVANCED_FACE('',(#1115,#1160),#1185,.T.);
#1115 = FACE_BOUND('',#1116,.T.);
#1116 = EDGE_LOOP('',(#1117,#1118,#1119,#1127,#1136,#1144,#1153,#1159));
#1117 = ORIENTED_EDGE('',*,*,#328,.F.);
#1118 = ORIENTED_EDGE('',*,*,#1102,.T.);
#1119 = ORIENTED_EDGE('',*,*,#1120,.F.);
#1120 = EDGE_CURVE('',#1121,#1095,#1123,.T.);
#1121 = VERTEX_POINT('',#1122);
#1122 = CARTESIAN_POINT('',(150.,76.,-93.25));
#1123 = LINE('',#1124,#1125);
#1124 = CARTESIAN_POINT('',(150.,76.,-95.));
#1125 = VECTOR('',#1126,1.);
#1126 = DIRECTION('',(0.,0.,1.));
#1127 = ORIENTED_EDGE('',*,*,#1128,.T.);
#1128 = EDGE_CURVE('',#1121,#1129,#1131,.T.);
#1129 = VERTEX_POINT('',#1130);
#1130 = CARTESIAN_POINT('',(148.25,76.,-95.));
#1131 = CIRCLE('',#1132,1.75);
#1132 = AXIS2_PLACEMENT_3D('',#1133,#1134,#1135);
#1133 = CARTESIAN_POINT('',(148.25,76.,-93.25));
#1134 = DIRECTION('',(0.,1.,-2.2E-16));
#1135 = DIRECTION('',(0.,2.2E-16,1.));
#1136 = ORIENTED_EDGE('',*,*,#1137,.F.);
#1137 = EDGE_CURVE('',#1138,#1129,#1140,.T.);
#1138 = VERTEX_POINT('',#1139);
#1139 = CARTESIAN_POINT('',(1.75,76.,-95.));
#1140 = LINE('',#1141,#1142);
#1141 = CARTESIAN_POINT('',(0.,76.,-95.));
#1142 = VECTOR('',#1143,1.);
#1143 = DIRECTION('',(1.,0.,0.));
#1144 = ORIENTED_EDGE('',*,*,#1145,.F.);
#1145 = EDGE_CURVE('',#1146,#1138,#1148,.T.);
#1146 = VERTEX_POINT('',#1147);
#1147 = CARTESIAN_POINT('',(0.,76.,-93.25));
#1148 = CIRCLE('',#1149,1.75);
#1149 = AXIS2_PLACEMENT_3D('',#1150,#1151,#1152);
#1150 = CARTESIAN_POINT('',(1.75,76.,-93.25));
#1151 = DIRECTION('',(0.,-1.,2.2E-16));
#1152 = DIRECTION('',(0.,2.2E-16,1.));
#1153 = ORIENTED_EDGE('',*,*,#1154,.F.);
#1154 = EDGE_CURVE('',#1070,#1146,#1155,.T.);
#1155 = LINE('',#1156,#1157);
#1156 = CARTESIAN_POINT('',(0.,76.,-4.4));
#1157 = VECTOR('',#1158,1.);
#1158 = DIRECTION('',(0.,0.,-1.));
#1159 = ORIENTED_EDGE('',*,*,#1077,.F.);
#1160 = FACE_BOUND('',#1161,.F.);
#1161 = EDGE_LOOP('',(#1162,#1170,#1178,#1184));
#1162 = ORIENTED_EDGE('',*,*,#1163,.T.);
#1163 = EDGE_CURVE('',#582,#1164,#1166,.T.);
#1164 = VERTEX_POINT('',#1165);
#1165 = CARTESIAN_POINT('',(148.,76.,-93.));
#1166 = LINE('',#1167,#1168);
#1167 = CARTESIAN_POINT('',(148.,76.,-6.4));
#1168 = VECTOR('',#1169,1.);
#1169 = DIRECTION('',(0.,0.,-1.));
#1170 = ORIENTED_EDGE('',*,*,#1171,.T.);
#1171 = EDGE_CURVE('',#1164,#1172,#1174,.T.);
#1172 = VERTEX_POINT('',#1173);
#1173 = CARTESIAN_POINT('',(2.,76.,-93.));
#1174 = LINE('',#1175,#1176);
#1175 = CARTESIAN_POINT('',(148.,76.,-93.));
#1176 = VECTOR('',#1177,1.);
#1177 = DIRECTION('',(-1.,0.,0.));
#1178 = ORIENTED_EDGE('',*,*,#1179,.T.);
#1179 = EDGE_CURVE('',#1172,#574,#1180,.T.);
#1180 = LINE('',#1181,#1182);
#1181 = CARTESIAN_POINT('',(2.,76.,-93.));
#1182 = VECTOR('',#1183,1.);
#1183 = DIRECTION('',(0.,0.,1.));
#1184 = ORIENTED_EDGE('',*,*,#581,.T.);
#1185 = PLANE('',#1186);
#1186 = AXIS2_PLACEMENT_3D('',#1187,#1188,#1189);
#1187 = CARTESIAN_POINT('',(75.,76.,-49.7));
#1188 = DIRECTION('',(0.,1.,-2.4E-16));
#1189 = DIRECTION('',(0.,2.4E-16,1.));
#1190 = ADVANCED_FACE('',(#1191),#1239,.T.);
#1191 = FACE_BOUND('',#1192,.T.);
#1192 = EDGE_LOOP('',(#1193,#1201,#1207,#1208,#1216,#1224,#1232,#1238));
#1193 = ORIENTED_EDGE('',*,*,#1194,.T.);
#1194 = EDGE_CURVE('',#347,#1195,#1197,.T.);
#1195 = VERTEX_POINT('',#1196);
#1196 = CARTESIAN_POINT('',(4.55,6.7,-5.9));
#1197 = LINE('',#1198,#1199);
#1198 = CARTESIAN_POINT('',(4.55,6.7,-4.4));
#1199 = VECTOR('',#1200,1.);
#1200 = DIRECTION('',(0.,0.,-1.));
#1201 = ORIENTED_EDGE('',*,*,#1202,.T.);
#1202 = EDGE_CURVE('',#1195,#665,#1203,.T.);
#1203 = LINE('',#1204,#1205);
#1204 = CARTESIAN_POINT('',(4.55,9.084722222222,-3.515277777778));
#1205 = VECTOR('',#1206,1.);
#1206 = DIRECTION('',(0.,-0.707106781187,-0.707106781187));
#1207 = ORIENTED_EDGE('',*,*,#690,.F.);
#1208 = ORIENTED_EDGE('',*,*,#1209,.T.);
#1209 = EDGE_CURVE('',#683,#1210,#1212,.T.);
#1210 = VERTEX_POINT('',#1211);
#1211 = CARTESIAN_POINT('',(4.55,22.8,-5.9));
#1212 = LINE('',#1213,#1214);
#1213 = CARTESIAN_POINT('',(4.55,21.225,-4.325));
#1214 = VECTOR('',#1215,1.);
#1215 = DIRECTION('',(0.,-0.707106781187,0.707106781187));
#1216 = ORIENTED_EDGE('',*,*,#1217,.T.);
#1217 = EDGE_CURVE('',#1210,#1218,#1220,.T.);
#1218 = VERTEX_POINT('',#1219);
#1219 = CARTESIAN_POINT('',(4.55,22.8,-5.6));
#1220 = LINE('',#1221,#1222);
#1221 = CARTESIAN_POINT('',(4.55,22.8,-5.965277777778));
#1222 = VECTOR('',#1223,1.);
#1223 = DIRECTION('',(0.,0.,1.));
#1224 = ORIENTED_EDGE('',*,*,#1225,.F.);
#1225 = EDGE_CURVE('',#1226,#1218,#1228,.T.);
#1226 = VERTEX_POINT('',#1227);
#1227 = CARTESIAN_POINT('',(4.55,21.6,-5.6));
#1228 = LINE('',#1229,#1230);
#1229 = CARTESIAN_POINT('',(4.55,10.3,-5.6));
#1230 = VECTOR('',#1231,1.);
#1231 = DIRECTION('',(0.,1.,-2.2E-16));
#1232 = ORIENTED_EDGE('',*,*,#1233,.F.);
#1233 = EDGE_CURVE('',#345,#1226,#1234,.T.);
#1234 = LINE('',#1235,#1236);
#1235 = CARTESIAN_POINT('',(4.55,21.6,-4.4));
#1236 = VECTOR('',#1237,1.);
#1237 = DIRECTION('',(0.,0.,-1.));
#1238 = ORIENTED_EDGE('',*,*,#344,.T.);
#1239 = PLANE('',#1240);
#1240 = AXIS2_PLACEMENT_3D('',#1241,#1242,#1243);
#1241 = CARTESIAN_POINT('',(4.55,16.369444444444,-5.530555555556));
#1242 = DIRECTION('',(1.,0.,0.));
#1243 = DIRECTION('',(0.,0.,1.));
#1244 = ADVANCED_FACE('',(#1245),#1263,.F.);
#1245 = FACE_BOUND('',#1246,.F.);
#1246 = EDGE_LOOP('',(#1247,#1248,#1256,#1262));
#1247 = ORIENTED_EDGE('',*,*,#354,.F.);
#1248 = ORIENTED_EDGE('',*,*,#1249,.T.);
#1249 = EDGE_CURVE('',#355,#1250,#1252,.T.);
#1250 = VERTEX_POINT('',#1251);
#1251 = CARTESIAN_POINT('',(21.95,21.6,-5.6));
#1252 = LINE('',#1253,#1254);
#1253 = CARTESIAN_POINT('',(21.95,21.6,-4.4));
#1254 = VECTOR('',#1255,1.);
#1255 = DIRECTION('',(0.,0.,-1.));
#1256 = ORIENTED_EDGE('',*,*,#1257,.F.);
#1257 = EDGE_CURVE('',#1226,#1250,#1258,.T.);
#1258 = LINE('',#1259,#1260);
#1259 = CARTESIAN_POINT('',(10.975,21.6,-5.6));
#1260 = VECTOR('',#1261,1.);
#1261 = DIRECTION('',(1.,0.,0.));
#1262 = ORIENTED_EDGE('',*,*,#1233,.F.);
#1263 = PLANE('',#1264);
#1264 = AXIS2_PLACEMENT_3D('',#1265,#1266,#1267);
#1265 = CARTESIAN_POINT('',(21.95,21.6,-4.4));
#1266 = DIRECTION('',(0.,1.,0.));
#1267 = DIRECTION('',(-1.,0.,0.));
#1268 = ADVANCED_FACE('',(#1269),#1310,.T.);
#1269 = FACE_BOUND('',#1270,.T.);
#1270 = EDGE_LOOP('',(#1271,#1279,#1285,#1286,#1287,#1295,#1303,#1309));
#1271 = ORIENTED_EDGE('',*,*,#1272,.F.);
#1272 = EDGE_CURVE('',#1273,#667,#1275,.T.);
#1273 = VERTEX_POINT('',#1274);
#1274 = CARTESIAN_POINT('',(21.95,6.7,-5.9));
#1275 = LINE('',#1276,#1277);
#1276 = CARTESIAN_POINT('',(21.95,8.99070581579,-3.60929418421));
#1277 = VECTOR('',#1278,1.);
#1278 = DIRECTION('',(0.,-0.707106781187,-0.707106781187));
#1279 = ORIENTED_EDGE('',*,*,#1280,.F.);
#1280 = EDGE_CURVE('',#363,#1273,#1281,.T.);
#1281 = LINE('',#1282,#1283);
#1282 = CARTESIAN_POINT('',(21.95,6.7,-4.4));
#1283 = VECTOR('',#1284,1.);
#1284 = DIRECTION('',(0.,0.,-1.));
#1285 = ORIENTED_EDGE('',*,*,#362,.T.);
#1286 = ORIENTED_EDGE('',*,*,#1249,.T.);
#1287 = ORIENTED_EDGE('',*,*,#1288,.T.);
#1288 = EDGE_CURVE('',#1250,#1289,#1291,.T.);
#1289 = VERTEX_POINT('',#1290);
#1290 = CARTESIAN_POINT('',(21.95,22.8,-5.6));
#1291 = LINE('',#1292,#1293);
#1292 = CARTESIAN_POINT('',(21.95,10.3,-5.6));
#1293 = VECTOR('',#1294,1.);
#1294 = DIRECTION('',(0.,1.,-2.2E-16));
#1295 = ORIENTED_EDGE('',*,*,#1296,.F.);
#1296 = EDGE_CURVE('',#1297,#1289,#1299,.T.);
#1297 = VERTEX_POINT('',#1298);
#1298 = CARTESIAN_POINT('',(21.95,22.8,-5.9));
#1299 = LINE('',#1300,#1301);
#1300 = CARTESIAN_POINT('',(21.95,22.8,-6.4));
#1301 = VECTOR('',#1302,1.);
#1302 = DIRECTION('',(0.,0.,1.));
#1303 = ORIENTED_EDGE('',*,*,#1304,.F.);
#1304 = EDGE_CURVE('',#675,#1297,#1305,.T.);
#1305 = LINE('',#1306,#1307);
#1306 = CARTESIAN_POINT('',(21.95,21.379011011699,-4.479011011699));
#1307 = VECTOR('',#1308,1.);
#1308 = DIRECTION('',(0.,-0.707106781187,0.707106781187));
#1309 = ORIENTED_EDGE('',*,*,#674,.T.);
#1310 = PLANE('',#1311);
#1311 = AXIS2_PLACEMENT_3D('',#1312,#1313,#1314);
#1312 = CARTESIAN_POINT('',(21.95,16.489433654979,-6.026610391818));
#1313 = DIRECTION('',(-1.,-0.,-0.));
#1314 = DIRECTION('',(0.,0.,-1.));
#1315 = ADVANCED_FACE('',(#1316),#1327,.F.);
#1316 = FACE_BOUND('',#1317,.F.);
#1317 = EDGE_LOOP('',(#1318,#1319,#1320,#1321));
#1318 = ORIENTED_EDGE('',*,*,#1280,.F.);
#1319 = ORIENTED_EDGE('',*,*,#370,.F.);
#1320 = ORIENTED_EDGE('',*,*,#1194,.T.);
#1321 = ORIENTED_EDGE('',*,*,#1322,.T.);
#1322 = EDGE_CURVE('',#1195,#1273,#1323,.T.);
#1323 = LINE('',#1324,#1325);
#1324 = CARTESIAN_POINT('',(4.55,6.7,-5.9));
#1325 = VECTOR('',#1326,1.);
#1326 = DIRECTION('',(1.,0.,0.));
#1327 = PLANE('',#1328);
#1328 = AXIS2_PLACEMENT_3D('',#1329,#1330,#1331);
#1329 = CARTESIAN_POINT('',(4.55,6.7,0.));
#1330 = DIRECTION('',(0.,-1.,0.));
#1331 = DIRECTION('',(1.,0.,0.));
#1332 = ADVANCED_FACE('',(#1333),#1359,.F.);
#1333 = FACE_BOUND('',#1334,.T.);
#1334 = EDGE_LOOP('',(#1335,#1336,#1344,#1353));
#1335 = ORIENTED_EDGE('',*,*,#464,.T.);
#1336 = ORIENTED_EDGE('',*,*,#1337,.T.);
#1337 = EDGE_CURVE('',#467,#1338,#1340,.T.);
#1338 = VERTEX_POINT('',#1339);
#1339 = CARTESIAN_POINT('',(146.,64.,-8.65));
#1340 = LINE('',#1341,#1342);
#1341 = CARTESIAN_POINT('',(146.,64.,-6.4));
#1342 = VECTOR('',#1343,1.);
#1343 = DIRECTION('',(0.,0.,-1.));
#1344 = ORIENTED_EDGE('',*,*,#1345,.F.);
#1345 = EDGE_CURVE('',#1346,#1338,#1348,.T.);
#1346 = VERTEX_POINT('',#1347);
#1347 = CARTESIAN_POINT('',(148.,62.,-8.65));
#1348 = CIRCLE('',#1349,2.);
#1349 = AXIS2_PLACEMENT_3D('',#1350,#1351,#1352);
#1350 = CARTESIAN_POINT('',(146.,62.,-8.65));
#1351 = DIRECTION('',(-0.,0.,1.));
#1352 = DIRECTION('',(1.,-3.6E-16,0.));
#1353 = ORIENTED_EDGE('',*,*,#1354,.F.);
#1354 = EDGE_CURVE('',#465,#1346,#1355,.T.);
#1355 = LINE('',#1356,#1357);
#1356 = CARTESIAN_POINT('',(148.,62.,-6.4));
#1357 = VECTOR('',#1358,1.);
#1358 = DIRECTION('',(0.,0.,-1.));
#1359 = CYLINDRICAL_SURFACE('',#1360,2.);
#1360 = AXIS2_PLACEMENT_3D('',#1361,#1362,#1363);
#1361 = CARTESIAN_POINT('',(146.,62.,-6.4));
#1362 = DIRECTION('',(0.,0.,-1.));
#1363 = DIRECTION('',(1.,-3.6E-16,0.));
#1364 = ADVANCED_FACE('',(#1365),#1531,.T.);
#1365 = FACE_BOUND('',#1366,.T.);
#1366 = EDGE_LOOP('',(#1367,#1368,#1369,#1383,#1391,#1419,#1427,#1433,
    #1434,#1435,#1443,#1451,#1459,#1487,#1495,#1509,#1517,#1525));
#1367 = ORIENTED_EDGE('',*,*,#475,.T.);
#1368 = ORIENTED_EDGE('',*,*,#1354,.T.);
#1369 = ORIENTED_EDGE('',*,*,#1370,.T.);
#1370 = EDGE_CURVE('',#1346,#1371,#1373,.T.);
#1371 = VERTEX_POINT('',#1372);
#1372 = CARTESIAN_POINT('',(148.,62.,-10.15));
#1373 = ( BOUNDED_CURVE() B_SPLINE_CURVE(8,(#1374,#1375,#1376,#1377,
    #1378,#1379,#1380,#1381,#1382),.UNSPECIFIED.,.F.,.F.) 
B_SPLINE_CURVE_WITH_KNOTS((9,9),(2.25,3.75),.PIECEWISE_BEZIER_KNOTS.) 
CURVE() GEOMETRIC_REPRESENTATION_ITEM() RATIONAL_B_SPLINE_CURVE((1.,1.,
1.,1.,1.,1.,1.,1.,1.)) REPRESENTATION_ITEM('') );
#1374 = CARTESIAN_POINT('',(148.,62.,-8.65));
#1375 = CARTESIAN_POINT('',(148.,62.,-8.8375));
#1376 = CARTESIAN_POINT('',(148.,62.011228192723,-9.025));
#1377 = CARTESIAN_POINT('',(148.,62.01681485935,-9.2125));
#1378 = CARTESIAN_POINT('',(148.,62.021484711781,-9.4));
#1379 = CARTESIAN_POINT('',(148.,62.01681485935,-9.5875));
#1380 = CARTESIAN_POINT('',(148.,62.011228192723,-9.775));
#1381 = CARTESIAN_POINT('',(148.,62.,-9.9625));
#1382 = CARTESIAN_POINT('',(148.,62.,-10.15));
#1383 = ORIENTED_EDGE('',*,*,#1384,.T.);
#1384 = EDGE_CURVE('',#1371,#1385,#1387,.T.);
#1385 = VERTEX_POINT('',#1386);
#1386 = CARTESIAN_POINT('',(148.,62.,-10.4));
#1387 = LINE('',#1388,#1389);
#1388 = CARTESIAN_POINT('',(148.,62.,-6.4));
#1389 = VECTOR('',#1390,1.);
#1390 = DIRECTION('',(0.,0.,-1.));
#1391 = ORIENTED_EDGE('',*,*,#1392,.T.);
#1392 = EDGE_CURVE('',#1385,#1393,#1395,.T.);
#1393 = VERTEX_POINT('',#1394);
#1394 = CARTESIAN_POINT('',(148.,66.,-12.4));
#1395 = B_SPLINE_CURVE_WITH_KNOTS('',8,(#1396,#1397,#1398,#1399,#1400,
    #1401,#1402,#1403,#1404,#1405,#1406,#1407,#1408,#1409,#1410,#1411,
    #1412,#1413,#1414,#1415,#1416,#1417,#1418),.UNSPECIFIED.,.F.,.F.,(9,
    7,7,9),(0.,0.25,0.5,1.),.UNSPECIFIED.);
#1396 = CARTESIAN_POINT('',(148.,62.,-10.4));
#1397 = CARTESIAN_POINT('',(148.,62.,-10.55035767709));
#1398 = CARTESIAN_POINT('',(148.,62.034355436851,-10.69784072924));
#1399 = CARTESIAN_POINT('',(147.99999999999,62.099429774304,
    -10.84075291445));
#1400 = CARTESIAN_POINT('',(148.,62.18552207823,-10.96491561642));
#1401 = CARTESIAN_POINT('',(147.99999999999,62.278540888347,
    -11.08181195508));
#1402 = CARTESIAN_POINT('',(148.,62.385671842537,-11.18946840113));
#1403 = CARTESIAN_POINT('',(148.,62.49738907522,-11.28857590889));
#1404 = CARTESIAN_POINT('',(148.,62.733073738628,-11.47319119427));
#1405 = CARTESIAN_POINT('',(148.,62.856521673336,-11.55850150477));
#1406 = CARTESIAN_POINT('',(148.,62.984056048775,-11.63759240594));
#1407 = CARTESIAN_POINT('',(148.,63.114720599784,-11.71109922576));
#1408 = CARTESIAN_POINT('',(148.,63.24795882958,-11.77952615881));
#1409 = CARTESIAN_POINT('',(148.,63.383450880983,-11.8432577276));
#1410 = CARTESIAN_POINT('',(148.,63.520950407691,-11.90257024399));
#1411 = CARTESIAN_POINT('',(148.,63.938463521124,-12.06778932389));
#1412 = CARTESIAN_POINT('',(148.,64.223672955682,-12.16103423427));
#1413 = CARTESIAN_POINT('',(148.,64.513416899269,-12.23879498271));
#1414 = CARTESIAN_POINT('',(148.,64.80673857149,-12.30173648692));
#1415 = CARTESIAN_POINT('',(148.,65.102999645783,-12.34992271392));
#1416 = CARTESIAN_POINT('',(148.,65.401336816135,-12.38294106029));
#1417 = CARTESIAN_POINT('',(148.,65.700632546062,-12.4));
#1418 = CARTESIAN_POINT('',(148.,66.,-12.4));
#1419 = ORIENTED_EDGE('',*,*,#1420,.T.);
#1420 = EDGE_CURVE('',#1393,#1421,#1423,.T.);
#1421 = VERTEX_POINT('',#1422);
#1422 = CARTESIAN_POINT('',(148.,72.,-12.4));
#1423 = LINE('',#1424,#1425);
#1424 = CARTESIAN_POINT('',(148.,64.,-12.4));
#1425 = VECTOR('',#1426,1.);
#1426 = DIRECTION('',(0.,1.,0.));
#1427 = ORIENTED_EDGE('',*,*,#1428,.T.);
#1428 = EDGE_CURVE('',#1421,#590,#1429,.T.);
#1429 = LINE('',#1430,#1431);
#1430 = CARTESIAN_POINT('',(148.,72.,-12.4));
#1431 = VECTOR('',#1432,1.);
#1432 = DIRECTION('',(0.,0.,1.));
#1433 = ORIENTED_EDGE('',*,*,#589,.T.);
#1434 = ORIENTED_EDGE('',*,*,#1163,.T.);
#1435 = ORIENTED_EDGE('',*,*,#1436,.F.);
#1436 = EDGE_CURVE('',#1437,#1164,#1439,.T.);
#1437 = VERTEX_POINT('',#1438);
#1438 = CARTESIAN_POINT('',(148.,72.,-93.));
#1439 = LINE('',#1440,#1441);
#1440 = CARTESIAN_POINT('',(148.,2.,-93.));
#1441 = VECTOR('',#1442,1.);
#1442 = DIRECTION('',(0.,1.,-2.2E-16));
#1443 = ORIENTED_EDGE('',*,*,#1444,.T.);
#1444 = EDGE_CURVE('',#1437,#1445,#1447,.T.);
#1445 = VERTEX_POINT('',#1446);
#1446 = CARTESIAN_POINT('',(148.,72.,-87.));
#1447 = LINE('',#1448,#1449);
#1448 = CARTESIAN_POINT('',(148.,72.,-93.));
#1449 = VECTOR('',#1450,1.);
#1450 = DIRECTION('',(0.,0.,1.));
#1451 = ORIENTED_EDGE('',*,*,#1452,.T.);
#1452 = EDGE_CURVE('',#1445,#1453,#1455,.T.);
#1453 = VERTEX_POINT('',#1454);
#1454 = CARTESIAN_POINT('',(148.,66.,-87.));
#1455 = LINE('',#1456,#1457);
#1456 = CARTESIAN_POINT('',(148.,72.,-87.));
#1457 = VECTOR('',#1458,1.);
#1458 = DIRECTION('',(0.,-1.,0.));
#1459 = ORIENTED_EDGE('',*,*,#1460,.F.);
#1460 = EDGE_CURVE('',#1461,#1453,#1463,.T.);
#1461 = VERTEX_POINT('',#1462);
#1462 = CARTESIAN_POINT('',(148.,62.,-89.));
#1463 = B_SPLINE_CURVE_WITH_KNOTS('',8,(#1464,#1465,#1466,#1467,#1468,
    #1469,#1470,#1471,#1472,#1473,#1474,#1475,#1476,#1477,#1478,#1479,
    #1480,#1481,#1482,#1483,#1484,#1485,#1486),.UNSPECIFIED.,.F.,.F.,(9,
    7,7,9),(0.,0.25,0.5,1.),.UNSPECIFIED.);
#1464 = CARTESIAN_POINT('',(148.,62.,-89.));
#1465 = CARTESIAN_POINT('',(148.,62.,-88.8496423229));
#1466 = CARTESIAN_POINT('',(148.,62.034355436851,-88.70215927075));
#1467 = CARTESIAN_POINT('',(147.99999999999,62.099429774304,
    -88.55924708554));
#1468 = CARTESIAN_POINT('',(148.,62.185522078229,-88.43508438357));
#1469 = CARTESIAN_POINT('',(147.99999999999,62.278540888347,
    -88.31818804492));
#1470 = CARTESIAN_POINT('',(148.,62.385671842537,-88.21053159886));
#1471 = CARTESIAN_POINT('',(148.,62.49738907522,-88.1114240911));
#1472 = CARTESIAN_POINT('',(148.,62.733073738628,-87.92680880572));
#1473 = CARTESIAN_POINT('',(148.,62.856521673336,-87.84149849522));
#1474 = CARTESIAN_POINT('',(148.,62.984056048775,-87.76240759406));
#1475 = CARTESIAN_POINT('',(148.,63.114720599783,-87.68890077423));
#1476 = CARTESIAN_POINT('',(148.,63.24795882958,-87.62047384118));
#1477 = CARTESIAN_POINT('',(148.,63.383450880983,-87.55674227239));
#1478 = CARTESIAN_POINT('',(148.,63.520950407691,-87.497429756));
#1479 = CARTESIAN_POINT('',(148.,63.938463521124,-87.3322106761));
#1480 = CARTESIAN_POINT('',(148.,64.223672955682,-87.23896576572));
#1481 = CARTESIAN_POINT('',(148.,64.513416899269,-87.16120501728));
#1482 = CARTESIAN_POINT('',(148.,64.806738571491,-87.09826351308));
#1483 = CARTESIAN_POINT('',(148.,65.102999645783,-87.05007728607));
#1484 = CARTESIAN_POINT('',(148.,65.401336816135,-87.01705893971));
#1485 = CARTESIAN_POINT('',(148.,65.700632546062,-86.99999999999));
#1486 = CARTESIAN_POINT('',(148.,66.,-87.));
#1487 = ORIENTED_EDGE('',*,*,#1488,.T.);
#1488 = EDGE_CURVE('',#1461,#1489,#1491,.T.);
#1489 = VERTEX_POINT('',#1490);
#1490 = CARTESIAN_POINT('',(148.,62.,-89.25));
#1491 = LINE('',#1492,#1493);
#1492 = CARTESIAN_POINT('',(148.,62.,-87.));
#1493 = VECTOR('',#1494,1.);
#1494 = DIRECTION('',(0.,0.,-1.));
#1495 = ORIENTED_EDGE('',*,*,#1496,.T.);
#1496 = EDGE_CURVE('',#1489,#1497,#1499,.T.);
#1497 = VERTEX_POINT('',#1498);
#1498 = CARTESIAN_POINT('',(148.,62.,-90.75));
#1499 = ( BOUNDED_CURVE() B_SPLINE_CURVE(8,(#1500,#1501,#1502,#1503,
    #1504,#1505,#1506,#1507,#1508),.UNSPECIFIED.,.F.,.F.) 
B_SPLINE_CURVE_WITH_KNOTS((9,9),(2.25,3.75),.PIECEWISE_BEZIER_KNOTS.) 
CURVE() GEOMETRIC_REPRESENTATION_ITEM() RATIONAL_B_SPLINE_CURVE((1.,1.,
1.,1.,1.,1.,1.,1.,1.)) REPRESENTATION_ITEM('') );
#1500 = CARTESIAN_POINT('',(148.,62.,-89.25));
#1501 = CARTESIAN_POINT('',(148.,62.,-89.4375));
#1502 = CARTESIAN_POINT('',(148.,62.011228192724,-89.625));
#1503 = CARTESIAN_POINT('',(148.,62.01681485935,-89.8125));
#1504 = CARTESIAN_POINT('',(148.,62.021484711781,-90.));
#1505 = CARTESIAN_POINT('',(148.,62.01681485935,-90.1875));
#1506 = CARTESIAN_POINT('',(148.,62.011228192724,-90.375));
#1507 = CARTESIAN_POINT('',(148.,62.,-90.5625));
#1508 = CARTESIAN_POINT('',(148.,62.,-90.75));
#1509 = ORIENTED_EDGE('',*,*,#1510,.T.);
#1510 = EDGE_CURVE('',#1497,#1511,#1513,.T.);
#1511 = VERTEX_POINT('',#1512);
#1512 = CARTESIAN_POINT('',(148.,62.,-93.));
#1513 = LINE('',#1514,#1515);
#1514 = CARTESIAN_POINT('',(148.,62.,-87.));
#1515 = VECTOR('',#1516,1.);
#1516 = DIRECTION('',(0.,0.,-1.));
#1517 = ORIENTED_EDGE('',*,*,#1518,.F.);
#1518 = EDGE_CURVE('',#1519,#1511,#1521,.T.);
#1519 = VERTEX_POINT('',#1520);
#1520 = CARTESIAN_POINT('',(148.,2.,-93.));
#1521 = LINE('',#1522,#1523);
#1522 = CARTESIAN_POINT('',(148.,2.,-93.));
#1523 = VECTOR('',#1524,1.);
#1524 = DIRECTION('',(0.,1.,-2.2E-16));
#1525 = ORIENTED_EDGE('',*,*,#1526,.F.);
#1526 = EDGE_CURVE('',#476,#1519,#1527,.T.);
#1527 = LINE('',#1528,#1529);
#1528 = CARTESIAN_POINT('',(148.,2.,-6.4));
#1529 = VECTOR('',#1530,1.);
#1530 = DIRECTION('',(0.,0.,-1.));
#1531 = PLANE('',#1532);
#1532 = AXIS2_PLACEMENT_3D('',#1533,#1534,#1535);
#1533 = CARTESIAN_POINT('',(148.,39.,-49.7));
#1534 = DIRECTION('',(-1.,3.6E-16,0.));
#1535 = DIRECTION('',(-3.6E-16,-1.,0.));
#1536 = ADVANCED_FACE('',(#1537,#1564,#1584,#1604,#1624),#1644,.T.);
#1537 = FACE_BOUND('',#1538,.T.);
#1538 = EDGE_LOOP('',(#1539,#1547,#1548,#1549,#1557));
#1539 = ORIENTED_EDGE('',*,*,#1540,.F.);
#1540 = EDGE_CURVE('',#484,#1541,#1543,.T.);
#1541 = VERTEX_POINT('',#1542);
#1542 = CARTESIAN_POINT('',(2.,2.,-92.5));
#1543 = LINE('',#1544,#1545);
#1544 = CARTESIAN_POINT('',(2.,2.,-28.4965986943));
#1545 = VECTOR('',#1546,1.);
#1546 = DIRECTION('',(0.,0.,-1.));
#1547 = ORIENTED_EDGE('',*,*,#483,.T.);
#1548 = ORIENTED_EDGE('',*,*,#1526,.T.);
#1549 = ORIENTED_EDGE('',*,*,#1550,.F.);
#1550 = EDGE_CURVE('',#1551,#1519,#1553,.T.);
#1551 = VERTEX_POINT('',#1552);
#1552 = CARTESIAN_POINT('',(2.5,2.,-93.));
#1553 = LINE('',#1554,#1555);
#1554 = CARTESIAN_POINT('',(60.,2.,-93.));
#1555 = VECTOR('',#1556,1.);
#1556 = DIRECTION('',(1.,0.,0.));
#1557 = ORIENTED_EDGE('',*,*,#1558,.T.);
#1558 = EDGE_CURVE('',#1551,#1541,#1559,.T.);
#1559 = CIRCLE('',#1560,0.5);
#1560 = AXIS2_PLACEMENT_3D('',#1561,#1562,#1563);
#1561 = CARTESIAN_POINT('',(2.5,2.,-92.5));
#1562 = DIRECTION('',(0.,1.,0.));
#1563 = DIRECTION('',(0.,0.,-1.));
#1564 = FACE_BOUND('',#1565,.T.);
#1565 = EDGE_LOOP('',(#1566,#1577));
#1566 = ORIENTED_EDGE('',*,*,#1567,.F.);
#1567 = EDGE_CURVE('',#1568,#1570,#1572,.T.);
#1568 = VERTEX_POINT('',#1569);
#1569 = CARTESIAN_POINT('',(3.1,2.,-88.15));
#1570 = VERTEX_POINT('',#1571);
#1571 = CARTESIAN_POINT('',(9.9,2.,-88.15));
#1572 = CIRCLE('',#1573,3.4);
#1573 = AXIS2_PLACEMENT_3D('',#1574,#1575,#1576);
#1574 = CARTESIAN_POINT('',(6.5,2.,-88.15));
#1575 = DIRECTION('',(0.,1.,-0.));
#1576 = DIRECTION('',(-1.,0.,0.));
#1577 = ORIENTED_EDGE('',*,*,#1578,.F.);
#1578 = EDGE_CURVE('',#1570,#1568,#1579,.T.);
#1579 = CIRCLE('',#1580,3.4);
#1580 = AXIS2_PLACEMENT_3D('',#1581,#1582,#1583);
#1581 = CARTESIAN_POINT('',(6.5,2.,-88.15));
#1582 = DIRECTION('',(-0.,1.,0.));
#1583 = DIRECTION('',(1.,0.,0.));
#1584 = FACE_BOUND('',#1585,.T.);
#1585 = EDGE_LOOP('',(#1586,#1597));
#1586 = ORIENTED_EDGE('',*,*,#1587,.F.);
#1587 = EDGE_CURVE('',#1588,#1590,#1592,.T.);
#1588 = VERTEX_POINT('',#1589);
#1589 = CARTESIAN_POINT('',(58.9,2.,-88.15));
#1590 = VERTEX_POINT('',#1591);
#1591 = CARTESIAN_POINT('',(52.1,2.,-88.15));
#1592 = CIRCLE('',#1593,3.4);
#1593 = AXIS2_PLACEMENT_3D('',#1594,#1595,#1596);
#1594 = CARTESIAN_POINT('',(55.5,2.,-88.15));
#1595 = DIRECTION('',(-0.,1.,0.));
#1596 = DIRECTION('',(1.,0.,0.));
#1597 = ORIENTED_EDGE('',*,*,#1598,.F.);
#1598 = EDGE_CURVE('',#1590,#1588,#1599,.T.);
#1599 = CIRCLE('',#1600,3.4);
#1600 = AXIS2_PLACEMENT_3D('',#1601,#1602,#1603);
#1601 = CARTESIAN_POINT('',(55.5,2.,-88.15));
#1602 = DIRECTION('',(0.,1.,-0.));
#1603 = DIRECTION('',(-1.,0.,0.));
#1604 = FACE_BOUND('',#1605,.T.);
#1605 = EDGE_LOOP('',(#1606,#1617));
#1606 = ORIENTED_EDGE('',*,*,#1607,.F.);
#1607 = EDGE_CURVE('',#1608,#1610,#1612,.T.);
#1608 = VERTEX_POINT('',#1609);
#1609 = CARTESIAN_POINT('',(3.1,2.,-30.15));
#1610 = VERTEX_POINT('',#1611);
#1611 = CARTESIAN_POINT('',(9.9,2.,-30.15));
#1612 = CIRCLE('',#1613,3.4);
#1613 = AXIS2_PLACEMENT_3D('',#1614,#1615,#1616);
#1614 = CARTESIAN_POINT('',(6.5,2.,-30.15));
#1615 = DIRECTION('',(0.,1.,-0.));
#1616 = DIRECTION('',(-1.,0.,0.));
#1617 = ORIENTED_EDGE('',*,*,#1618,.F.);
#1618 = EDGE_CURVE('',#1610,#1608,#1619,.T.);
#1619 = CIRCLE('',#1620,3.4);
#1620 = AXIS2_PLACEMENT_3D('',#1621,#1622,#1623);
#1621 = CARTESIAN_POINT('',(6.5,2.,-30.15));
#1622 = DIRECTION('',(-0.,1.,0.));
#1623 = DIRECTION('',(1.,0.,0.));
#1624 = FACE_BOUND('',#1625,.T.);
#1625 = EDGE_LOOP('',(#1626,#1637));
#1626 = ORIENTED_EDGE('',*,*,#1627,.F.);
#1627 = EDGE_CURVE('',#1628,#1630,#1632,.T.);
#1628 = VERTEX_POINT('',#1629);
#1629 = CARTESIAN_POINT('',(52.1,2.,-30.15));
#1630 = VERTEX_POINT('',#1631);
#1631 = CARTESIAN_POINT('',(58.9,2.,-30.15));
#1632 = CIRCLE('',#1633,3.4);
#1633 = AXIS2_PLACEMENT_3D('',#1634,#1635,#1636);
#1634 = CARTESIAN_POINT('',(55.5,2.,-30.15));
#1635 = DIRECTION('',(0.,1.,-0.));
#1636 = DIRECTION('',(-1.,0.,0.));
#1637 = ORIENTED_EDGE('',*,*,#1638,.F.);
#1638 = EDGE_CURVE('',#1630,#1628,#1639,.T.);
#1639 = CIRCLE('',#1640,3.4);
#1640 = AXIS2_PLACEMENT_3D('',#1641,#1642,#1643);
#1641 = CARTESIAN_POINT('',(55.5,2.,-30.15));
#1642 = DIRECTION('',(-0.,1.,0.));
#1643 = DIRECTION('',(1.,0.,0.));
#1644 = PLANE('',#1645);
#1645 = AXIS2_PLACEMENT_3D('',#1646,#1647,#1648);
#1646 = CARTESIAN_POINT('',(75.035142373303,2.,-49.67913624872));
#1647 = DIRECTION('',(0.,1.,-2.4E-16));
#1648 = DIRECTION('',(0.,2.4E-16,1.));
#1649 = ADVANCED_FACE('',(#1650,#1868,#1902,#1968),#1988,.T.);
#1650 = FACE_BOUND('',#1651,.T.);
#1651 = EDGE_LOOP('',(#1652,#1662,#1670,#1682,#1694,#1702,#1730,#1738,
    #1746,#1752,#1753,#1754,#1762,#1770,#1798,#1806,#1818,#1830,#1836,
    #1837,#1838,#1846,#1854,#1862));
#1652 = ORIENTED_EDGE('',*,*,#1653,.T.);
#1653 = EDGE_CURVE('',#1654,#1656,#1658,.T.);
#1654 = VERTEX_POINT('',#1655);
#1655 = CARTESIAN_POINT('',(2.,18.53,-93.));
#1656 = VERTEX_POINT('',#1657);
#1657 = CARTESIAN_POINT('',(2.,62.,-93.));
#1658 = LINE('',#1659,#1660);
#1659 = CARTESIAN_POINT('',(2.,18.53,-93.));
#1660 = VECTOR('',#1661,1.);
#1661 = DIRECTION('',(0.,1.,-2.2E-16));
#1662 = ORIENTED_EDGE('',*,*,#1663,.F.);
#1663 = EDGE_CURVE('',#1664,#1656,#1666,.T.);
#1664 = VERTEX_POINT('',#1665);
#1665 = CARTESIAN_POINT('',(2.,62.,-90.75));
#1666 = LINE('',#1667,#1668);
#1667 = CARTESIAN_POINT('',(2.,62.,-87.));
#1668 = VECTOR('',#1669,1.);
#1669 = DIRECTION('',(0.,0.,-1.));
#1670 = ORIENTED_EDGE('',*,*,#1671,.F.);
#1671 = EDGE_CURVE('',#1672,#1664,#1674,.T.);
#1672 = VERTEX_POINT('',#1673);
#1673 = CARTESIAN_POINT('',(2.,62.015686516702,-90.));
#1674 = ( BOUNDED_CURVE() B_SPLINE_CURVE(6,(#1675,#1676,#1677,#1678,
#1679,#1680,#1681),.UNSPECIFIED.,.F.,.F.) B_SPLINE_CURVE_WITH_KNOTS((7,7
),(3.,3.75),.PIECEWISE_BEZIER_KNOTS.) CURVE() 
GEOMETRIC_REPRESENTATION_ITEM() RATIONAL_B_SPLINE_CURVE((1.,1.,1.,1.,1.,
1.,1.)) REPRESENTATION_ITEM('') );
#1675 = CARTESIAN_POINT('',(2.,62.015686516702,-90.));
#1676 = CARTESIAN_POINT('',(2.,62.015686516702,-90.125));
#1677 = CARTESIAN_POINT('',(2.,62.013826901056,-90.25));
#1678 = CARTESIAN_POINT('',(2.,62.009915946019,-90.375));
#1679 = CARTESIAN_POINT('',(2.,62.005217605905,-90.5));
#1680 = CARTESIAN_POINT('',(2.,62.,-90.625));
#1681 = CARTESIAN_POINT('',(2.,62.,-90.75));
#1682 = ORIENTED_EDGE('',*,*,#1683,.F.);
#1683 = EDGE_CURVE('',#1684,#1672,#1686,.T.);
#1684 = VERTEX_POINT('',#1685);
#1685 = CARTESIAN_POINT('',(2.,62.,-89.25));
#1686 = ( BOUNDED_CURVE() B_SPLINE_CURVE(6,(#1687,#1688,#1689,#1690,
#1691,#1692,#1693),.UNSPECIFIED.,.F.,.F.) B_SPLINE_CURVE_WITH_KNOTS((7,7
),(2.25,3.),.PIECEWISE_BEZIER_KNOTS.) CURVE() 
GEOMETRIC_REPRESENTATION_ITEM() RATIONAL_B_SPLINE_CURVE((1.,1.,1.,1.,1.,
1.,1.)) REPRESENTATION_ITEM('') );
#1687 = CARTESIAN_POINT('',(2.,62.,-89.25));
#1688 = CARTESIAN_POINT('',(2.,62.,-89.375));
#1689 = CARTESIAN_POINT('',(2.,62.005217605905,-89.5));
#1690 = CARTESIAN_POINT('',(2.,62.009915946019,-89.625));
#1691 = CARTESIAN_POINT('',(2.,62.013826901056,-89.75));
#1692 = CARTESIAN_POINT('',(2.,62.015686516702,-89.875));
#1693 = CARTESIAN_POINT('',(2.,62.015686516702,-90.));
#1694 = ORIENTED_EDGE('',*,*,#1695,.F.);
#1695 = EDGE_CURVE('',#1696,#1684,#1698,.T.);
#1696 = VERTEX_POINT('',#1697);
#1697 = CARTESIAN_POINT('',(2.,62.,-89.));
#1698 = LINE('',#1699,#1700);
#1699 = CARTESIAN_POINT('',(2.,62.,-87.));
#1700 = VECTOR('',#1701,1.);
#1701 = DIRECTION('',(0.,0.,-1.));
#1702 = ORIENTED_EDGE('',*,*,#1703,.T.);
#1703 = EDGE_CURVE('',#1696,#1704,#1706,.T.);
#1704 = VERTEX_POINT('',#1705);
#1705 = CARTESIAN_POINT('',(2.,66.,-87.));
#1706 = B_SPLINE_CURVE_WITH_KNOTS('',8,(#1707,#1708,#1709,#1710,#1711,
    #1712,#1713,#1714,#1715,#1716,#1717,#1718,#1719,#1720,#1721,#1722,
    #1723,#1724,#1725,#1726,#1727,#1728,#1729),.UNSPECIFIED.,.F.,.F.,(9,
    7,7,9),(0.,0.25,0.5,1.),.UNSPECIFIED.);
#1707 = CARTESIAN_POINT('',(2.,62.,-89.));
#1708 = CARTESIAN_POINT('',(2.,62.,-88.8496423229));
#1709 = CARTESIAN_POINT('',(2.,62.034355436851,-88.70215927075));
#1710 = CARTESIAN_POINT('',(2.,62.099429774304,-88.55924708554));
#1711 = CARTESIAN_POINT('',(2.,62.185522078229,-88.43508438356));
#1712 = CARTESIAN_POINT('',(2.,62.278540888347,-88.31818804492));
#1713 = CARTESIAN_POINT('',(2.,62.385671842537,-88.21053159885));
#1714 = CARTESIAN_POINT('',(2.,62.49738907522,-88.1114240911));
#1715 = CARTESIAN_POINT('',(2.,62.733073738628,-87.92680880572));
#1716 = CARTESIAN_POINT('',(2.,62.856521673336,-87.84149849522));
#1717 = CARTESIAN_POINT('',(2.,62.984056048775,-87.76240759405));
#1718 = CARTESIAN_POINT('',(2.,63.114720599783,-87.68890077423));
#1719 = CARTESIAN_POINT('',(2.,63.24795882958,-87.62047384118));
#1720 = CARTESIAN_POINT('',(2.,63.383450880983,-87.55674227239));
#1721 = CARTESIAN_POINT('',(2.,63.520950407691,-87.497429756));
#1722 = CARTESIAN_POINT('',(2.,63.938463521124,-87.3322106761));
#1723 = CARTESIAN_POINT('',(2.,64.223672955681,-87.23896576572));
#1724 = CARTESIAN_POINT('',(2.,64.51341689927,-87.16120501728));
#1725 = CARTESIAN_POINT('',(2.,64.806738571489,-87.09826351308));
#1726 = CARTESIAN_POINT('',(2.,65.102999645784,-87.05007728607));
#1727 = CARTESIAN_POINT('',(2.,65.401336816134,-87.0170589397));
#1728 = CARTESIAN_POINT('',(2.,65.700632546062,-87.));
#1729 = CARTESIAN_POINT('',(2.,66.,-87.));
#1730 = ORIENTED_EDGE('',*,*,#1731,.F.);
#1731 = EDGE_CURVE('',#1732,#1704,#1734,.T.);
#1732 = VERTEX_POINT('',#1733);
#1733 = CARTESIAN_POINT('',(2.,72.,-87.));
#1734 = LINE('',#1735,#1736);
#1735 = CARTESIAN_POINT('',(2.,72.,-87.));
#1736 = VECTOR('',#1737,1.);
#1737 = DIRECTION('',(0.,-1.,0.));
#1738 = ORIENTED_EDGE('',*,*,#1739,.F.);
#1739 = EDGE_CURVE('',#1740,#1732,#1742,.T.);
#1740 = VERTEX_POINT('',#1741);
#1741 = CARTESIAN_POINT('',(2.,72.,-93.));
#1742 = LINE('',#1743,#1744);
#1743 = CARTESIAN_POINT('',(2.,72.,-93.));
#1744 = VECTOR('',#1745,1.);
#1745 = DIRECTION('',(0.,0.,1.));
#1746 = ORIENTED_EDGE('',*,*,#1747,.T.);
#1747 = EDGE_CURVE('',#1740,#1172,#1748,.T.);
#1748 = LINE('',#1749,#1750);
#1749 = CARTESIAN_POINT('',(2.,18.53,-93.));
#1750 = VECTOR('',#1751,1.);
#1751 = DIRECTION('',(0.,1.,-2.2E-16));
#1752 = ORIENTED_EDGE('',*,*,#1179,.T.);
#1753 = ORIENTED_EDGE('',*,*,#573,.F.);
#1754 = ORIENTED_EDGE('',*,*,#1755,.T.);
#1755 = EDGE_CURVE('',#566,#1756,#1758,.T.);
#1756 = VERTEX_POINT('',#1757);
#1757 = CARTESIAN_POINT('',(2.,72.,-12.4));
#1758 = LINE('',#1759,#1760);
#1759 = CARTESIAN_POINT('',(2.,72.,-6.4));
#1760 = VECTOR('',#1761,1.);
#1761 = DIRECTION('',(0.,0.,-1.));
#1762 = ORIENTED_EDGE('',*,*,#1763,.T.);
#1763 = EDGE_CURVE('',#1756,#1764,#1766,.T.);
#1764 = VERTEX_POINT('',#1765);
#1765 = CARTESIAN_POINT('',(2.,66.,-12.4));
#1766 = LINE('',#1767,#1768);
#1767 = CARTESIAN_POINT('',(2.,72.,-12.4));
#1768 = VECTOR('',#1769,1.);
#1769 = DIRECTION('',(0.,-1.,0.));
#1770 = ORIENTED_EDGE('',*,*,#1771,.F.);
#1771 = EDGE_CURVE('',#1772,#1764,#1774,.T.);
#1772 = VERTEX_POINT('',#1773);
#1773 = CARTESIAN_POINT('',(2.,62.,-10.4));
#1774 = B_SPLINE_CURVE_WITH_KNOTS('',8,(#1775,#1776,#1777,#1778,#1779,
    #1780,#1781,#1782,#1783,#1784,#1785,#1786,#1787,#1788,#1789,#1790,
    #1791,#1792,#1793,#1794,#1795,#1796,#1797),.UNSPECIFIED.,.F.,.F.,(9,
    7,7,9),(0.,0.25,0.5,1.),.UNSPECIFIED.);
#1775 = CARTESIAN_POINT('',(2.,62.,-10.4));
#1776 = CARTESIAN_POINT('',(2.,62.,-10.55035767709));
#1777 = CARTESIAN_POINT('',(2.,62.034355436851,-10.69784072924));
#1778 = CARTESIAN_POINT('',(2.,62.099429774304,-10.84075291445));
#1779 = CARTESIAN_POINT('',(2.,62.185522078228,-10.96491561642));
#1780 = CARTESIAN_POINT('',(2.,62.278540888347,-11.08181195508));
#1781 = CARTESIAN_POINT('',(2.,62.385671842536,-11.18946840113));
#1782 = CARTESIAN_POINT('',(2.,62.49738907522,-11.28857590889));
#1783 = CARTESIAN_POINT('',(2.,62.733073738627,-11.47319119427));
#1784 = CARTESIAN_POINT('',(2.,62.856521673335,-11.55850150477));
#1785 = CARTESIAN_POINT('',(2.,62.984056048775,-11.63759240593));
#1786 = CARTESIAN_POINT('',(2.,63.114720599783,-11.71109922576));
#1787 = CARTESIAN_POINT('',(2.,63.247958829579,-11.77952615881));
#1788 = CARTESIAN_POINT('',(2.,63.383450880983,-11.8432577276));
#1789 = CARTESIAN_POINT('',(2.,63.52095040769,-11.90257024399));
#1790 = CARTESIAN_POINT('',(2.,63.938463521124,-12.06778932389));
#1791 = CARTESIAN_POINT('',(2.,64.223672955681,-12.16103423427));
#1792 = CARTESIAN_POINT('',(2.,64.513416899269,-12.23879498271));
#1793 = CARTESIAN_POINT('',(2.,64.80673857149,-12.30173648692));
#1794 = CARTESIAN_POINT('',(2.,65.102999645783,-12.34992271392));
#1795 = CARTESIAN_POINT('',(2.,65.401336816135,-12.38294106029));
#1796 = CARTESIAN_POINT('',(2.,65.700632546062,-12.4));
#1797 = CARTESIAN_POINT('',(2.,66.,-12.4));
#1798 = ORIENTED_EDGE('',*,*,#1799,.T.);
#1799 = EDGE_CURVE('',#1772,#1800,#1802,.T.);
#1800 = VERTEX_POINT('',#1801);
#1801 = CARTESIAN_POINT('',(2.,62.,-10.15));
#1802 = LINE('',#1803,#1804);
#1803 = CARTESIAN_POINT('',(2.,62.,-12.4));
#1804 = VECTOR('',#1805,1.);
#1805 = DIRECTION('',(0.,0.,1.));
#1806 = ORIENTED_EDGE('',*,*,#1807,.T.);
#1807 = EDGE_CURVE('',#1800,#1808,#1810,.T.);
#1808 = VERTEX_POINT('',#1809);
#1809 = CARTESIAN_POINT('',(2.,62.015686516702,-9.4));
#1810 = ( BOUNDED_CURVE() B_SPLINE_CURVE(6,(#1811,#1812,#1813,#1814,
#1815,#1816,#1817),.UNSPECIFIED.,.F.,.F.) B_SPLINE_CURVE_WITH_KNOTS((7,7
),(2.25,3.),.PIECEWISE_BEZIER_KNOTS.) CURVE() 
GEOMETRIC_REPRESENTATION_ITEM() RATIONAL_B_SPLINE_CURVE((1.,1.,1.,1.,1.,
1.,1.)) REPRESENTATION_ITEM('') );
#1811 = CARTESIAN_POINT('',(2.,62.,-10.15));
#1812 = CARTESIAN_POINT('',(2.,62.,-10.025));
#1813 = CARTESIAN_POINT('',(2.,62.005217605905,-9.9));
#1814 = CARTESIAN_POINT('',(2.,62.009915946019,-9.775));
#1815 = CARTESIAN_POINT('',(2.,62.013826901056,-9.65));
#1816 = CARTESIAN_POINT('',(2.,62.015686516702,-9.525));
#1817 = CARTESIAN_POINT('',(2.,62.015686516702,-9.4));
#1818 = ORIENTED_EDGE('',*,*,#1819,.T.);
#1819 = EDGE_CURVE('',#1808,#1820,#1822,.T.);
#1820 = VERTEX_POINT('',#1821);
#1821 = CARTESIAN_POINT('',(2.,62.,-8.65));
#1822 = ( BOUNDED_CURVE() B_SPLINE_CURVE(6,(#1823,#1824,#1825,#1826,
#1827,#1828,#1829),.UNSPECIFIED.,.F.,.F.) B_SPLINE_CURVE_WITH_KNOTS((7,7
),(3.,3.75),.PIECEWISE_BEZIER_KNOTS.) CURVE() 
GEOMETRIC_REPRESENTATION_ITEM() RATIONAL_B_SPLINE_CURVE((1.,1.,1.,1.,1.,
1.,1.)) REPRESENTATION_ITEM('') );
#1823 = CARTESIAN_POINT('',(2.,62.015686516702,-9.4));
#1824 = CARTESIAN_POINT('',(2.,62.015686516702,-9.275));
#1825 = CARTESIAN_POINT('',(2.,62.013826901056,-9.15));
#1826 = CARTESIAN_POINT('',(2.,62.009915946019,-9.025));
#1827 = CARTESIAN_POINT('',(2.,62.005217605905,-8.9));
#1828 = CARTESIAN_POINT('',(2.,62.,-8.775));
#1829 = CARTESIAN_POINT('',(2.,62.,-8.65));
#1830 = ORIENTED_EDGE('',*,*,#1831,.T.);
#1831 = EDGE_CURVE('',#1820,#492,#1832,.T.);
#1832 = LINE('',#1833,#1834);
#1833 = CARTESIAN_POINT('',(2.,62.,-12.4));
#1834 = VECTOR('',#1835,1.);
#1835 = DIRECTION('',(0.,0.,1.));
#1836 = ORIENTED_EDGE('',*,*,#491,.T.);
#1837 = ORIENTED_EDGE('',*,*,#1540,.T.);
#1838 = ORIENTED_EDGE('',*,*,#1839,.T.);
#1839 = EDGE_CURVE('',#1541,#1840,#1842,.T.);
#1840 = VERTEX_POINT('',#1841);
#1841 = CARTESIAN_POINT('',(2.,10.3,-92.5));
#1842 = LINE('',#1843,#1844);
#1843 = CARTESIAN_POINT('',(2.,2.,-92.5));
#1844 = VECTOR('',#1845,1.);
#1845 = DIRECTION('',(0.,1.,0.));
#1846 = ORIENTED_EDGE('',*,*,#1847,.T.);
#1847 = EDGE_CURVE('',#1840,#1848,#1850,.T.);
#1848 = VERTEX_POINT('',#1849);
#1849 = CARTESIAN_POINT('',(2.,10.3,-92.));
#1850 = LINE('',#1851,#1852);
#1851 = CARTESIAN_POINT('',(2.,10.3,-92.5));
#1852 = VECTOR('',#1853,1.);
#1853 = DIRECTION('',(0.,0.,1.));
#1854 = ORIENTED_EDGE('',*,*,#1855,.T.);
#1855 = EDGE_CURVE('',#1848,#1856,#1858,.T.);
#1856 = VERTEX_POINT('',#1857);
#1857 = CARTESIAN_POINT('',(2.,18.53,-92.));
#1858 = LINE('',#1859,#1860);
#1859 = CARTESIAN_POINT('',(2.,10.3,-92.));
#1860 = VECTOR('',#1861,1.);
#1861 = DIRECTION('',(0.,1.,0.));
#1862 = ORIENTED_EDGE('',*,*,#1863,.T.);
#1863 = EDGE_CURVE('',#1856,#1654,#1864,.T.);
#1864 = LINE('',#1865,#1866);
#1865 = CARTESIAN_POINT('',(2.,18.53,-6.4));
#1866 = VECTOR('',#1867,1.);
#1867 = DIRECTION('',(0.,0.,-1.));
#1868 = FACE_BOUND('',#1869,.T.);
#1869 = EDGE_LOOP('',(#1870,#1880,#1888,#1896));
#1870 = ORIENTED_EDGE('',*,*,#1871,.F.);
#1871 = EDGE_CURVE('',#1872,#1874,#1876,.T.);
#1872 = VERTEX_POINT('',#1873);
#1873 = CARTESIAN_POINT('',(2.,16.73,-71.65));
#1874 = VERTEX_POINT('',#1875);
#1875 = CARTESIAN_POINT('',(2.,16.73,-47.65));
#1876 = LINE('',#1877,#1878);
#1877 = CARTESIAN_POINT('',(2.,16.73,-71.65));
#1878 = VECTOR('',#1879,1.);
#1879 = DIRECTION('',(0.,0.,1.));
#1880 = ORIENTED_EDGE('',*,*,#1881,.F.);
#1881 = EDGE_CURVE('',#1882,#1872,#1884,.T.);
#1882 = VERTEX_POINT('',#1883);
#1883 = CARTESIAN_POINT('',(2.,5.68,-71.65));
#1884 = LINE('',#1885,#1886);
#1885 = CARTESIAN_POINT('',(2.,10.3,-71.65));
#1886 = VECTOR('',#1887,1.);
#1887 = DIRECTION('',(0.,1.,0.));
#1888 = ORIENTED_EDGE('',*,*,#1889,.T.);
#1889 = EDGE_CURVE('',#1882,#1890,#1892,.T.);
#1890 = VERTEX_POINT('',#1891);
#1891 = CARTESIAN_POINT('',(2.,5.68,-47.65));
#1892 = LINE('',#1893,#1894);
#1893 = CARTESIAN_POINT('',(2.,5.68,-71.65));
#1894 = VECTOR('',#1895,1.);
#1895 = DIRECTION('',(0.,0.,1.));
#1896 = ORIENTED_EDGE('',*,*,#1897,.T.);
#1897 = EDGE_CURVE('',#1890,#1874,#1898,.T.);
#1898 = LINE('',#1899,#1900);
#1899 = CARTESIAN_POINT('',(2.,5.68,-47.65));
#1900 = VECTOR('',#1901,1.);
#1901 = DIRECTION('',(0.,1.,0.));
#1902 = FACE_BOUND('',#1903,.T.);
#1903 = EDGE_LOOP('',(#1904,#1914,#1922,#1930,#1938,#1946,#1954,#1962));
#1904 = ORIENTED_EDGE('',*,*,#1905,.T.);
#1905 = EDGE_CURVE('',#1906,#1908,#1910,.T.);
#1906 = VERTEX_POINT('',#1907);
#1907 = CARTESIAN_POINT('',(2.,10.3,-73.55));
#1908 = VERTEX_POINT('',#1909);
#1909 = CARTESIAN_POINT('',(2.,10.3,-74.55));
#1910 = LINE('',#1911,#1912);
#1911 = CARTESIAN_POINT('',(2.,10.3,-71.65));
#1912 = VECTOR('',#1913,1.);
#1913 = DIRECTION('',(0.,0.,-1.));
#1914 = ORIENTED_EDGE('',*,*,#1915,.F.);
#1915 = EDGE_CURVE('',#1916,#1908,#1918,.T.);
#1916 = VERTEX_POINT('',#1917);
#1917 = CARTESIAN_POINT('',(2.,12.8,-74.55));
#1918 = LINE('',#1919,#1920);
#1919 = CARTESIAN_POINT('',(2.,12.8,-74.55));
#1920 = VECTOR('',#1921,1.);
#1921 = DIRECTION('',(0.,-1.,0.));
#1922 = ORIENTED_EDGE('',*,*,#1923,.F.);
#1923 = EDGE_CURVE('',#1924,#1916,#1926,.T.);
#1924 = VERTEX_POINT('',#1925);
#1925 = CARTESIAN_POINT('',(2.,12.8,-87.55));
#1926 = LINE('',#1927,#1928);
#1927 = CARTESIAN_POINT('',(2.,12.8,-87.55));
#1928 = VECTOR('',#1929,1.);
#1929 = DIRECTION('',(0.,0.,1.));
#1930 = ORIENTED_EDGE('',*,*,#1931,.F.);
#1931 = EDGE_CURVE('',#1932,#1924,#1934,.T.);
#1932 = VERTEX_POINT('',#1933);
#1933 = CARTESIAN_POINT('',(2.,10.3,-87.55));
#1934 = LINE('',#1935,#1936);
#1935 = CARTESIAN_POINT('',(2.,10.3,-87.55));
#1936 = VECTOR('',#1937,1.);
#1937 = DIRECTION('',(0.,1.,0.));
#1938 = ORIENTED_EDGE('',*,*,#1939,.T.);
#1939 = EDGE_CURVE('',#1932,#1940,#1942,.T.);
#1940 = VERTEX_POINT('',#1941);
#1941 = CARTESIAN_POINT('',(2.,10.3,-88.55));
#1942 = LINE('',#1943,#1944);
#1943 = CARTESIAN_POINT('',(2.,10.3,-87.55));
#1944 = VECTOR('',#1945,1.);
#1945 = DIRECTION('',(0.,0.,-1.));
#1946 = ORIENTED_EDGE('',*,*,#1947,.F.);
#1947 = EDGE_CURVE('',#1948,#1940,#1950,.T.);
#1948 = VERTEX_POINT('',#1949);
#1949 = CARTESIAN_POINT('',(2.,4.55,-88.55));
#1950 = LINE('',#1951,#1952);
#1951 = CARTESIAN_POINT('',(2.,4.55,-88.55));
#1952 = VECTOR('',#1953,1.);
#1953 = DIRECTION('',(0.,1.,0.));
#1954 = ORIENTED_EDGE('',*,*,#1955,.F.);
#1955 = EDGE_CURVE('',#1956,#1948,#1958,.T.);
#1956 = VERTEX_POINT('',#1957);
#1957 = CARTESIAN_POINT('',(2.,4.55,-73.55));
#1958 = LINE('',#1959,#1960);
#1959 = CARTESIAN_POINT('',(2.,4.55,-73.55));
#1960 = VECTOR('',#1961,1.);
#1961 = DIRECTION('',(0.,0.,-1.));
#1962 = ORIENTED_EDGE('',*,*,#1963,.F.);
#1963 = EDGE_CURVE('',#1906,#1956,#1964,.T.);
#1964 = LINE('',#1965,#1966);
#1965 = CARTESIAN_POINT('',(2.,10.3,-73.55));
#1966 = VECTOR('',#1967,1.);
#1967 = DIRECTION('',(0.,-1.,0.));
#1968 = FACE_BOUND('',#1969,.T.);
#1969 = EDGE_LOOP('',(#1970,#1981));
#1970 = ORIENTED_EDGE('',*,*,#1971,.T.);
#1971 = EDGE_CURVE('',#1972,#1974,#1976,.T.);
#1972 = VERTEX_POINT('',#1973);
#1973 = CARTESIAN_POINT('',(2.,10.3,-34.65));
#1974 = VERTEX_POINT('',#1975);
#1975 = CARTESIAN_POINT('',(2.,10.3,-41.65));
#1976 = CIRCLE('',#1977,3.5);
#1977 = AXIS2_PLACEMENT_3D('',#1978,#1979,#1980);
#1978 = CARTESIAN_POINT('',(2.,10.3,-38.15));
#1979 = DIRECTION('',(-1.,0.,0.));
#1980 = DIRECTION('',(0.,0.,1.));
#1981 = ORIENTED_EDGE('',*,*,#1982,.T.);
#1982 = EDGE_CURVE('',#1974,#1972,#1983,.T.);
#1983 = CIRCLE('',#1984,3.5);
#1984 = AXIS2_PLACEMENT_3D('',#1985,#1986,#1987);
#1985 = CARTESIAN_POINT('',(2.,10.3,-38.15));
#1986 = DIRECTION('',(-1.,0.,0.));
#1987 = DIRECTION('',(0.,0.,-1.));
#1988 = PLANE('',#1989);
#1989 = AXIS2_PLACEMENT_3D('',#1990,#1991,#1992);
#1990 = CARTESIAN_POINT('',(2.,40.747488817974,-49.78776005555));
#1991 = DIRECTION('',(1.,0.,0.));
#1992 = DIRECTION('',(0.,0.,1.));
#1993 = ADVANCED_FACE('',(#1994),#2021,.F.);
#1994 = FACE_BOUND('',#1995,.T.);
#1995 = EDGE_LOOP('',(#1996,#2005,#2013,#2020));
#1996 = ORIENTED_EDGE('',*,*,#1997,.T.);
#1997 = EDGE_CURVE('',#492,#1998,#2000,.T.);
#1998 = VERTEX_POINT('',#1999);
#1999 = CARTESIAN_POINT('',(4.,64.,-8.4));
#2000 = ELLIPSE('',#2001,2.828427124746,2.);
#2001 = AXIS2_PLACEMENT_3D('',#2002,#2003,#2004);
#2002 = CARTESIAN_POINT('',(4.,62.,-8.4));
#2003 = DIRECTION('',(-0.707106781187,-0.,-0.707106781187));
#2004 = DIRECTION('',(0.707106781187,0.,-0.707106781187));
#2005 = ORIENTED_EDGE('',*,*,#2006,.T.);
#2006 = EDGE_CURVE('',#1998,#2007,#2009,.T.);
#2007 = VERTEX_POINT('',#2008);
#2008 = CARTESIAN_POINT('',(4.25,64.,-8.4));
#2009 = LINE('',#2010,#2011);
#2010 = CARTESIAN_POINT('',(2.,64.,-8.4));
#2011 = VECTOR('',#2012,1.);
#2012 = DIRECTION('',(1.,0.,0.));
#2013 = ORIENTED_EDGE('',*,*,#2014,.F.);
#2014 = EDGE_CURVE('',#500,#2007,#2015,.T.);
#2015 = CIRCLE('',#2016,2.);
#2016 = AXIS2_PLACEMENT_3D('',#2017,#2018,#2019);
#2017 = CARTESIAN_POINT('',(4.25,62.,-8.4));
#2018 = DIRECTION('',(-1.,0.,0.));
#2019 = DIRECTION('',(0.,0.,1.));
#2020 = ORIENTED_EDGE('',*,*,#499,.F.);
#2021 = CYLINDRICAL_SURFACE('',#2022,2.);
#2022 = AXIS2_PLACEMENT_3D('',#2023,#2024,#2025);
#2023 = CARTESIAN_POINT('',(2.,62.,-8.4));
#2024 = DIRECTION('',(1.,0.,0.));
#2025 = DIRECTION('',(0.,0.,1.));
#2026 = ADVANCED_FACE('',(#2027),#2051,.T.);
#2027 = FACE_BOUND('',#2028,.T.);
#2028 = EDGE_LOOP('',(#2029,#2030,#2044,#2050));
#2029 = ORIENTED_EDGE('',*,*,#2014,.T.);
#2030 = ORIENTED_EDGE('',*,*,#2031,.T.);
#2031 = EDGE_CURVE('',#2007,#2032,#2034,.T.);
#2032 = VERTEX_POINT('',#2033);
#2033 = CARTESIAN_POINT('',(5.75,64.,-8.4));
#2034 = ( BOUNDED_CURVE() B_SPLINE_CURVE(8,(#2035,#2036,#2037,#2038,
    #2039,#2040,#2041,#2042,#2043),.UNSPECIFIED.,.F.,.F.) 
B_SPLINE_CURVE_WITH_KNOTS((9,9),(2.25,3.75),.PIECEWISE_BEZIER_KNOTS.) 
CURVE() GEOMETRIC_REPRESENTATION_ITEM() RATIONAL_B_SPLINE_CURVE((1.,1.,
1.,1.,1.,1.,1.,1.,1.)) REPRESENTATION_ITEM('') );
#2035 = CARTESIAN_POINT('',(4.25,64.,-8.4));
#2036 = CARTESIAN_POINT('',(4.4375,64.,-8.259375));
#2037 = CARTESIAN_POINT('',(4.625,64.,-8.18139302782));
#2038 = CARTESIAN_POINT('',(4.8125,64.,-8.132224350539));
#2039 = CARTESIAN_POINT('',(5.,64.,-8.121189841283));
#2040 = CARTESIAN_POINT('',(5.1875,64.,-8.132224350539));
#2041 = CARTESIAN_POINT('',(5.375,64.,-8.18139302782));
#2042 = CARTESIAN_POINT('',(5.5625,64.,-8.259375));
#2043 = CARTESIAN_POINT('',(5.75,64.,-8.4));
#2044 = ORIENTED_EDGE('',*,*,#2045,.F.);
#2045 = EDGE_CURVE('',#508,#2032,#2046,.T.);
#2046 = ( BOUNDED_CURVE() B_SPLINE_CURVE(2,(#2047,#2048,#2049),
.UNSPECIFIED.,.F.,.F.) B_SPLINE_CURVE_WITH_KNOTS((3,3),(0.,1.5),
.PIECEWISE_BEZIER_KNOTS.) CURVE() GEOMETRIC_REPRESENTATION_ITEM() 
RATIONAL_B_SPLINE_CURVE((1.,0.707106781187,1.)) REPRESENTATION_ITEM('') 
  );
#2047 = CARTESIAN_POINT('',(5.75,62.,-6.4));
#2048 = CARTESIAN_POINT('',(5.75,64.,-6.4));
#2049 = CARTESIAN_POINT('',(5.75,64.,-8.4));
#2050 = ORIENTED_EDGE('',*,*,#507,.F.);
#2051 = ( BOUNDED_SURFACE() B_SPLINE_SURFACE(2,8,(
    (#2052,#2053,#2054,#2055,#2056,#2057,#2058,#2059,#2060)
    ,(#2061,#2062,#2063,#2064,#2065,#2066,#2067,#2068,#2069)
    ,(#2070,#2071,#2072,#2073,#2074,#2075,#2076,#2077,#2078
)),.UNSPECIFIED.,.F.,.F.,.F.) B_SPLINE_SURFACE_WITH_KNOTS((3,3),(9,9),(
    0.,1.5),(2.25,3.75),.PIECEWISE_BEZIER_KNOTS.) 
GEOMETRIC_REPRESENTATION_ITEM() RATIONAL_B_SPLINE_SURFACE((
    (1.,1.,1.,1.,1.,1.,1.,1.,1.)
    ,(0.707106781187,0.731966003963,0.74476096418,0.753081455647
      ,0.754607029963,0.753081455647,0.74476096418,0.731966003963
      ,0.707106781187)
,(1.,1.,1.,1.,1.,1.,1.,1.,1.))) REPRESENTATION_ITEM('') SURFACE() );
#2052 = CARTESIAN_POINT('',(4.25,62.,-6.4));
#2053 = CARTESIAN_POINT('',(4.4375,62.,-6.4));
#2054 = CARTESIAN_POINT('',(4.625,62.011228192723,-6.4));
#2055 = CARTESIAN_POINT('',(4.8125,62.01681485935,-6.4));
#2056 = CARTESIAN_POINT('',(5.,62.021484711781,-6.4));
#2057 = CARTESIAN_POINT('',(5.1875,62.01681485935,-6.4));
#2058 = CARTESIAN_POINT('',(5.375,62.011228192723,-6.4));
#2059 = CARTESIAN_POINT('',(5.5625,62.,-6.4));
#2060 = CARTESIAN_POINT('',(5.75,62.,-6.4));
#2061 = CARTESIAN_POINT('',(4.25,64.,-6.4));
#2062 = CARTESIAN_POINT('',(4.431132075472,63.864150943396,-6.4));
#2063 = CARTESIAN_POINT('',(4.620225859468,63.803118168414,-6.4));
#2064 = CARTESIAN_POINT('',(4.809179036615,63.765009945851,-6.4));
#2065 = CARTESIAN_POINT('',(5.,63.759400619609,-6.4));
#2066 = CARTESIAN_POINT('',(5.190820963385,63.765009945851,-6.4));
#2067 = CARTESIAN_POINT('',(5.379774140532,63.803118168414,-6.4));
#2068 = CARTESIAN_POINT('',(5.568867924528,63.864150943396,-6.4));
#2069 = CARTESIAN_POINT('',(5.75,64.,-6.4));
#2070 = CARTESIAN_POINT('',(4.25,64.,-8.4));
#2071 = CARTESIAN_POINT('',(4.4375,64.,-8.259375));
#2072 = CARTESIAN_POINT('',(4.625,64.,-8.18139302782));
#2073 = CARTESIAN_POINT('',(4.8125,64.,-8.132224350539));
#2074 = CARTESIAN_POINT('',(5.,64.,-8.121189841283));
#2075 = CARTESIAN_POINT('',(5.1875,64.,-8.132224350539));
#2076 = CARTESIAN_POINT('',(5.375,64.,-8.18139302782));
#2077 = CARTESIAN_POINT('',(5.5625,64.,-8.259375));
#2078 = CARTESIAN_POINT('',(5.75,64.,-8.4));
#2079 = ADVANCED_FACE('',(#2080),#2103,.F.);
#2080 = FACE_BOUND('',#2081,.T.);
#2081 = EDGE_LOOP('',(#2082,#2083,#2091,#2102));
#2082 = ORIENTED_EDGE('',*,*,#2045,.T.);
#2083 = ORIENTED_EDGE('',*,*,#2084,.T.);
#2084 = EDGE_CURVE('',#2032,#2085,#2087,.T.);
#2085 = VERTEX_POINT('',#2086);
#2086 = CARTESIAN_POINT('',(6.,64.,-8.4));
#2087 = LINE('',#2088,#2089);
#2088 = CARTESIAN_POINT('',(2.,64.,-8.4));
#2089 = VECTOR('',#2090,1.);
#2090 = DIRECTION('',(1.,0.,0.));
#2091 = ORIENTED_EDGE('',*,*,#2092,.F.);
#2092 = EDGE_CURVE('',#522,#2085,#2093,.T.);
#2093 = B_SPLINE_CURVE_WITH_KNOTS('',7,(#2094,#2095,#2096,#2097,#2098,
    #2099,#2100,#2101),.UNSPECIFIED.,.F.,.F.,(8,8),(0.,1.),
  .PIECEWISE_BEZIER_KNOTS.);
#2094 = CARTESIAN_POINT('',(6.,62.,-6.4));
#2095 = CARTESIAN_POINT('',(6.,62.448798950513,-6.4));
#2096 = CARTESIAN_POINT('',(6.,62.897595729966,-6.517497773103));
#2097 = CARTESIAN_POINT('',(6.,63.309493881647,-6.752474555596));
#2098 = CARTESIAN_POINT('',(6.,63.647525444403,-7.090506118354));
#2099 = CARTESIAN_POINT('',(6.,63.882502226898,-7.502404270033));
#2100 = CARTESIAN_POINT('',(6.,64.,-7.951201049487));
#2101 = CARTESIAN_POINT('',(6.,64.,-8.4));
#2102 = ORIENTED_EDGE('',*,*,#521,.F.);
#2103 = CYLINDRICAL_SURFACE('',#2104,2.);
#2104 = AXIS2_PLACEMENT_3D('',#2105,#2106,#2107);
#2105 = CARTESIAN_POINT('',(2.,62.,-8.4));
#2106 = DIRECTION('',(1.,0.,0.));
#2107 = DIRECTION('',(0.,0.,1.));
#2108 = ADVANCED_FACE('',(#2109),#2139,.T.);
#2109 = FACE_BOUND('',#2110,.T.);
#2110 = EDGE_LOOP('',(#2111,#2112,#2113));
#2111 = ORIENTED_EDGE('',*,*,#529,.F.);
#2112 = ORIENTED_EDGE('',*,*,#2092,.T.);
#2113 = ORIENTED_EDGE('',*,*,#2114,.T.);
#2114 = EDGE_CURVE('',#2085,#530,#2115,.T.);
#2115 = B_SPLINE_CURVE_WITH_KNOTS('',8,(#2116,#2117,#2118,#2119,#2120,
    #2121,#2122,#2123,#2124,#2125,#2126,#2127,#2128,#2129,#2130,#2131,
    #2132,#2133,#2134,#2135,#2136,#2137,#2138),.UNSPECIFIED.,.F.,.F.,(9,
    7,7,9),(0.,0.25,0.5,1.),.UNSPECIFIED.);
#2116 = CARTESIAN_POINT('',(6.,64.,-8.4));
#2117 = CARTESIAN_POINT('',(6.098174770425,64.,-8.3375));
#2118 = CARTESIAN_POINT('',(6.19634954085,64.005507591742,-8.275));
#2119 = CARTESIAN_POINT('',(6.294163840234,64.016522775224,-8.2125));
#2120 = CARTESIAN_POINT('',(6.391257197561,64.033017239124,-8.15));
#2121 = CARTESIAN_POINT('',(6.487271921198,64.054934360768,-8.0875));
#2122 = CARTESIAN_POINT('',(6.581855878609,64.082189570026,-8.025));
#2123 = CARTESIAN_POINT('',(6.674665203726,64.11467107686,-7.9625));
#2124 = CARTESIAN_POINT('',(6.856068525734,64.189810793096,-7.8375));
#2125 = CARTESIAN_POINT('',(6.94466256684,64.232468932799,-7.775));
#2126 = CARTESIAN_POINT('',(7.030815817096,64.280077632257,-7.7125));
#2127 = CARTESIAN_POINT('',(7.114206179647,64.332472610739,-7.65));
#2128 = CARTESIAN_POINT('',(7.194524938047,64.38946456971,-7.5875));
#2129 = CARTESIAN_POINT('',(7.271479062558,64.450840733758,-7.525));
#2130 = CARTESIAN_POINT('',(7.344793516464,64.516366391719,-7.4625));
#2131 = CARTESIAN_POINT('',(7.55305365419,64.724626529445,-7.275));
#2132 = CARTESIAN_POINT('',(7.676315819595,64.879044216387,-7.15));
#2133 = CARTESIAN_POINT('',(7.78196142139,65.047001402366,-7.025));
#2134 = CARTESIAN_POINT('',(7.868270737379,65.226136922391,-6.9));
#2135 = CARTESIAN_POINT('',(7.933908775727,65.413834765973,-6.775));
#2136 = CARTESIAN_POINT('',(7.977969719449,65.607301152556,-6.65));
#2137 = CARTESIAN_POINT('',(8.,65.803650459151,-6.525));
#2138 = CARTESIAN_POINT('',(8.,66.,-6.4));
#2139 = B_SPLINE_SURFACE_WITH_KNOTS('',7,8,(
    (#2140,#2141,#2142,#2143,#2144,#2145,#2146,#2147,#2148,#2149,#2150
      ,#2151,#2152,#2153,#2154,#2155,#2156,#2157,#2158,#2159,#2160,#2161
      ,#2162)
    ,(#2163,#2164,#2165,#2166,#2167,#2168,#2169,#2170,#2171,#2172,#2173
      ,#2174,#2175,#2176,#2177,#2178,#2179,#2180,#2181,#2182,#2183,#2184
      ,#2185)
    ,(#2186,#2187,#2188,#2189,#2190,#2191,#2192,#2193,#2194,#2195,#2196
      ,#2197,#2198,#2199,#2200,#2201,#2202,#2203,#2204,#2205,#2206,#2207
      ,#2208)
    ,(#2209,#2210,#2211,#2212,#2213,#2214,#2215,#2216,#2217,#2218,#2219
      ,#2220,#2221,#2222,#2223,#2224,#2225,#2226,#2227,#2228,#2229,#2230
      ,#2231)
    ,(#2232,#2233,#2234,#2235,#2236,#2237,#2238,#2239,#2240,#2241,#2242
      ,#2243,#2244,#2245,#2246,#2247,#2248,#2249,#2250,#2251,#2252,#2253
      ,#2254)
    ,(#2255,#2256,#2257,#2258,#2259,#2260,#2261,#2262,#2263,#2264,#2265
      ,#2266,#2267,#2268,#2269,#2270,#2271,#2272,#2273,#2274,#2275,#2276
      ,#2277)
    ,(#2278,#2279,#2280,#2281,#2282,#2283,#2284,#2285,#2286,#2287,#2288
      ,#2289,#2290,#2291,#2292,#2293,#2294,#2295,#2296,#2297,#2298,#2299
      ,#2300)
    ,(#2301,#2302,#2303,#2304,#2305,#2306,#2307,#2308,#2309,#2310,#2311
      ,#2312,#2313,#2314,#2315,#2316,#2317,#2318,#2319,#2320,#2321,#2322
      ,#2323
    )),.UNSPECIFIED.,.F.,.F.,.F.,(8,8),(9,7,7,9),(0.,1.),(0.,0.25,0.5,1.
    ),.UNSPECIFIED.);
#2140 = CARTESIAN_POINT('',(6.,62.,-6.4));
#2141 = CARTESIAN_POINT('',(6.150357677098,62.,-6.4));
#2142 = CARTESIAN_POINT('',(6.297840729248,62.034355436852,-6.4));
#2143 = CARTESIAN_POINT('',(6.440752914453,62.099429774304,-6.4));
#2144 = CARTESIAN_POINT('',(6.564915616427,62.18552207823,-6.4));
#2145 = CARTESIAN_POINT('',(6.681811955081,62.278540888347,-6.4));
#2146 = CARTESIAN_POINT('',(6.789468401139,62.385671842537,-6.4));
#2147 = CARTESIAN_POINT('',(6.888575908898,62.497389075221,-6.4));
#2148 = CARTESIAN_POINT('',(7.073191194272,62.733073738628,-6.4));
#2149 = CARTESIAN_POINT('',(7.158501504775,62.856521673336,-6.4));
#2150 = CARTESIAN_POINT('',(7.237592405939,62.984056048776,-6.4));
#2151 = CARTESIAN_POINT('',(7.311099225767,63.114720599783,-6.4));
#2152 = CARTESIAN_POINT('',(7.379526158817,63.24795882958,-6.4));
#2153 = CARTESIAN_POINT('',(7.443257727603,63.383450880984,-6.4));
#2154 = CARTESIAN_POINT('',(7.502570243998,63.520950407691,-6.4));
#2155 = CARTESIAN_POINT('',(7.667789323898,63.938463521125,-6.4));
#2156 = CARTESIAN_POINT('',(7.761034234279,64.223672955682,-6.4));
#2157 = CARTESIAN_POINT('',(7.838794982715,64.51341689927,-6.4));
#2158 = CARTESIAN_POINT('',(7.90173648692,64.80673857149,-6.4));
#2159 = CARTESIAN_POINT('',(7.949922713925,65.102999645784,-6.4));
#2160 = CARTESIAN_POINT('',(7.982941060291,65.401336816134,-6.4));
#2161 = CARTESIAN_POINT('',(8.,65.700632546062,-6.4));
#2162 = CARTESIAN_POINT('',(8.,66.,-6.4));
#2163 = CARTESIAN_POINT('',(6.,62.448798950513,-6.4));
#2164 = CARTESIAN_POINT('',(6.142902976145,62.443702554738,-6.4));
#2165 = CARTESIAN_POINT('',(6.283341988049,62.468840475085,-6.4));
#2166 = CARTESIAN_POINT('',(6.419811618136,62.52109568048,-6.4));
#2167 = CARTESIAN_POINT('',(6.540107270875,62.592149040056,-6.4));
#2168 = CARTESIAN_POINT('',(6.654020521669,62.669914070331,-6.4));
#2169 = CARTESIAN_POINT('',(6.759809469349,62.760537808042,-6.4));
#2170 = CARTESIAN_POINT('',(6.85801723673,62.855839255543,-6.4));
#2171 = CARTESIAN_POINT('',(7.042173670195,63.058396134948,-6.4));
#2172 = CARTESIAN_POINT('',(7.12795308507,63.165206274594,-6.4));
#2173 = CARTESIAN_POINT('',(7.208052893248,63.276226300547,-6.4));
#2174 = CARTESIAN_POINT('',(7.28297164775,63.390613088277,-6.4));
#2175 = CARTESIAN_POINT('',(7.353097412992,63.507862597894,-6.4));
#2176 = CARTESIAN_POINT('',(7.418717918311,63.627670269615,-6.4));
#2177 = CARTESIAN_POINT('',(7.480030711493,63.749791419298,-6.4));
#2178 = CARTESIAN_POINT('',(7.65139851394,64.122122063163,-6.4));
#2179 = CARTESIAN_POINT('',(7.74893160361,64.378454170797,-6.4));
#2180 = CARTESIAN_POINT('',(7.830675902526,64.640607214604,-6.4));
#2181 = CARTESIAN_POINT('',(7.896955665557,64.907423787819,-6.4));
#2182 = CARTESIAN_POINT('',(7.947635008468,65.177983037603,-6.4));
#2183 = CARTESIAN_POINT('',(7.982230868742,65.451145875866,-6.4));
#2184 = CARTESIAN_POINT('',(8.,65.725542182339,-6.4));
#2185 = CARTESIAN_POINT('',(8.,66.,-6.4));
#2186 = CARTESIAN_POINT('',(6.,62.897595729966,-6.517497773103));
#2187 = CARTESIAN_POINT('',(6.135448275191,62.889721340035,
    -6.51482617868));
#2188 = CARTESIAN_POINT('',(6.267856563656,62.919913163878,
    -6.529673772536));
#2189 = CARTESIAN_POINT('',(6.396370730096,62.960642423575,
    -6.533603353811));
#2190 = CARTESIAN_POINT('',(6.513028010043,63.015259280031,
    -6.536219115165));
#2191 = CARTESIAN_POINT('',(6.624189973975,63.076126664496,
    -6.537614900878));
#2192 = CARTESIAN_POINT('',(6.728785548043,63.147103839081,
    -6.537884555231));
#2193 = CARTESIAN_POINT('',(6.827051639343,63.222992672457,
    -6.537121922503));
#2194 = CARTESIAN_POINT('',(7.012827132989,63.386138787309,
    -6.533719771447));
#2195 = CARTESIAN_POINT('',(7.100219201565,63.473115252167,
    -6.531080253118));
#2196 = CARTESIAN_POINT('',(7.182477462762,63.564611709545,
    -6.527596136268));
#2197 = CARTESIAN_POINT('',(7.259884382804,63.660034677165,
    -6.523361265178));
#2198 = CARTESIAN_POINT('',(7.332651563885,63.758993464923,
    -6.518469484128));
#2199 = CARTESIAN_POINT('',(7.400928284773,63.861213034343,
    -6.513014637398));
#2200 = CARTESIAN_POINT('',(7.464810041419,63.966446858128,
    -6.507090569267));
#2201 = CARTESIAN_POINT('',(7.643421179851,64.290275622615,
    -6.488192233514));
#2202 = CARTESIAN_POINT('',(7.745149245221,64.517096529096,
    -6.474091834531));
#2203 = CARTESIAN_POINT('',(7.829912640953,64.752593880909,
    -6.459240681308));
#2204 = CARTESIAN_POINT('',(7.897824759928,64.995089122089,
    -6.444389528084));
#2205 = CARTESIAN_POINT('',(7.948858812605,65.242952164464,
    -6.430289129102));
#2206 = CARTESIAN_POINT('',(7.982939703191,65.494355123559,-6.4176902386
    ));
#2207 = CARTESIAN_POINT('',(8.,65.764325849929,-6.426364307579));
#2208 = CARTESIAN_POINT('',(8.,66.,-6.4));
#2209 = CARTESIAN_POINT('',(6.,63.309493881647,-6.752474555596));
#2210 = CARTESIAN_POINT('',(6.127993574238,63.300107288322,
    -6.744476344985));
#2211 = CARTESIAN_POINT('',(6.25328505913,63.314292785319,
    -6.744498879995));
#2212 = CARTESIAN_POINT('',(6.375341016296,63.342262358792,
    -6.738956995872));
#2213 = CARTESIAN_POINT('',(6.487266475287,63.38265740427,
    -6.732469170512));
#2214 = CARTESIAN_POINT('',(6.594547586843,63.429252010295,
    -6.725102971143));
#2215 = CARTESIAN_POINT('',(6.696363408246,63.485189118237,
    -6.716925964998));
#2216 = CARTESIAN_POINT('',(6.792743820479,63.54621284756,
    -6.708005719307));
#2217 = CARTESIAN_POINT('',(6.976296217249,63.679641496399,-6.6888138833
    ));
#2218 = CARTESIAN_POINT('',(7.063355834256,63.751817776172,
    -6.678542292983));
#2219 = CARTESIAN_POINT('',(7.145948313527,63.828706638868,
    -6.667662597583));
#2220 = CARTESIAN_POINT('',(7.224248740064,63.909786484829,
    -6.656242364332));
#2221 = CARTESIAN_POINT('',(7.298367261636,63.994693338107,
    -6.644349160462));
#2222 = CARTESIAN_POINT('',(7.368358510182,64.083150697293,
    -6.632050553204));
#2223 = CARTESIAN_POINT('',(7.434231023223,64.174899386476,
    -6.619414109789));
#2224 = CARTESIAN_POINT('',(7.619407949353,64.459083445299,
    -6.580693972767));
#2225 = CARTESIAN_POINT('',(7.726301965921,64.660538184596,
    -6.553799472385));
#2226 = CARTESIAN_POINT('',(7.816381148835,64.871628288977,
    -6.526364434151));
#2227 = CARTESIAN_POINT('',(7.889216317739,65.090378464812,
    -6.498929395917));
#2228 = CARTESIAN_POINT('',(7.944348101424,65.31479512545,
    -6.472034895534));
#2229 = CARTESIAN_POINT('',(7.981376702021,65.542699316386,
    -6.446221470853));
#2230 = CARTESIAN_POINT('',(8.,65.777186882279,-6.431131481046));
#2231 = CARTESIAN_POINT('',(8.,66.,-6.4));
#2232 = CARTESIAN_POINT('',(6.,63.647525444403,-7.090506118354));
#2233 = CARTESIAN_POINT('',(6.120538873284,63.636177638413,
    -7.073518847055));
#2234 = CARTESIAN_POINT('',(6.238910891242,63.632345894694,
    -7.050872585818));
#2235 = CARTESIAN_POINT('',(6.354811220839,63.648141784969,
    -7.030666246008));
#2236 = CARTESIAN_POINT('',(6.461959123587,63.675692157426,
    -7.010222774476));
#2237 = CARTESIAN_POINT('',(6.565313022566,63.709675299892,
    -6.989559109203));
#2238 = CARTESIAN_POINT('',(6.664214266351,63.752749597273,
    -6.968692188169));
#2239 = CARTESIAN_POINT('',(6.75851738666,63.801255749723,
    -6.947638949353));
#2240 = CARTESIAN_POINT('',(6.939431104134,63.910081259886,
    -6.905193712121));
#2241 = CARTESIAN_POINT('',(7.025929559705,63.97020610035,
    -6.883801713703));
#2242 = CARTESIAN_POINT('',(7.10862634785,64.03536141581,-6.862257273465
    ));
#2243 = CARTESIAN_POINT('',(7.18760503471,64.105052118485,
    -6.840577329386));
#2244 = CARTESIAN_POINT('',(7.262886380043,64.178910697576,
    -6.818778819446));
#2245 = CARTESIAN_POINT('',(7.33443870044,64.256638273542,
    -6.796878681625));
#2246 = CARTESIAN_POINT('',(7.402188232541,64.337945652496,
    -6.774893853904));
#2247 = CARTESIAN_POINT('',(7.593712023681,64.591591836478,
    -6.70873611498));
#2248 = CARTESIAN_POINT('',(7.705790632165,64.773724942763,
    -6.664359948015));
#2249 = CARTESIAN_POINT('',(7.801378492993,64.966283080856,
    -6.61984827721));
#2250 = CARTESIAN_POINT('',(7.879477892402,65.166913760653,
    -6.575336606405));
#2251 = CARTESIAN_POINT('',(7.939135088324,65.373200675459,
    -6.53096043944));
#2252 = CARTESIAN_POINT('',(7.979529895651,65.582551840226,
    -6.486855280158));
#2253 = CARTESIAN_POINT('',(8.,65.783195991748,-6.43776865014));
#2254 = CARTESIAN_POINT('',(8.,66.,-6.4));
#2255 = CARTESIAN_POINT('',(6.,63.882502226898,-7.502404270033));
#2256 = CARTESIAN_POINT('',(6.113084172331,63.871128293733,
    -7.470613519434));
#2257 = CARTESIAN_POINT('',(6.224671773338,63.855608792554,
    -7.422643710804));
#2258 = CARTESIAN_POINT('',(6.334575593298,63.86315217252,
    -7.383964328901));
#2259 = CARTESIAN_POINT('',(6.437355458016,63.88162033249,
    -7.346015928215));
#2260 = CARTESIAN_POINT('',(6.537207846578,63.906651721471,-7.3087462958
    ));
#2261 = CARTESIAN_POINT('',(6.633583227412,63.940387440986,
    -7.272103218714));
#2262 = CARTESIAN_POINT('',(6.726206218711,63.979805776551,
    -7.236034484011));
#2263 = CARTESIAN_POINT('',(6.905155588164,64.070692203694,
    -7.164941273486));
#2264 = CARTESIAN_POINT('',(6.991379305338,64.122001886776,
    -7.129916797664));
#2265 = CARTESIAN_POINT('',(7.074402792225,64.178575235029,
    -7.095362238337));
#2266 = CARTESIAN_POINT('',(7.154211330411,64.239954147325,
    -7.061225382563));
#2267 = CARTESIAN_POINT('',(7.230734986991,64.305777856034,
    -7.027454017396));
#2268 = CARTESIAN_POINT('',(7.303858855772,64.375735557188,
    -6.993995929894));
#2269 = CARTESIAN_POINT('',(7.373433298462,64.449519040782,
    -6.960798907111));
#2270 = CARTESIAN_POINT('',(7.570985960692,64.6812878813,-6.861834394092
    ));
#2271 = CARTESIAN_POINT('',(7.687819595497,64.849749542053,
    -6.796693459182));
#2272 = CARTESIAN_POINT('',(7.788346461255,65.029404779348,
    -6.731970227825));
#2273 = CARTESIAN_POINT('',(7.871088285905,65.21763198202,
    -6.667246996468));
#2274 = CARTESIAN_POINT('',(7.934682427127,65.411703247827,
    -6.602106061559));
#2275 = CARTESIAN_POINT('',(7.977967591492,65.608720474068,
    -6.536129719546));
#2276 = CARTESIAN_POINT('',(8.,65.786707045963,-6.451885801743));
#2277 = CARTESIAN_POINT('',(8.,66.,-6.4));
#2278 = CARTESIAN_POINT('',(6.,64.,-7.951201049487));
#2279 = CARTESIAN_POINT('',(6.105629471378,63.992987516398,
    -7.902726016691));
#2280 = CARTESIAN_POINT('',(6.209851122187,63.99332203819,
    -7.854250983894));
#2281 = CARTESIAN_POINT('',(6.312722877775,64.000663177247,
    -7.805775951098));
#2282 = CARTESIAN_POINT('',(6.412591935556,64.014762472629,
    -7.757300918302));
#2283 = CARTESIAN_POINT('',(6.510451721175,64.034843003811,
    -7.708825885505));
#2284 = CARTESIAN_POINT('',(6.606141507824,64.061193380358,
    -7.660350852708));
#2285 = CARTESIAN_POINT('',(6.699233923151,64.093202631202,
    -7.611875819912));
#2286 = CARTESIAN_POINT('',(6.8803198505,64.168388810757,-7.514925754319
    ));
#2287 = CARTESIAN_POINT('',(6.968271647718,64.211539670371,
    -7.466450721522));
#2288 = CARTESIAN_POINT('',(7.053438548959,64.260010629288,
    -7.417975688726));
#2289 = CARTESIAN_POINT('',(7.135607942344,64.313560644658,
    -7.369500655929));
#2290 = CARTESIAN_POINT('',(7.214554956279,64.371939564628,
    -7.321025623133));
#2291 = CARTESIAN_POINT('',(7.290049082081,64.434882391498,
    -7.272550590336));
#2292 = CARTESIAN_POINT('',(7.36186079662,64.502103545067,-7.22407555754
    ));
#2293 = CARTESIAN_POINT('',(7.565582961621,64.715666287271,
    -7.078650459151));
#2294 = CARTESIAN_POINT('',(7.68578972237,64.873918233957,
    -6.981700393558));
#2295 = CARTESIAN_POINT('',(7.788582120441,65.045540852644,
    -6.884750327965));
#2296 = CARTESIAN_POINT('',(7.872395051662,65.227744279842,
    -6.787800262372));
#2297 = CARTESIAN_POINT('',(7.936022331232,65.417492847498,
    -6.690850196779));
#2298 = CARTESIAN_POINT('',(7.978677819963,65.611587224945,
    -6.593900131186));
#2299 = CARTESIAN_POINT('',(8.,65.806790757281,-6.496950065593));
#2300 = CARTESIAN_POINT('',(8.,66.,-6.4));
#2301 = CARTESIAN_POINT('',(6.,64.,-8.4));
#2302 = CARTESIAN_POINT('',(6.098174770425,64.,-8.3375));
#2303 = CARTESIAN_POINT('',(6.19634954085,64.005507591742,-8.275));
#2304 = CARTESIAN_POINT('',(6.294163840234,64.016522775224,-8.2125));
#2305 = CARTESIAN_POINT('',(6.391257197561,64.033017239124,-8.15));
#2306 = CARTESIAN_POINT('',(6.487271921198,64.054934360768,-8.0875));
#2307 = CARTESIAN_POINT('',(6.581855878609,64.082189570026,-8.025));
#2308 = CARTESIAN_POINT('',(6.674665203726,64.11467107686,-7.9625));
#2309 = CARTESIAN_POINT('',(6.856068525734,64.189810793096,-7.8375));
#2310 = CARTESIAN_POINT('',(6.94466256684,64.232468932799,-7.775));
#2311 = CARTESIAN_POINT('',(7.030815817096,64.280077632257,-7.7125));
#2312 = CARTESIAN_POINT('',(7.114206179647,64.332472610739,-7.65));
#2313 = CARTESIAN_POINT('',(7.194524938047,64.38946456971,-7.5875));
#2314 = CARTESIAN_POINT('',(7.271479062558,64.450840733758,-7.525));
#2315 = CARTESIAN_POINT('',(7.344793516464,64.516366391719,-7.4625));
#2316 = CARTESIAN_POINT('',(7.55305365419,64.724626529445,-7.275));
#2317 = CARTESIAN_POINT('',(7.676315819595,64.879044216387,-7.15));
#2318 = CARTESIAN_POINT('',(7.78196142139,65.047001402366,-7.025));
#2319 = CARTESIAN_POINT('',(7.868270737379,65.226136922391,-6.9));
#2320 = CARTESIAN_POINT('',(7.933908775727,65.413834765973,-6.775));
#2321 = CARTESIAN_POINT('',(7.977969719449,65.607301152556,-6.65));
#2322 = CARTESIAN_POINT('',(8.,65.803650459151,-6.525));
#2323 = CARTESIAN_POINT('',(8.,66.,-6.4));
#2324 = ADVANCED_FACE('',(#2325),#2372,.T.);
#2325 = FACE_BOUND('',#2326,.T.);
#2326 = EDGE_LOOP('',(#2327,#2335,#2336,#2344,#2358,#2366));
#2327 = ORIENTED_EDGE('',*,*,#2328,.F.);
#2328 = EDGE_CURVE('',#558,#2329,#2331,.T.);
#2329 = VERTEX_POINT('',#2330);
#2330 = CARTESIAN_POINT('',(8.,72.,-10.4));
#2331 = LINE('',#2332,#2333);
#2332 = CARTESIAN_POINT('',(8.,72.,-6.4));
#2333 = VECTOR('',#2334,1.);
#2334 = DIRECTION('',(0.,0.,-1.));
#2335 = ORIENTED_EDGE('',*,*,#557,.F.);
#2336 = ORIENTED_EDGE('',*,*,#2337,.F.);
#2337 = EDGE_CURVE('',#2338,#530,#2340,.T.);
#2338 = VERTEX_POINT('',#2339);
#2339 = CARTESIAN_POINT('',(8.,66.,-8.65));
#2340 = LINE('',#2341,#2342);
#2341 = CARTESIAN_POINT('',(8.,66.,-12.4));
#2342 = VECTOR('',#2343,1.);
#2343 = DIRECTION('',(0.,0.,1.));
#2344 = ORIENTED_EDGE('',*,*,#2345,.F.);
#2345 = EDGE_CURVE('',#2346,#2338,#2348,.T.);
#2346 = VERTEX_POINT('',#2347);
#2347 = CARTESIAN_POINT('',(8.,66.,-10.15));
#2348 = ( BOUNDED_CURVE() B_SPLINE_CURVE(8,(#2349,#2350,#2351,#2352,
    #2353,#2354,#2355,#2356,#2357),.UNSPECIFIED.,.F.,.F.) 
B_SPLINE_CURVE_WITH_KNOTS((9,9),(2.25,3.75),.PIECEWISE_BEZIER_KNOTS.) 
CURVE() GEOMETRIC_REPRESENTATION_ITEM() RATIONAL_B_SPLINE_CURVE((1.,1.,
1.,1.,1.,1.,1.,1.,1.)) REPRESENTATION_ITEM('') );
#2349 = CARTESIAN_POINT('',(8.,66.,-10.15));
#2350 = CARTESIAN_POINT('',(8.,66.,-9.9625));
#2351 = CARTESIAN_POINT('',(8.,65.988771807277,-9.775));
#2352 = CARTESIAN_POINT('',(8.,65.98318514065,-9.5875));
#2353 = CARTESIAN_POINT('',(8.,65.978515288219,-9.4));
#2354 = CARTESIAN_POINT('',(8.,65.98318514065,-9.2125));
#2355 = CARTESIAN_POINT('',(8.,65.988771807277,-9.025));
#2356 = CARTESIAN_POINT('',(8.,66.,-8.8375));
#2357 = CARTESIAN_POINT('',(8.,66.,-8.65));
#2358 = ORIENTED_EDGE('',*,*,#2359,.F.);
#2359 = EDGE_CURVE('',#2360,#2346,#2362,.T.);
#2360 = VERTEX_POINT('',#2361);
#2361 = CARTESIAN_POINT('',(8.,66.,-10.4));
#2362 = LINE('',#2363,#2364);
#2363 = CARTESIAN_POINT('',(8.,66.,-12.4));
#2364 = VECTOR('',#2365,1.);
#2365 = DIRECTION('',(0.,0.,1.));
#2366 = ORIENTED_EDGE('',*,*,#2367,.F.);
#2367 = EDGE_CURVE('',#2329,#2360,#2368,.T.);
#2368 = LINE('',#2369,#2370);
#2369 = CARTESIAN_POINT('',(8.,72.,-10.4));
#2370 = VECTOR('',#2371,1.);
#2371 = DIRECTION('',(0.,-1.,0.));
#2372 = PLANE('',#2373);
#2373 = AXIS2_PLACEMENT_3D('',#2374,#2375,#2376);
#2374 = CARTESIAN_POINT('',(8.,68.,-49.7));
#2375 = DIRECTION('',(1.,0.,0.));
#2376 = DIRECTION('',(0.,0.,1.));
#2377 = ADVANCED_FACE('',(#2378,#2398),#2409,.T.);
#2378 = FACE_BOUND('',#2379,.T.);
#2379 = EDGE_LOOP('',(#2380,#2381,#2390,#2396,#2397));
#2380 = ORIENTED_EDGE('',*,*,#2328,.T.);
#2381 = ORIENTED_EDGE('',*,*,#2382,.T.);
#2382 = EDGE_CURVE('',#2329,#2383,#2385,.T.);
#2383 = VERTEX_POINT('',#2384);
#2384 = CARTESIAN_POINT('',(6.,72.,-12.4));
#2385 = CIRCLE('',#2386,2.);
#2386 = AXIS2_PLACEMENT_3D('',#2387,#2388,#2389);
#2387 = CARTESIAN_POINT('',(6.,72.,-10.4));
#2388 = DIRECTION('',(0.,1.,0.));
#2389 = DIRECTION('',(0.,0.,-1.));
#2390 = ORIENTED_EDGE('',*,*,#2391,.F.);
#2391 = EDGE_CURVE('',#1756,#2383,#2392,.T.);
#2392 = LINE('',#2393,#2394);
#2393 = CARTESIAN_POINT('',(2.,72.,-12.4));
#2394 = VECTOR('',#2395,1.);
#2395 = DIRECTION('',(1.,0.,0.));
#2396 = ORIENTED_EDGE('',*,*,#1755,.F.);
#2397 = ORIENTED_EDGE('',*,*,#565,.T.);
#2398 = FACE_BOUND('',#2399,.T.);
#2399 = EDGE_LOOP('',(#2400));
#2400 = ORIENTED_EDGE('',*,*,#2401,.F.);
#2401 = EDGE_CURVE('',#2402,#2402,#2404,.T.);
#2402 = VERTEX_POINT('',#2403);
#2403 = CARTESIAN_POINT('',(3.75,72.,-9.4));
#2404 = CIRCLE('',#2405,1.25);
#2405 = AXIS2_PLACEMENT_3D('',#2406,#2407,#2408);
#2406 = CARTESIAN_POINT('',(5.,72.,-9.4));
#2407 = DIRECTION('',(0.,1.,-0.));
#2408 = DIRECTION('',(-1.,0.,0.));
#2409 = PLANE('',#2410);
#2410 = AXIS2_PLACEMENT_3D('',#2411,#2412,#2413);
#2411 = CARTESIAN_POINT('',(2.,72.,-6.4));
#2412 = DIRECTION('',(0.,1.,0.));
#2413 = DIRECTION('',(0.,0.,-1.));
#2414 = ADVANCED_FACE('',(#2415,#2442),#2453,.T.);
#2415 = FACE_BOUND('',#2416,.T.);
#2416 = EDGE_LOOP('',(#2417,#2425,#2434,#2440,#2441));
#2417 = ORIENTED_EDGE('',*,*,#2418,.T.);
#2418 = EDGE_CURVE('',#1421,#2419,#2421,.T.);
#2419 = VERTEX_POINT('',#2420);
#2420 = CARTESIAN_POINT('',(144.,72.,-12.4));
#2421 = LINE('',#2422,#2423);
#2422 = CARTESIAN_POINT('',(148.,72.,-12.4));
#2423 = VECTOR('',#2424,1.);
#2424 = DIRECTION('',(-1.,0.,0.));
#2425 = ORIENTED_EDGE('',*,*,#2426,.T.);
#2426 = EDGE_CURVE('',#2419,#2427,#2429,.T.);
#2427 = VERTEX_POINT('',#2428);
#2428 = CARTESIAN_POINT('',(142.,72.,-10.4));
#2429 = CIRCLE('',#2430,2.);
#2430 = AXIS2_PLACEMENT_3D('',#2431,#2432,#2433);
#2431 = CARTESIAN_POINT('',(144.,72.,-10.4));
#2432 = DIRECTION('',(0.,1.,0.));
#2433 = DIRECTION('',(0.,0.,1.));
#2434 = ORIENTED_EDGE('',*,*,#2435,.T.);
#2435 = EDGE_CURVE('',#2427,#598,#2436,.T.);
#2436 = LINE('',#2437,#2438);
#2437 = CARTESIAN_POINT('',(142.,72.,-12.4));
#2438 = VECTOR('',#2439,1.);
#2439 = DIRECTION('',(0.,0.,1.));
#2440 = ORIENTED_EDGE('',*,*,#597,.F.);
#2441 = ORIENTED_EDGE('',*,*,#1428,.F.);
#2442 = FACE_BOUND('',#2443,.T.);
#2443 = EDGE_LOOP('',(#2444));
#2444 = ORIENTED_EDGE('',*,*,#2445,.F.);
#2445 = EDGE_CURVE('',#2446,#2446,#2448,.T.);
#2446 = VERTEX_POINT('',#2447);
#2447 = CARTESIAN_POINT('',(143.75,72.,-9.4));
#2448 = CIRCLE('',#2449,1.25);
#2449 = AXIS2_PLACEMENT_3D('',#2450,#2451,#2452);
#2450 = CARTESIAN_POINT('',(145.,72.,-9.4));
#2451 = DIRECTION('',(0.,1.,-0.));
#2452 = DIRECTION('',(-1.,0.,0.));
#2453 = PLANE('',#2454);
#2454 = AXIS2_PLACEMENT_3D('',#2455,#2456,#2457);
#2455 = CARTESIAN_POINT('',(148.,72.,-12.4));
#2456 = DIRECTION('',(0.,1.,0.));
#2457 = DIRECTION('',(0.,0.,1.));
#2458 = ADVANCED_FACE('',(#2459),#2509,.F.);
#2459 = FACE_BOUND('',#2460,.F.);
#2460 = EDGE_LOOP('',(#2461,#2462,#2463,#2471,#2483,#2495,#2503));
#2461 = ORIENTED_EDGE('',*,*,#2435,.T.);
#2462 = ORIENTED_EDGE('',*,*,#605,.T.);
#2463 = ORIENTED_EDGE('',*,*,#2464,.T.);
#2464 = EDGE_CURVE('',#606,#2465,#2467,.T.);
#2465 = VERTEX_POINT('',#2466);
#2466 = CARTESIAN_POINT('',(142.,66.,-8.65));
#2467 = LINE('',#2468,#2469);
#2468 = CARTESIAN_POINT('',(142.,66.,-6.4));
#2469 = VECTOR('',#2470,1.);
#2470 = DIRECTION('',(0.,0.,-1.));
#2471 = ORIENTED_EDGE('',*,*,#2472,.T.);
#2472 = EDGE_CURVE('',#2465,#2473,#2475,.T.);
#2473 = VERTEX_POINT('',#2474);
#2474 = CARTESIAN_POINT('',(142.,65.984313483298,-9.4));
#2475 = ( BOUNDED_CURVE() B_SPLINE_CURVE(6,(#2476,#2477,#2478,#2479,
#2480,#2481,#2482),.UNSPECIFIED.,.F.,.F.) B_SPLINE_CURVE_WITH_KNOTS((7,7
),(2.25,3.),.PIECEWISE_BEZIER_KNOTS.) CURVE() 
GEOMETRIC_REPRESENTATION_ITEM() RATIONAL_B_SPLINE_CURVE((1.,1.,1.,1.,1.,
1.,1.)) REPRESENTATION_ITEM('') );
#2476 = CARTESIAN_POINT('',(142.,66.,-8.65));
#2477 = CARTESIAN_POINT('',(142.,66.,-8.775));
#2478 = CARTESIAN_POINT('',(142.,65.994782394095,-8.9));
#2479 = CARTESIAN_POINT('',(142.,65.99008405398,-9.025));
#2480 = CARTESIAN_POINT('',(142.,65.986173098944,-9.15));
#2481 = CARTESIAN_POINT('',(142.,65.984313483298,-9.275));
#2482 = CARTESIAN_POINT('',(142.,65.984313483298,-9.4));
#2483 = ORIENTED_EDGE('',*,*,#2484,.T.);
#2484 = EDGE_CURVE('',#2473,#2485,#2487,.T.);
#2485 = VERTEX_POINT('',#2486);
#2486 = CARTESIAN_POINT('',(142.,66.,-10.15));
#2487 = ( BOUNDED_CURVE() B_SPLINE_CURVE(6,(#2488,#2489,#2490,#2491,
#2492,#2493,#2494),.UNSPECIFIED.,.F.,.F.) B_SPLINE_CURVE_WITH_KNOTS((7,7
),(3.,3.75),.PIECEWISE_BEZIER_KNOTS.) CURVE() 
GEOMETRIC_REPRESENTATION_ITEM() RATIONAL_B_SPLINE_CURVE((1.,1.,1.,1.,1.,
1.,1.)) REPRESENTATION_ITEM('') );
#2488 = CARTESIAN_POINT('',(142.,65.984313483298,-9.4));
#2489 = CARTESIAN_POINT('',(142.,65.984313483298,-9.525));
#2490 = CARTESIAN_POINT('',(142.,65.986173098944,-9.65));
#2491 = CARTESIAN_POINT('',(142.,65.99008405398,-9.775));
#2492 = CARTESIAN_POINT('',(142.,65.994782394095,-9.9));
#2493 = CARTESIAN_POINT('',(142.,66.,-10.025));
#2494 = CARTESIAN_POINT('',(142.,66.,-10.15));
#2495 = ORIENTED_EDGE('',*,*,#2496,.T.);
#2496 = EDGE_CURVE('',#2485,#2497,#2499,.T.);
#2497 = VERTEX_POINT('',#2498);
#2498 = CARTESIAN_POINT('',(142.,66.,-10.4));
#2499 = LINE('',#2500,#2501);
#2500 = CARTESIAN_POINT('',(142.,66.,-6.4));
#2501 = VECTOR('',#2502,1.);
#2502 = DIRECTION('',(0.,0.,-1.));
#2503 = ORIENTED_EDGE('',*,*,#2504,.T.);
#2504 = EDGE_CURVE('',#2497,#2427,#2505,.T.);
#2505 = LINE('',#2506,#2507);
#2506 = CARTESIAN_POINT('',(142.,64.,-10.4));
#2507 = VECTOR('',#2508,1.);
#2508 = DIRECTION('',(0.,1.,0.));
#2509 = PLANE('',#2510);
#2510 = AXIS2_PLACEMENT_3D('',#2511,#2512,#2513);
#2511 = CARTESIAN_POINT('',(142.,68.,-49.7));
#2512 = DIRECTION('',(1.,0.,0.));
#2513 = DIRECTION('',(0.,0.,1.));
#2514 = ADVANCED_FACE('',(#2515),#2534,.T.);
#2515 = FACE_BOUND('',#2516,.T.);
#2516 = EDGE_LOOP('',(#2517,#2518,#2519,#2528));
#2517 = ORIENTED_EDGE('',*,*,#613,.T.);
#2518 = ORIENTED_EDGE('',*,*,#2464,.T.);
#2519 = ORIENTED_EDGE('',*,*,#2520,.F.);
#2520 = EDGE_CURVE('',#2521,#2465,#2523,.T.);
#2521 = VERTEX_POINT('',#2522);
#2522 = CARTESIAN_POINT('',(144.,64.,-8.65));
#2523 = CIRCLE('',#2524,2.);
#2524 = AXIS2_PLACEMENT_3D('',#2525,#2526,#2527);
#2525 = CARTESIAN_POINT('',(144.,66.,-8.65));
#2526 = DIRECTION('',(0.,0.,-1.));
#2527 = DIRECTION('',(0.,-1.,0.));
#2528 = ORIENTED_EDGE('',*,*,#2529,.F.);
#2529 = EDGE_CURVE('',#614,#2521,#2530,.T.);
#2530 = LINE('',#2531,#2532);
#2531 = CARTESIAN_POINT('',(144.,64.,-6.4));
#2532 = VECTOR('',#2533,1.);
#2533 = DIRECTION('',(0.,0.,-1.));
#2534 = CYLINDRICAL_SURFACE('',#2535,2.);
#2535 = AXIS2_PLACEMENT_3D('',#2536,#2537,#2538);
#2536 = CARTESIAN_POINT('',(144.,66.,-6.4));
#2537 = DIRECTION('',(0.,0.,-1.));
#2538 = DIRECTION('',(0.,-1.,0.));
#2539 = ADVANCED_FACE('',(#2540),#2552,.T.);
#2540 = FACE_BOUND('',#2541,.T.);
#2541 = EDGE_LOOP('',(#2542,#2543,#2544,#2551));
#2542 = ORIENTED_EDGE('',*,*,#622,.T.);
#2543 = ORIENTED_EDGE('',*,*,#2529,.T.);
#2544 = ORIENTED_EDGE('',*,*,#2545,.T.);
#2545 = EDGE_CURVE('',#2521,#1338,#2546,.T.);
#2546 = CIRCLE('',#2547,1.25);
#2547 = AXIS2_PLACEMENT_3D('',#2548,#2549,#2550);
#2548 = CARTESIAN_POINT('',(145.,64.,-9.4));
#2549 = DIRECTION('',(0.,1.,-2.2E-16));
#2550 = DIRECTION('',(-1.,0.,0.));
#2551 = ORIENTED_EDGE('',*,*,#1337,.F.);
#2552 = PLANE('',#2553);
#2553 = AXIS2_PLACEMENT_3D('',#2554,#2555,#2556);
#2554 = CARTESIAN_POINT('',(148.,64.,-6.4));
#2555 = DIRECTION('',(-0.,-1.,-0.));
#2556 = DIRECTION('',(0.,0.,-1.));
#2557 = ADVANCED_FACE('',(#2558),#2571,.T.);
#2558 = FACE_BOUND('',#2559,.F.);
#2559 = EDGE_LOOP('',(#2560,#2566,#2567,#2568,#2569,#2570));
#2560 = ORIENTED_EDGE('',*,*,#2561,.F.);
#2561 = EDGE_CURVE('',#818,#641,#2562,.T.);
#2562 = LINE('',#2563,#2564);
#2563 = CARTESIAN_POINT('',(55.221666666667,10.158333333333,
    -2.871666666667));
#2564 = VECTOR('',#2565,1.);
#2565 = DIRECTION('',(0.57735026919,-0.57735026919,-0.57735026919));
#2566 = ORIENTED_EDGE('',*,*,#825,.T.);
#2567 = ORIENTED_EDGE('',*,*,#881,.T.);
#2568 = ORIENTED_EDGE('',*,*,#931,.T.);
#2569 = ORIENTED_EDGE('',*,*,#979,.F.);
#2570 = ORIENTED_EDGE('',*,*,#640,.F.);
#2571 = PLANE('',#2572);
#2572 = AXIS2_PLACEMENT_3D('',#2573,#2574,#2575);
#2573 = CARTESIAN_POINT('',(58.25,6.88,-6.15));
#2574 = DIRECTION('',(0.,0.707106781187,-0.707106781187));
#2575 = DIRECTION('',(1.,3.E-17,3.E-17));
#2576 = ADVANCED_FACE('',(#2577),#2590,.T.);
#2577 = FACE_BOUND('',#2578,.F.);
#2578 = EDGE_LOOP('',(#2579,#2580,#2581,#2582,#2583,#2589));
#2579 = ORIENTED_EDGE('',*,*,#786,.T.);
#2580 = ORIENTED_EDGE('',*,*,#817,.T.);
#2581 = ORIENTED_EDGE('',*,*,#2561,.T.);
#2582 = ORIENTED_EDGE('',*,*,#648,.F.);
#2583 = ORIENTED_EDGE('',*,*,#2584,.F.);
#2584 = EDGE_CURVE('',#852,#649,#2585,.T.);
#2585 = LINE('',#2586,#2587);
#2586 = CARTESIAN_POINT('',(55.666666666667,23.716666666667,
    -3.316666666667));
#2587 = VECTOR('',#2588,1.);
#2588 = DIRECTION('',(0.57735026919,0.57735026919,-0.57735026919));
#2589 = ORIENTED_EDGE('',*,*,#867,.T.);
#2590 = PLANE('',#2591);
#2591 = AXIS2_PLACEMENT_3D('',#2592,#2593,#2594);
#2592 = CARTESIAN_POINT('',(58.5,26.3,-6.15));
#2593 = DIRECTION('',(-0.707106781187,0.,-0.707106781187));
#2594 = DIRECTION('',(0.,1.,0.));
#2595 = ADVANCED_FACE('',(#2596),#2604,.T.);
#2596 = FACE_BOUND('',#2597,.F.);
#2597 = EDGE_LOOP('',(#2598,#2599,#2600,#2601,#2602,#2603));
#2598 = ORIENTED_EDGE('',*,*,#905,.T.);
#2599 = ORIENTED_EDGE('',*,*,#849,.T.);
#2600 = ORIENTED_EDGE('',*,*,#2584,.T.);
#2601 = ORIENTED_EDGE('',*,*,#656,.F.);
#2602 = ORIENTED_EDGE('',*,*,#986,.F.);
#2603 = ORIENTED_EDGE('',*,*,#962,.T.);
#2604 = PLANE('',#2605);
#2605 = AXIS2_PLACEMENT_3D('',#2606,#2607,#2608);
#2606 = CARTESIAN_POINT('',(41.75,26.55,-6.15));
#2607 = DIRECTION('',(0.,-0.707106781187,-0.707106781187));
#2608 = DIRECTION('',(-1.,-0.,-0.));
#2609 = ADVANCED_FACE('',(#2610),#2616,.F.);
#2610 = FACE_BOUND('',#2611,.T.);
#2611 = EDGE_LOOP('',(#2612,#2613,#2614,#2615));
#2612 = ORIENTED_EDGE('',*,*,#1202,.F.);
#2613 = ORIENTED_EDGE('',*,*,#1322,.T.);
#2614 = ORIENTED_EDGE('',*,*,#1272,.T.);
#2615 = ORIENTED_EDGE('',*,*,#664,.F.);
#2616 = PLANE('',#2617);
#2617 = AXIS2_PLACEMENT_3D('',#2618,#2619,#2620);
#2618 = CARTESIAN_POINT('',(4.55,6.45,-6.15));
#2619 = DIRECTION('',(0.,-0.707106781187,0.707106781187));
#2620 = DIRECTION('',(-1.,-0.,-0.));
#2621 = ADVANCED_FACE('',(#2622),#2633,.F.);
#2622 = FACE_BOUND('',#2623,.T.);
#2623 = EDGE_LOOP('',(#2624,#2625,#2626,#2627));
#2624 = ORIENTED_EDGE('',*,*,#1209,.F.);
#2625 = ORIENTED_EDGE('',*,*,#682,.T.);
#2626 = ORIENTED_EDGE('',*,*,#1304,.T.);
#2627 = ORIENTED_EDGE('',*,*,#2628,.F.);
#2628 = EDGE_CURVE('',#1210,#1297,#2629,.T.);
#2629 = LINE('',#2630,#2631);
#2630 = CARTESIAN_POINT('',(4.55,22.8,-5.9));
#2631 = VECTOR('',#2632,1.);
#2632 = DIRECTION('',(1.,0.,0.));
#2633 = PLANE('',#2634);
#2634 = AXIS2_PLACEMENT_3D('',#2635,#2636,#2637);
#2635 = CARTESIAN_POINT('',(4.55,23.05,-6.15));
#2636 = DIRECTION('',(0.,0.707106781187,0.707106781187));
#2637 = DIRECTION('',(-1.,0.,0.));
#2638 = ADVANCED_FACE('',(#2639,#2655,#2689,#2723,#2757,#2791),#2825,.T.
  );
#2639 = FACE_BOUND('',#2640,.T.);
#2640 = EDGE_LOOP('',(#2641,#2642,#2648,#2649));
#2641 = ORIENTED_EDGE('',*,*,#1001,.T.);
#2642 = ORIENTED_EDGE('',*,*,#2643,.T.);
#2643 = EDGE_CURVE('',#1004,#1138,#2644,.T.);
#2644 = LINE('',#2645,#2646);
#2645 = CARTESIAN_POINT('',(1.75,18.53,-95.));
#2646 = VECTOR('',#2647,1.);
#2647 = DIRECTION('',(0.,1.,-2.2E-16));
#2648 = ORIENTED_EDGE('',*,*,#1137,.T.);
#2649 = ORIENTED_EDGE('',*,*,#2650,.F.);
#2650 = EDGE_CURVE('',#1002,#1129,#2651,.T.);
#2651 = LINE('',#2652,#2653);
#2652 = CARTESIAN_POINT('',(148.25,5.3E-16,-95.));
#2653 = VECTOR('',#2654,1.);
#2654 = DIRECTION('',(0.,1.,-2.2E-16));
#2655 = FACE_BOUND('',#2656,.T.);
#2656 = EDGE_LOOP('',(#2657,#2667,#2675,#2683));
#2657 = ORIENTED_EDGE('',*,*,#2658,.F.);
#2658 = EDGE_CURVE('',#2659,#2661,#2663,.T.);
#2659 = VERTEX_POINT('',#2660);
#2660 = CARTESIAN_POINT('',(22.65,2.,-95.));
#2661 = VERTEX_POINT('',#2662);
#2662 = CARTESIAN_POINT('',(22.65,8.8,-95.));
#2663 = LINE('',#2664,#2665);
#2664 = CARTESIAN_POINT('',(22.65,7.3,-95.));
#2665 = VECTOR('',#2666,1.);
#2666 = DIRECTION('',(0.,1.,0.));
#2667 = ORIENTED_EDGE('',*,*,#2668,.F.);
#2668 = EDGE_CURVE('',#2669,#2659,#2671,.T.);
#2669 = VERTEX_POINT('',#2670);
#2670 = CARTESIAN_POINT('',(39.15,2.,-95.));
#2671 = LINE('',#2672,#2673);
#2672 = CARTESIAN_POINT('',(39.15,2.,-95.));
#2673 = VECTOR('',#2674,1.);
#2674 = DIRECTION('',(-1.,0.,0.));
#2675 = ORIENTED_EDGE('',*,*,#2676,.F.);
#2676 = EDGE_CURVE('',#2677,#2669,#2679,.T.);
#2677 = VERTEX_POINT('',#2678);
#2678 = CARTESIAN_POINT('',(39.15,8.8,-95.));
#2679 = LINE('',#2680,#2681);
#2680 = CARTESIAN_POINT('',(39.15,7.3,-95.));
#2681 = VECTOR('',#2682,1.);
#2682 = DIRECTION('',(0.,-1.,0.));
#2683 = ORIENTED_EDGE('',*,*,#2684,.F.);
#2684 = EDGE_CURVE('',#2661,#2677,#2685,.T.);
#2685 = LINE('',#2686,#2687);
#2686 = CARTESIAN_POINT('',(22.65,8.8,-95.));
#2687 = VECTOR('',#2688,1.);
#2688 = DIRECTION('',(1.,0.,0.));
#2689 = FACE_BOUND('',#2690,.T.);
#2690 = EDGE_LOOP('',(#2691,#2701,#2709,#2717));
#2691 = ORIENTED_EDGE('',*,*,#2692,.T.);
#2692 = EDGE_CURVE('',#2693,#2695,#2697,.T.);
#2693 = VERTEX_POINT('',#2694);
#2694 = CARTESIAN_POINT('',(5.260067570652,18.53,-95.));
#2695 = VERTEX_POINT('',#2696);
#2696 = CARTESIAN_POINT('',(5.260067570652,10.3,-95.));
#2697 = LINE('',#2698,#2699);
#2698 = CARTESIAN_POINT('',(5.260067570652,10.3,-95.));
#2699 = VECTOR('',#2700,1.);
#2700 = DIRECTION('',(0.,-1.,0.));
#2701 = ORIENTED_EDGE('',*,*,#2702,.T.);
#2702 = EDGE_CURVE('',#2695,#2703,#2705,.T.);
#2703 = VERTEX_POINT('',#2704);
#2704 = CARTESIAN_POINT('',(6.739932429348,10.3,-95.));
#2705 = LINE('',#2706,#2707);
#2706 = CARTESIAN_POINT('',(11.89470101023,10.3,-95.));
#2707 = VECTOR('',#2708,1.);
#2708 = DIRECTION('',(1.,0.,0.));
#2709 = ORIENTED_EDGE('',*,*,#2710,.F.);
#2710 = EDGE_CURVE('',#2711,#2703,#2713,.T.);
#2711 = VERTEX_POINT('',#2712);
#2712 = CARTESIAN_POINT('',(6.739932429348,18.53,-95.));
#2713 = LINE('',#2714,#2715);
#2714 = CARTESIAN_POINT('',(6.739932429348,10.3,-95.));
#2715 = VECTOR('',#2716,1.);
#2716 = DIRECTION('',(0.,-1.,0.));
#2717 = ORIENTED_EDGE('',*,*,#2718,.T.);
#2718 = EDGE_CURVE('',#2711,#2693,#2719,.T.);
#2719 = LINE('',#2720,#2721);
#2720 = CARTESIAN_POINT('',(60.,18.53,-95.));
#2721 = VECTOR('',#2722,1.);
#2722 = DIRECTION('',(-1.,0.,0.));
#2723 = FACE_BOUND('',#2724,.T.);
#2724 = EDGE_LOOP('',(#2725,#2735,#2743,#2751));
#2725 = ORIENTED_EDGE('',*,*,#2726,.T.);
#2726 = EDGE_CURVE('',#2727,#2729,#2731,.T.);
#2727 = VERTEX_POINT('',#2728);
#2728 = CARTESIAN_POINT('',(55.260067570653,18.53,-95.));
#2729 = VERTEX_POINT('',#2730);
#2730 = CARTESIAN_POINT('',(55.260067570653,10.3,-95.));
#2731 = LINE('',#2732,#2733);
#2732 = CARTESIAN_POINT('',(55.260067570653,10.3,-95.));
#2733 = VECTOR('',#2734,1.);
#2734 = DIRECTION('',(0.,-1.,0.));
#2735 = ORIENTED_EDGE('',*,*,#2736,.T.);
#2736 = EDGE_CURVE('',#2729,#2737,#2739,.T.);
#2737 = VERTEX_POINT('',#2738);
#2738 = CARTESIAN_POINT('',(56.739932429347,10.3,-95.));
#2739 = LINE('',#2740,#2741);
#2740 = CARTESIAN_POINT('',(0.,10.3,-95.));
#2741 = VECTOR('',#2742,1.);
#2742 = DIRECTION('',(1.,0.,4.6E-16));
#2743 = ORIENTED_EDGE('',*,*,#2744,.F.);
#2744 = EDGE_CURVE('',#2745,#2737,#2747,.T.);
#2745 = VERTEX_POINT('',#2746);
#2746 = CARTESIAN_POINT('',(56.739932429347,18.53,-95.));
#2747 = LINE('',#2748,#2749);
#2748 = CARTESIAN_POINT('',(56.739932429347,10.3,-95.));
#2749 = VECTOR('',#2750,1.);
#2750 = DIRECTION('',(0.,-1.,0.));
#2751 = ORIENTED_EDGE('',*,*,#2752,.T.);
#2752 = EDGE_CURVE('',#2745,#2727,#2753,.T.);
#2753 = LINE('',#2754,#2755);
#2754 = CARTESIAN_POINT('',(60.,18.53,-95.));
#2755 = VECTOR('',#2756,1.);
#2756 = DIRECTION('',(-1.,0.,0.));
#2757 = FACE_BOUND('',#2758,.T.);
#2758 = EDGE_LOOP('',(#2759,#2769,#2777,#2785));
#2759 = ORIENTED_EDGE('',*,*,#2760,.F.);
#2760 = EDGE_CURVE('',#2761,#2763,#2765,.T.);
#2761 = VERTEX_POINT('',#2762);
#2762 = CARTESIAN_POINT('',(14.15,7.3,-95.));
#2763 = VERTEX_POINT('',#2764);
#2764 = CARTESIAN_POINT('',(14.15,10.3,-95.));
#2765 = LINE('',#2766,#2767);
#2766 = CARTESIAN_POINT('',(14.15,7.3,-95.));
#2767 = VECTOR('',#2768,1.);
#2768 = DIRECTION('',(0.,1.,0.));
#2769 = ORIENTED_EDGE('',*,*,#2770,.F.);
#2770 = EDGE_CURVE('',#2771,#2761,#2773,.T.);
#2771 = VERTEX_POINT('',#2772);
#2772 = CARTESIAN_POINT('',(14.2,7.3,-95.));
#2773 = LINE('',#2774,#2775);
#2774 = CARTESIAN_POINT('',(22.65,7.3,-95.));
#2775 = VECTOR('',#2776,1.);
#2776 = DIRECTION('',(-1.,0.,0.));
#2777 = ORIENTED_EDGE('',*,*,#2778,.T.);
#2778 = EDGE_CURVE('',#2771,#2779,#2781,.T.);
#2779 = VERTEX_POINT('',#2780);
#2780 = CARTESIAN_POINT('',(14.2,10.3,-95.));
#2781 = LINE('',#2782,#2783);
#2782 = CARTESIAN_POINT('',(14.2,7.3,-95.));
#2783 = VECTOR('',#2784,1.);
#2784 = DIRECTION('',(0.,1.,0.));
#2785 = ORIENTED_EDGE('',*,*,#2786,.F.);
#2786 = EDGE_CURVE('',#2763,#2779,#2787,.T.);
#2787 = LINE('',#2788,#2789);
#2788 = CARTESIAN_POINT('',(31.,10.3,-95.));
#2789 = VECTOR('',#2790,1.);
#2790 = DIRECTION('',(1.,0.,4.6E-16));
#2791 = FACE_BOUND('',#2792,.T.);
#2792 = EDGE_LOOP('',(#2793,#2803,#2811,#2819));
#2793 = ORIENTED_EDGE('',*,*,#2794,.F.);
#2794 = EDGE_CURVE('',#2795,#2797,#2799,.T.);
#2795 = VERTEX_POINT('',#2796);
#2796 = CARTESIAN_POINT('',(47.65,7.3,-95.));
#2797 = VERTEX_POINT('',#2798);
#2798 = CARTESIAN_POINT('',(47.6,7.3,-95.));
#2799 = LINE('',#2800,#2801);
#2800 = CARTESIAN_POINT('',(47.65,7.3,-95.));
#2801 = VECTOR('',#2802,1.);
#2802 = DIRECTION('',(-1.,0.,0.));
#2803 = ORIENTED_EDGE('',*,*,#2804,.F.);
#2804 = EDGE_CURVE('',#2805,#2795,#2807,.T.);
#2805 = VERTEX_POINT('',#2806);
#2806 = CARTESIAN_POINT('',(47.65,10.3,-95.));
#2807 = LINE('',#2808,#2809);
#2808 = CARTESIAN_POINT('',(47.65,10.3,-95.));
#2809 = VECTOR('',#2810,1.);
#2810 = DIRECTION('',(0.,-1.,0.));
#2811 = ORIENTED_EDGE('',*,*,#2812,.T.);
#2812 = EDGE_CURVE('',#2805,#2813,#2815,.T.);
#2813 = VERTEX_POINT('',#2814);
#2814 = CARTESIAN_POINT('',(47.6,10.3,-95.));
#2815 = LINE('',#2816,#2817);
#2816 = CARTESIAN_POINT('',(50.10529898977,10.3,-95.));
#2817 = VECTOR('',#2818,1.);
#2818 = DIRECTION('',(-1.,0.,0.));
#2819 = ORIENTED_EDGE('',*,*,#2820,.T.);
#2820 = EDGE_CURVE('',#2813,#2797,#2821,.T.);
#2821 = LINE('',#2822,#2823);
#2822 = CARTESIAN_POINT('',(47.6,10.3,-95.));
#2823 = VECTOR('',#2824,1.);
#2824 = DIRECTION('',(0.,-1.,0.));
#2825 = PLANE('',#2826);
#2826 = AXIS2_PLACEMENT_3D('',#2827,#2828,#2829);
#2827 = CARTESIAN_POINT('',(74.969666228503,37.987383592341,-95.));
#2828 = DIRECTION('',(-0.,-5.3E-16,-1.));
#2829 = DIRECTION('',(0.,-1.,5.3E-16));
#2830 = ADVANCED_FACE('',(#2831),#2842,.T.);
#2831 = FACE_BOUND('',#2832,.T.);
#2832 = EDGE_LOOP('',(#2833,#2834,#2835,#2836));
#2833 = ORIENTED_EDGE('',*,*,#1011,.T.);
#2834 = ORIENTED_EDGE('',*,*,#2650,.T.);
#2835 = ORIENTED_EDGE('',*,*,#1128,.F.);
#2836 = ORIENTED_EDGE('',*,*,#2837,.F.);
#2837 = EDGE_CURVE('',#1012,#1121,#2838,.T.);
#2838 = LINE('',#2839,#2840);
#2839 = CARTESIAN_POINT('',(150.,9.2E-16,-93.25));
#2840 = VECTOR('',#2841,1.);
#2841 = DIRECTION('',(0.,1.,-2.2E-16));
#2842 = CYLINDRICAL_SURFACE('',#2843,1.75);
#2843 = AXIS2_PLACEMENT_3D('',#2844,#2845,#2846);
#2844 = CARTESIAN_POINT('',(148.25,9.2E-16,-93.25));
#2845 = DIRECTION('',(0.,1.,-2.2E-16));
#2846 = DIRECTION('',(1.,0.,0.));
#2847 = ADVANCED_FACE('',(#2848),#2859,.T.);
#2848 = FACE_BOUND('',#2849,.F.);
#2849 = EDGE_LOOP('',(#2850,#2851,#2852,#2853));
#2850 = ORIENTED_EDGE('',*,*,#1053,.T.);
#2851 = ORIENTED_EDGE('',*,*,#2643,.T.);
#2852 = ORIENTED_EDGE('',*,*,#1145,.F.);
#2853 = ORIENTED_EDGE('',*,*,#2854,.F.);
#2854 = EDGE_CURVE('',#1046,#1146,#2855,.T.);
#2855 = LINE('',#2856,#2857);
#2856 = CARTESIAN_POINT('',(-2.2E-16,18.53,-93.25));
#2857 = VECTOR('',#2858,1.);
#2858 = DIRECTION('',(0.,1.,-2.2E-16));
#2859 = CYLINDRICAL_SURFACE('',#2860,1.75);
#2860 = AXIS2_PLACEMENT_3D('',#2861,#2862,#2863);
#2861 = CARTESIAN_POINT('',(1.75,18.53,-93.25));
#2862 = DIRECTION('',(0.,1.,-2.2E-16));
#2863 = DIRECTION('',(-1.,0.,0.));
#2864 = ADVANCED_FACE('',(#2865),#2871,.T.);
#2865 = FACE_BOUND('',#2866,.T.);
#2866 = EDGE_LOOP('',(#2867,#2868,#2869,#2870));
#2867 = ORIENTED_EDGE('',*,*,#1120,.T.);
#2868 = ORIENTED_EDGE('',*,*,#1094,.F.);
#2869 = ORIENTED_EDGE('',*,*,#1020,.T.);
#2870 = ORIENTED_EDGE('',*,*,#2837,.T.);
#2871 = PLANE('',#2872);
#2872 = AXIS2_PLACEMENT_3D('',#2873,#2874,#2875);
#2873 = CARTESIAN_POINT('',(150.,38.,-49.7));
#2874 = DIRECTION('',(1.,0.,0.));
#2875 = DIRECTION('',(0.,0.,1.));
#2876 = ADVANCED_FACE('',(#2877,#2883,#2917,#2951),#2971,.T.);
#2877 = FACE_BOUND('',#2878,.T.);
#2878 = EDGE_LOOP('',(#2879,#2880,#2881,#2882));
#2879 = ORIENTED_EDGE('',*,*,#1154,.T.);
#2880 = ORIENTED_EDGE('',*,*,#2854,.F.);
#2881 = ORIENTED_EDGE('',*,*,#1045,.T.);
#2882 = ORIENTED_EDGE('',*,*,#1069,.T.);
#2883 = FACE_BOUND('',#2884,.T.);
#2884 = EDGE_LOOP('',(#2885,#2895,#2903,#2911));
#2885 = ORIENTED_EDGE('',*,*,#2886,.F.);
#2886 = EDGE_CURVE('',#2887,#2889,#2891,.T.);
#2887 = VERTEX_POINT('',#2888);
#2888 = CARTESIAN_POINT('',(0.,5.18,-70.15));
#2889 = VERTEX_POINT('',#2890);
#2890 = CARTESIAN_POINT('',(0.,5.18,-49.15));
#2891 = LINE('',#2892,#2893);
#2892 = CARTESIAN_POINT('',(0.,5.18,-70.15));
#2893 = VECTOR('',#2894,1.);
#2894 = DIRECTION('',(0.,0.,1.));
#2895 = ORIENTED_EDGE('',*,*,#2896,.F.);
#2896 = EDGE_CURVE('',#2897,#2887,#2899,.T.);
#2897 = VERTEX_POINT('',#2898);
#2898 = CARTESIAN_POINT('',(0.,16.23,-70.15));
#2899 = LINE('',#2900,#2901);
#2900 = CARTESIAN_POINT('',(0.,10.3,-70.15));
#2901 = VECTOR('',#2902,1.);
#2902 = DIRECTION('',(0.,-1.,0.));
#2903 = ORIENTED_EDGE('',*,*,#2904,.F.);
#2904 = EDGE_CURVE('',#2905,#2897,#2907,.T.);
#2905 = VERTEX_POINT('',#2906);
#2906 = CARTESIAN_POINT('',(0.,16.23,-49.15));
#2907 = LINE('',#2908,#2909);
#2908 = CARTESIAN_POINT('',(0.,16.23,-49.15));
#2909 = VECTOR('',#2910,1.);
#2910 = DIRECTION('',(0.,0.,-1.));
#2911 = ORIENTED_EDGE('',*,*,#2912,.F.);
#2912 = EDGE_CURVE('',#2889,#2905,#2913,.T.);
#2913 = LINE('',#2914,#2915);
#2914 = CARTESIAN_POINT('',(0.,10.3,-49.15));
#2915 = VECTOR('',#2916,1.);
#2916 = DIRECTION('',(0.,1.,0.));
#2917 = FACE_BOUND('',#2918,.T.);
#2918 = EDGE_LOOP('',(#2919,#2929,#2937,#2945));
#2919 = ORIENTED_EDGE('',*,*,#2920,.F.);
#2920 = EDGE_CURVE('',#2921,#2923,#2925,.T.);
#2921 = VERTEX_POINT('',#2922);
#2922 = CARTESIAN_POINT('',(0.,5.05,-87.05));
#2923 = VERTEX_POINT('',#2924);
#2924 = CARTESIAN_POINT('',(0.,5.05,-75.05));
#2925 = LINE('',#2926,#2927);
#2926 = CARTESIAN_POINT('',(0.,5.05,-87.05));
#2927 = VECTOR('',#2928,1.);
#2928 = DIRECTION('',(0.,0.,1.));
#2929 = ORIENTED_EDGE('',*,*,#2930,.F.);
#2930 = EDGE_CURVE('',#2931,#2921,#2933,.T.);
#2931 = VERTEX_POINT('',#2932);
#2932 = CARTESIAN_POINT('',(0.,12.3,-87.05));
#2933 = LINE('',#2934,#2935);
#2934 = CARTESIAN_POINT('',(0.,10.3,-87.05));
#2935 = VECTOR('',#2936,1.);
#2936 = DIRECTION('',(0.,-1.,0.));
#2937 = ORIENTED_EDGE('',*,*,#2938,.F.);
#2938 = EDGE_CURVE('',#2939,#2931,#2941,.T.);
#2939 = VERTEX_POINT('',#2940);
#2940 = CARTESIAN_POINT('',(0.,12.3,-75.05));
#2941 = LINE('',#2942,#2943);
#2942 = CARTESIAN_POINT('',(0.,12.3,-75.05));
#2943 = VECTOR('',#2944,1.);
#2944 = DIRECTION('',(0.,0.,-1.));
#2945 = ORIENTED_EDGE('',*,*,#2946,.F.);
#2946 = EDGE_CURVE('',#2923,#2939,#2947,.T.);
#2947 = LINE('',#2948,#2949);
#2948 = CARTESIAN_POINT('',(0.,10.3,-75.05));
#2949 = VECTOR('',#2950,1.);
#2950 = DIRECTION('',(0.,1.,0.));
#2951 = FACE_BOUND('',#2952,.T.);
#2952 = EDGE_LOOP('',(#2953,#2964));
#2953 = ORIENTED_EDGE('',*,*,#2954,.F.);
#2954 = EDGE_CURVE('',#2955,#2957,#2959,.T.);
#2955 = VERTEX_POINT('',#2956);
#2956 = CARTESIAN_POINT('',(0.,10.3,-42.9));
#2957 = VERTEX_POINT('',#2958);
#2958 = CARTESIAN_POINT('',(0.,10.3,-33.4));
#2959 = CIRCLE('',#2960,4.75);
#2960 = AXIS2_PLACEMENT_3D('',#2961,#2962,#2963);
#2961 = CARTESIAN_POINT('',(0.,10.3,-38.15));
#2962 = DIRECTION('',(-1.,0.,0.));
#2963 = DIRECTION('',(0.,0.,-1.));
#2964 = ORIENTED_EDGE('',*,*,#2965,.F.);
#2965 = EDGE_CURVE('',#2957,#2955,#2966,.T.);
#2966 = CIRCLE('',#2967,4.75);
#2967 = AXIS2_PLACEMENT_3D('',#2968,#2969,#2970);
#2968 = CARTESIAN_POINT('',(0.,10.3,-38.15));
#2969 = DIRECTION('',(-1.,0.,0.));
#2970 = DIRECTION('',(0.,0.,1.));
#2971 = PLANE('',#2972);
#2972 = AXIS2_PLACEMENT_3D('',#2973,#2974,#2975);
#2973 = CARTESIAN_POINT('',(0.,37.893236345249,-49.52519797141));
#2974 = DIRECTION('',(-1.,-0.,-0.));
#2975 = DIRECTION('',(0.,0.,-1.));
#2976 = ADVANCED_FACE('',(#2977,#3163,#3197,#3231),#3265,.T.);
#2977 = FACE_BOUND('',#2978,.T.);
#2978 = EDGE_LOOP('',(#2979,#2980,#2988,#3002,#3010,#3038,#3046,#3052,
    #3053,#3054,#3055,#3063,#3071,#3103,#3111,#3125,#3131,#3132,#3140,
    #3148,#3156,#3162));
#2979 = ORIENTED_EDGE('',*,*,#1518,.T.);
#2980 = ORIENTED_EDGE('',*,*,#2981,.T.);
#2981 = EDGE_CURVE('',#1511,#2982,#2984,.T.);
#2982 = VERTEX_POINT('',#2983);
#2983 = CARTESIAN_POINT('',(145.75,62.,-93.));
#2984 = LINE('',#2985,#2986);
#2985 = CARTESIAN_POINT('',(148.,62.,-93.));
#2986 = VECTOR('',#2987,1.);
#2987 = DIRECTION('',(-1.,0.,0.));
#2988 = ORIENTED_EDGE('',*,*,#2989,.T.);
#2989 = EDGE_CURVE('',#2982,#2990,#2992,.T.);
#2990 = VERTEX_POINT('',#2991);
#2991 = CARTESIAN_POINT('',(144.25,62.,-93.));
#2992 = ( BOUNDED_CURVE() B_SPLINE_CURVE(8,(#2993,#2994,#2995,#2996,
    #2997,#2998,#2999,#3000,#3001),.UNSPECIFIED.,.F.,.F.) 
B_SPLINE_CURVE_WITH_KNOTS((9,9),(2.25,3.75),.PIECEWISE_BEZIER_KNOTS.) 
CURVE() GEOMETRIC_REPRESENTATION_ITEM() RATIONAL_B_SPLINE_CURVE((1.,1.,
1.,1.,1.,1.,1.,1.,1.)) REPRESENTATION_ITEM('') );
#2993 = CARTESIAN_POINT('',(145.75,62.,-93.));
#2994 = CARTESIAN_POINT('',(145.5625,62.,-93.));
#2995 = CARTESIAN_POINT('',(145.375,62.011228192724,-93.));
#2996 = CARTESIAN_POINT('',(145.1875,62.01681485935,-93.));
#2997 = CARTESIAN_POINT('',(144.99999999999,62.021484711781,-93.));
#2998 = CARTESIAN_POINT('',(144.8125,62.01681485935,-93.));
#2999 = CARTESIAN_POINT('',(144.625,62.011228192724,-93.));
#3000 = CARTESIAN_POINT('',(144.4375,62.,-93.));
#3001 = CARTESIAN_POINT('',(144.25,62.,-93.));
#3002 = ORIENTED_EDGE('',*,*,#3003,.T.);
#3003 = EDGE_CURVE('',#2990,#3004,#3006,.T.);
#3004 = VERTEX_POINT('',#3005);
#3005 = CARTESIAN_POINT('',(144.,62.,-93.));
#3006 = LINE('',#3007,#3008);
#3007 = CARTESIAN_POINT('',(148.,62.,-93.));
#3008 = VECTOR('',#3009,1.);
#3009 = DIRECTION('',(-1.,0.,0.));
#3010 = ORIENTED_EDGE('',*,*,#3011,.T.);
#3011 = EDGE_CURVE('',#3004,#3012,#3014,.T.);
#3012 = VERTEX_POINT('',#3013);
#3013 = CARTESIAN_POINT('',(142.,66.,-93.));
#3014 = B_SPLINE_CURVE_WITH_KNOTS('',8,(#3015,#3016,#3017,#3018,#3019,
    #3020,#3021,#3022,#3023,#3024,#3025,#3026,#3027,#3028,#3029,#3030,
    #3031,#3032,#3033,#3034,#3035,#3036,#3037),.UNSPECIFIED.,.F.,.F.,(9,
    7,7,9),(0.,0.25,0.5,1.),.UNSPECIFIED.);
#3015 = CARTESIAN_POINT('',(144.,62.,-93.));
#3016 = CARTESIAN_POINT('',(143.8496423229,62.,-93.));
#3017 = CARTESIAN_POINT('',(143.70215927075,62.034355436851,-93.));
#3018 = CARTESIAN_POINT('',(143.55924708554,62.099429774304,-93.));
#3019 = CARTESIAN_POINT('',(143.43508438357,62.185522078229,-93.));
#3020 = CARTESIAN_POINT('',(143.31818804491,62.278540888347,-93.));
#3021 = CARTESIAN_POINT('',(143.21053159886,62.385671842536,-93.));
#3022 = CARTESIAN_POINT('',(143.1114240911,62.49738907522,-93.));
#3023 = CARTESIAN_POINT('',(142.92680880573,62.733073738627,-93.));
#3024 = CARTESIAN_POINT('',(142.84149849522,62.856521673336,
    -92.99999999999));
#3025 = CARTESIAN_POINT('',(142.76240759406,62.984056048774,-93.));
#3026 = CARTESIAN_POINT('',(142.68890077423,63.114720599784,
    -92.99999999999));
#3027 = CARTESIAN_POINT('',(142.62047384118,63.247958829579,-93.));
#3028 = CARTESIAN_POINT('',(142.5567422724,63.383450880984,
    -92.99999999999));
#3029 = CARTESIAN_POINT('',(142.497429756,63.520950407691,-93.));
#3030 = CARTESIAN_POINT('',(142.3322106761,63.938463521124,-93.));
#3031 = CARTESIAN_POINT('',(142.23896576572,64.223672955683,
    -92.99999999999));
#3032 = CARTESIAN_POINT('',(142.16120501728,64.513416899268,-93.));
#3033 = CARTESIAN_POINT('',(142.09826351307,64.806738571492,
    -92.99999999999));
#3034 = CARTESIAN_POINT('',(142.05007728607,65.102999645782,-93.));
#3035 = CARTESIAN_POINT('',(142.0170589397,65.401336816135,
    -92.99999999999));
#3036 = CARTESIAN_POINT('',(142.,65.700632546062,-93.));
#3037 = CARTESIAN_POINT('',(142.,66.,-93.));
#3038 = ORIENTED_EDGE('',*,*,#3039,.T.);
#3039 = EDGE_CURVE('',#3012,#3040,#3042,.T.);
#3040 = VERTEX_POINT('',#3041);
#3041 = CARTESIAN_POINT('',(142.,72.,-93.));
#3042 = LINE('',#3043,#3044);
#3043 = CARTESIAN_POINT('',(142.,64.,-93.));
#3044 = VECTOR('',#3045,1.);
#3045 = DIRECTION('',(0.,1.,1.78E-15));
#3046 = ORIENTED_EDGE('',*,*,#3047,.F.);
#3047 = EDGE_CURVE('',#1437,#3040,#3048,.T.);
#3048 = LINE('',#3049,#3050);
#3049 = CARTESIAN_POINT('',(148.,72.,-93.));
#3050 = VECTOR('',#3051,1.);
#3051 = DIRECTION('',(-1.,0.,0.));
#3052 = ORIENTED_EDGE('',*,*,#1436,.T.);
#3053 = ORIENTED_EDGE('',*,*,#1171,.T.);
#3054 = ORIENTED_EDGE('',*,*,#1747,.F.);
#3055 = ORIENTED_EDGE('',*,*,#3056,.T.);
#3056 = EDGE_CURVE('',#1740,#3057,#3059,.T.);
#3057 = VERTEX_POINT('',#3058);
#3058 = CARTESIAN_POINT('',(8.,72.,-93.));
#3059 = LINE('',#3060,#3061);
#3060 = CARTESIAN_POINT('',(2.,72.,-93.));
#3061 = VECTOR('',#3062,1.);
#3062 = DIRECTION('',(1.,0.,0.));
#3063 = ORIENTED_EDGE('',*,*,#3064,.F.);
#3064 = EDGE_CURVE('',#3065,#3057,#3067,.T.);
#3065 = VERTEX_POINT('',#3066);
#3066 = CARTESIAN_POINT('',(8.,66.,-93.));
#3067 = LINE('',#3068,#3069);
#3068 = CARTESIAN_POINT('',(8.,64.,-93.));
#3069 = VECTOR('',#3070,1.);
#3070 = DIRECTION('',(0.,1.,0.));
#3071 = ORIENTED_EDGE('',*,*,#3072,.F.);
#3072 = EDGE_CURVE('',#3073,#3065,#3075,.T.);
#3073 = VERTEX_POINT('',#3074);
#3074 = CARTESIAN_POINT('',(6.,62.,-93.));
#3075 = B_SPLINE_CURVE_WITH_KNOTS('',6,(#3076,#3077,#3078,#3079,#3080,
    #3081,#3082,#3083,#3084,#3085,#3086,#3087,#3088,#3089,#3090,#3091,
    #3092,#3093,#3094,#3095,#3096,#3097,#3098,#3099,#3100,#3101,#3102),
  .UNSPECIFIED.,.F.,.F.,(7,5,5,5,5,7),(0.,0.125,0.25,0.5,0.75,1.),
  .UNSPECIFIED.);
#3076 = CARTESIAN_POINT('',(6.,62.,-93.));
#3077 = CARTESIAN_POINT('',(6.100238451399,62.,-93.));
#3078 = CARTESIAN_POINT('',(6.198961640333,62.015949134467,
    -92.99999999999));
#3079 = CARTESIAN_POINT('',(6.29631717108,62.046994342169,-93.));
#3080 = CARTESIAN_POINT('',(6.387100808462,62.089131664018,
    -92.99999999999));
#3081 = CARTESIAN_POINT('',(6.473597810843,62.13983667585,
    -92.99999999999));
#3082 = CARTESIAN_POINT('',(6.636927238842,62.254761960647,
    -92.99999999999));
#3083 = CARTESIAN_POINT('',(6.713575190506,62.318718279402,
    -92.99999999999));
#3084 = CARTESIAN_POINT('',(6.786109211052,62.387882068445,
    -92.99999999999));
#3085 = CARTESIAN_POINT('',(6.854669630589,62.460861822087,
    -92.99999999999));
#3086 = CARTESIAN_POINT('',(6.919345123127,62.536669852454,
    -92.99999999999));
#3087 = CARTESIAN_POINT('',(7.1039604085,62.772354515861,-92.99999999999
    ));
#3088 = CARTESIAN_POINT('',(7.213975578673,62.939941417076,
    -92.99999999999));
#3089 = CARTESIAN_POINT('',(7.31310724607,63.113738456193,
    -92.99999999999));
#3090 = CARTESIAN_POINT('',(7.402868152054,63.292118832066,
    -92.99999999999));
#3091 = CARTESIAN_POINT('',(7.484212568453,63.474560061753,
    -92.99999999999));
#3092 = CARTESIAN_POINT('',(7.631073972809,63.84568282925,
    -92.99999999999));
#3093 = CARTESIAN_POINT('',(7.696642589038,64.03453557532,
    -92.99999999999));
#3094 = CARTESIAN_POINT('',(7.754766808719,64.22559728582,-93.));
#3095 = CARTESIAN_POINT('',(7.805781289186,64.418632592486,
    -92.99999999999));
#3096 = CARTESIAN_POINT('',(7.84983706256,64.613537244258,-93.));
#3097 = CARTESIAN_POINT('',(7.923764822622,65.005707145425,-93.));
#3098 = CARTESIAN_POINT('',(7.953687510865,65.203186350638,-93.));
#3099 = CARTESIAN_POINT('',(7.976503114456,65.401694043255,-93.));
#3100 = CARTESIAN_POINT('',(7.992035841286,65.600882431166,-93.));
#3101 = CARTESIAN_POINT('',(8.,65.800421697375,-93.));
#3102 = CARTESIAN_POINT('',(8.,66.,-93.));
#3103 = ORIENTED_EDGE('',*,*,#3104,.F.);
#3104 = EDGE_CURVE('',#3105,#3073,#3107,.T.);
#3105 = VERTEX_POINT('',#3106);
#3106 = CARTESIAN_POINT('',(5.75,62.,-93.));
#3107 = LINE('',#3108,#3109);
#3108 = CARTESIAN_POINT('',(2.,62.,-93.));
#3109 = VECTOR('',#3110,1.);
#3110 = DIRECTION('',(1.,0.,0.));
#3111 = ORIENTED_EDGE('',*,*,#3112,.F.);
#3112 = EDGE_CURVE('',#3113,#3105,#3115,.T.);
#3113 = VERTEX_POINT('',#3114);
#3114 = CARTESIAN_POINT('',(4.25,62.,-93.));
#3115 = ( BOUNDED_CURVE() B_SPLINE_CURVE(8,(#3116,#3117,#3118,#3119,
    #3120,#3121,#3122,#3123,#3124),.UNSPECIFIED.,.F.,.F.) 
B_SPLINE_CURVE_WITH_KNOTS((9,9),(2.25,3.75),.PIECEWISE_BEZIER_KNOTS.) 
CURVE() GEOMETRIC_REPRESENTATION_ITEM() RATIONAL_B_SPLINE_CURVE((1.,1.,
1.,1.,1.,1.,1.,1.,1.)) REPRESENTATION_ITEM('') );
#3116 = CARTESIAN_POINT('',(4.25,62.,-93.));
#3117 = CARTESIAN_POINT('',(4.4375,62.,-93.));
#3118 = CARTESIAN_POINT('',(4.625,62.011228192723,-93.));
#3119 = CARTESIAN_POINT('',(4.8125,62.01681485935,-93.));
#3120 = CARTESIAN_POINT('',(5.,62.021484711781,-93.));
#3121 = CARTESIAN_POINT('',(5.1875,62.01681485935,-93.));
#3122 = CARTESIAN_POINT('',(5.375,62.011228192723,-93.));
#3123 = CARTESIAN_POINT('',(5.5625,62.,-93.));
#3124 = CARTESIAN_POINT('',(5.75,62.,-93.));
#3125 = ORIENTED_EDGE('',*,*,#3126,.F.);
#3126 = EDGE_CURVE('',#1656,#3113,#3127,.T.);
#3127 = LINE('',#3128,#3129);
#3128 = CARTESIAN_POINT('',(2.,62.,-93.));
#3129 = VECTOR('',#3130,1.);
#3130 = DIRECTION('',(1.,0.,0.));
#3131 = ORIENTED_EDGE('',*,*,#1653,.F.);
#3132 = ORIENTED_EDGE('',*,*,#3133,.T.);
#3133 = EDGE_CURVE('',#1654,#3134,#3136,.T.);
#3134 = VERTEX_POINT('',#3135);
#3135 = CARTESIAN_POINT('',(3.,18.53,-93.));
#3136 = LINE('',#3137,#3138);
#3137 = CARTESIAN_POINT('',(2.,18.53,-93.));
#3138 = VECTOR('',#3139,1.);
#3139 = DIRECTION('',(1.,0.,0.));
#3140 = ORIENTED_EDGE('',*,*,#3141,.F.);
#3141 = EDGE_CURVE('',#3142,#3134,#3144,.T.);
#3142 = VERTEX_POINT('',#3143);
#3143 = CARTESIAN_POINT('',(3.,10.3,-93.));
#3144 = LINE('',#3145,#3146);
#3145 = CARTESIAN_POINT('',(3.,10.3,-93.));
#3146 = VECTOR('',#3147,1.);
#3147 = DIRECTION('',(0.,1.,0.));
#3148 = ORIENTED_EDGE('',*,*,#3149,.F.);
#3149 = EDGE_CURVE('',#3150,#3142,#3152,.T.);
#3150 = VERTEX_POINT('',#3151);
#3151 = CARTESIAN_POINT('',(2.5,10.3,-93.));
#3152 = LINE('',#3153,#3154);
#3153 = CARTESIAN_POINT('',(2.5,10.3,-93.));
#3154 = VECTOR('',#3155,1.);
#3155 = DIRECTION('',(1.,0.,0.));
#3156 = ORIENTED_EDGE('',*,*,#3157,.F.);
#3157 = EDGE_CURVE('',#1551,#3150,#3158,.T.);
#3158 = LINE('',#3159,#3160);
#3159 = CARTESIAN_POINT('',(2.5,2.,-93.));
#3160 = VECTOR('',#3161,1.);
#3161 = DIRECTION('',(0.,1.,0.));
#3162 = ORIENTED_EDGE('',*,*,#1550,.T.);
#3163 = FACE_BOUND('',#3164,.T.);
#3164 = EDGE_LOOP('',(#3165,#3175,#3183,#3191));
#3165 = ORIENTED_EDGE('',*,*,#3166,.T.);
#3166 = EDGE_CURVE('',#3167,#3169,#3171,.T.);
#3167 = VERTEX_POINT('',#3168);
#3168 = CARTESIAN_POINT('',(24.15,3.5,-93.));
#3169 = VERTEX_POINT('',#3170);
#3170 = CARTESIAN_POINT('',(24.15,7.3,-93.));
#3171 = LINE('',#3172,#3173);
#3172 = CARTESIAN_POINT('',(24.15,3.5,-93.));
#3173 = VECTOR('',#3174,1.);
#3174 = DIRECTION('',(0.,1.,0.));
#3175 = ORIENTED_EDGE('',*,*,#3176,.F.);
#3176 = EDGE_CURVE('',#3177,#3169,#3179,.T.);
#3177 = VERTEX_POINT('',#3178);
#3178 = CARTESIAN_POINT('',(37.65,7.3,-93.));
#3179 = LINE('',#3180,#3181);
#3180 = CARTESIAN_POINT('',(47.6,7.3,-93.));
#3181 = VECTOR('',#3182,1.);
#3182 = DIRECTION('',(-1.,0.,0.));
#3183 = ORIENTED_EDGE('',*,*,#3184,.F.);
#3184 = EDGE_CURVE('',#3185,#3177,#3187,.T.);
#3185 = VERTEX_POINT('',#3186);
#3186 = CARTESIAN_POINT('',(37.65,3.5,-93.));
#3187 = LINE('',#3188,#3189);
#3188 = CARTESIAN_POINT('',(37.65,3.5,-93.));
#3189 = VECTOR('',#3190,1.);
#3190 = DIRECTION('',(0.,1.,0.));
#3191 = ORIENTED_EDGE('',*,*,#3192,.F.);
#3192 = EDGE_CURVE('',#3167,#3185,#3193,.T.);
#3193 = LINE('',#3194,#3195);
#3194 = CARTESIAN_POINT('',(24.15,3.5,-93.));
#3195 = VECTOR('',#3196,1.);
#3196 = DIRECTION('',(1.,0.,0.));
#3197 = FACE_BOUND('',#3198,.T.);
#3198 = EDGE_LOOP('',(#3199,#3209,#3217,#3225));
#3199 = ORIENTED_EDGE('',*,*,#3200,.T.);
#3200 = EDGE_CURVE('',#3201,#3203,#3205,.T.);
#3201 = VERTEX_POINT('',#3202);
#3202 = CARTESIAN_POINT('',(14.15,7.3,-93.));
#3203 = VERTEX_POINT('',#3204);
#3204 = CARTESIAN_POINT('',(14.15,10.3,-93.));
#3205 = LINE('',#3206,#3207);
#3206 = CARTESIAN_POINT('',(14.15,7.3,-93.));
#3207 = VECTOR('',#3208,1.);
#3208 = DIRECTION('',(0.,1.,0.));
#3209 = ORIENTED_EDGE('',*,*,#3210,.T.);
#3210 = EDGE_CURVE('',#3203,#3211,#3213,.T.);
#3211 = VERTEX_POINT('',#3212);
#3212 = CARTESIAN_POINT('',(14.2,10.3,-93.));
#3213 = LINE('',#3214,#3215);
#3214 = CARTESIAN_POINT('',(3.,10.3,-93.));
#3215 = VECTOR('',#3216,1.);
#3216 = DIRECTION('',(1.,0.,0.));
#3217 = ORIENTED_EDGE('',*,*,#3218,.F.);
#3218 = EDGE_CURVE('',#3219,#3211,#3221,.T.);
#3219 = VERTEX_POINT('',#3220);
#3220 = CARTESIAN_POINT('',(14.2,7.3,-93.));
#3221 = LINE('',#3222,#3223);
#3222 = CARTESIAN_POINT('',(14.2,7.3,-93.));
#3223 = VECTOR('',#3224,1.);
#3224 = DIRECTION('',(0.,1.,0.));
#3225 = ORIENTED_EDGE('',*,*,#3226,.T.);
#3226 = EDGE_CURVE('',#3219,#3201,#3227,.T.);
#3227 = LINE('',#3228,#3229);
#3228 = CARTESIAN_POINT('',(24.15,7.3,-93.));
#3229 = VECTOR('',#3230,1.);
#3230 = DIRECTION('',(-1.,0.,0.));
#3231 = FACE_BOUND('',#3232,.T.);
#3232 = EDGE_LOOP('',(#3233,#3243,#3251,#3259));
#3233 = ORIENTED_EDGE('',*,*,#3234,.T.);
#3234 = EDGE_CURVE('',#3235,#3237,#3239,.T.);
#3235 = VERTEX_POINT('',#3236);
#3236 = CARTESIAN_POINT('',(47.65,7.3,-93.));
#3237 = VERTEX_POINT('',#3238);
#3238 = CARTESIAN_POINT('',(47.6,7.3,-93.));
#3239 = LINE('',#3240,#3241);
#3240 = CARTESIAN_POINT('',(47.65,7.3,-93.));
#3241 = VECTOR('',#3242,1.);
#3242 = DIRECTION('',(-1.,0.,0.));
#3243 = ORIENTED_EDGE('',*,*,#3244,.F.);
#3244 = EDGE_CURVE('',#3245,#3237,#3247,.T.);
#3245 = VERTEX_POINT('',#3246);
#3246 = CARTESIAN_POINT('',(47.6,10.3,-93.));
#3247 = LINE('',#3248,#3249);
#3248 = CARTESIAN_POINT('',(47.6,10.3,-93.));
#3249 = VECTOR('',#3250,1.);
#3250 = DIRECTION('',(0.,-1.,0.));
#3251 = ORIENTED_EDGE('',*,*,#3252,.T.);
#3252 = EDGE_CURVE('',#3245,#3253,#3255,.T.);
#3253 = VERTEX_POINT('',#3254);
#3254 = CARTESIAN_POINT('',(47.65,10.3,-93.));
#3255 = LINE('',#3256,#3257);
#3256 = CARTESIAN_POINT('',(47.6,10.3,-93.));
#3257 = VECTOR('',#3258,1.);
#3258 = DIRECTION('',(1.,0.,0.));
#3259 = ORIENTED_EDGE('',*,*,#3260,.T.);
#3260 = EDGE_CURVE('',#3253,#3235,#3261,.T.);
#3261 = LINE('',#3262,#3263);
#3262 = CARTESIAN_POINT('',(47.65,10.3,-93.));
#3263 = VECTOR('',#3264,1.);
#3264 = DIRECTION('',(0.,-1.,0.));
#3265 = PLANE('',#3266);
#3266 = AXIS2_PLACEMENT_3D('',#3267,#3268,#3269);
#3267 = CARTESIAN_POINT('',(74.864240362812,38.962993197279,-93.));
#3268 = DIRECTION('',(0.,0.,1.));
#3269 = DIRECTION('',(1.,0.,0.));
#3270 = ADVANCED_FACE('',(#3271),#3282,.T.);
#3271 = FACE_BOUND('',#3272,.T.);
#3272 = EDGE_LOOP('',(#3273,#3274,#3275,#3276));
#3273 = ORIENTED_EDGE('',*,*,#1288,.F.);
#3274 = ORIENTED_EDGE('',*,*,#1257,.F.);
#3275 = ORIENTED_EDGE('',*,*,#1225,.T.);
#3276 = ORIENTED_EDGE('',*,*,#3277,.T.);
#3277 = EDGE_CURVE('',#1218,#1289,#3278,.T.);
#3278 = LINE('',#3279,#3280);
#3279 = CARTESIAN_POINT('',(0.,22.8,-5.6));
#3280 = VECTOR('',#3281,1.);
#3281 = DIRECTION('',(1.,0.,0.));
#3282 = PLANE('',#3283);
#3283 = AXIS2_PLACEMENT_3D('',#3284,#3285,#3286);
#3284 = CARTESIAN_POINT('',(14.279514242116,19.800872329603,-5.6));
#3285 = DIRECTION('',(-3.E-16,1.037E-14,-1.));
#3286 = DIRECTION('',(0.,-1.,-1.037E-14));
#3287 = ADVANCED_FACE('',(#3288),#3294,.F.);
#3288 = FACE_BOUND('',#3289,.F.);
#3289 = EDGE_LOOP('',(#3290,#3291,#3292,#3293));
#3290 = ORIENTED_EDGE('',*,*,#1296,.F.);
#3291 = ORIENTED_EDGE('',*,*,#2628,.F.);
#3292 = ORIENTED_EDGE('',*,*,#1217,.T.);
#3293 = ORIENTED_EDGE('',*,*,#3277,.T.);
#3294 = PLANE('',#3295);
#3295 = AXIS2_PLACEMENT_3D('',#3296,#3297,#3298);
#3296 = CARTESIAN_POINT('',(0.,22.8,-6.4));
#3297 = DIRECTION('',(0.,1.,0.));
#3298 = DIRECTION('',(1.,0.,0.));
#3299 = ADVANCED_FACE('',(#3300),#3324,.T.);
#3300 = FACE_BOUND('',#3301,.T.);
#3301 = EDGE_LOOP('',(#3302,#3303,#3317,#3323));
#3302 = ORIENTED_EDGE('',*,*,#1345,.T.);
#3303 = ORIENTED_EDGE('',*,*,#3304,.T.);
#3304 = EDGE_CURVE('',#1338,#3305,#3307,.T.);
#3305 = VERTEX_POINT('',#3306);
#3306 = CARTESIAN_POINT('',(146.,64.,-10.15));
#3307 = ( BOUNDED_CURVE() B_SPLINE_CURVE(8,(#3308,#3309,#3310,#3311,
    #3312,#3313,#3314,#3315,#3316),.UNSPECIFIED.,.F.,.F.) 
B_SPLINE_CURVE_WITH_KNOTS((9,9),(2.25,3.75),.PIECEWISE_BEZIER_KNOTS.) 
CURVE() GEOMETRIC_REPRESENTATION_ITEM() RATIONAL_B_SPLINE_CURVE((1.,1.,
1.,1.,1.,1.,1.,1.,1.)) REPRESENTATION_ITEM('') );
#3308 = CARTESIAN_POINT('',(146.,64.,-8.65));
#3309 = CARTESIAN_POINT('',(146.140625,64.,-8.8375));
#3310 = CARTESIAN_POINT('',(146.21860697218,64.,-9.025));
#3311 = CARTESIAN_POINT('',(146.26777564946,64.,-9.2125));
#3312 = CARTESIAN_POINT('',(146.27881015871,64.,-9.4));
#3313 = CARTESIAN_POINT('',(146.26777564946,64.,-9.5875));
#3314 = CARTESIAN_POINT('',(146.21860697218,64.,-9.775));
#3315 = CARTESIAN_POINT('',(146.140625,64.,-9.9625));
#3316 = CARTESIAN_POINT('',(146.,64.,-10.15));
#3317 = ORIENTED_EDGE('',*,*,#3318,.F.);
#3318 = EDGE_CURVE('',#1371,#3305,#3319,.T.);
#3319 = ( BOUNDED_CURVE() B_SPLINE_CURVE(2,(#3320,#3321,#3322),
.UNSPECIFIED.,.F.,.F.) B_SPLINE_CURVE_WITH_KNOTS((3,3),(0.,1.5),
.PIECEWISE_BEZIER_KNOTS.) CURVE() GEOMETRIC_REPRESENTATION_ITEM() 
RATIONAL_B_SPLINE_CURVE((1.,0.707106781187,1.)) REPRESENTATION_ITEM('') 
  );
#3320 = CARTESIAN_POINT('',(148.,62.,-10.15));
#3321 = CARTESIAN_POINT('',(148.,64.,-10.15));
#3322 = CARTESIAN_POINT('',(146.,64.,-10.15));
#3323 = ORIENTED_EDGE('',*,*,#1370,.F.);
#3324 = ( BOUNDED_SURFACE() B_SPLINE_SURFACE(2,8,(
    (#3325,#3326,#3327,#3328,#3329,#3330,#3331,#3332,#3333)
    ,(#3334,#3335,#3336,#3337,#3338,#3339,#3340,#3341,#3342)
    ,(#3343,#3344,#3345,#3346,#3347,#3348,#3349,#3350,#3351
)),.UNSPECIFIED.,.F.,.F.,.F.) B_SPLINE_SURFACE_WITH_KNOTS((3,3),(9,9),(
    0.,1.5),(2.25,3.75),.PIECEWISE_BEZIER_KNOTS.) 
GEOMETRIC_REPRESENTATION_ITEM() RATIONAL_B_SPLINE_SURFACE((
    (1.,1.,1.,1.,1.,1.,1.,1.,1.)
    ,(0.707106781187,0.731966003963,0.74476096418,0.753081455647
      ,0.754607029964,0.753081455647,0.74476096418,0.731966003963
      ,0.707106781187)
,(1.,1.,1.,1.,1.,1.,1.,1.,1.))) REPRESENTATION_ITEM('') SURFACE() );
#3325 = CARTESIAN_POINT('',(148.,62.,-8.65));
#3326 = CARTESIAN_POINT('',(148.,62.,-8.8375));
#3327 = CARTESIAN_POINT('',(148.,62.011228192723,-9.025));
#3328 = CARTESIAN_POINT('',(148.,62.01681485935,-9.2125));
#3329 = CARTESIAN_POINT('',(148.,62.021484711781,-9.4));
#3330 = CARTESIAN_POINT('',(148.,62.01681485935,-9.5875));
#3331 = CARTESIAN_POINT('',(148.,62.011228192723,-9.775));
#3332 = CARTESIAN_POINT('',(148.,62.,-9.9625));
#3333 = CARTESIAN_POINT('',(148.,62.,-10.15));
#3334 = CARTESIAN_POINT('',(148.,64.,-8.65));
#3335 = CARTESIAN_POINT('',(148.,63.864150943396,-8.831132075472));
#3336 = CARTESIAN_POINT('',(148.,63.803118168414,-9.020225859468));
#3337 = CARTESIAN_POINT('',(148.,63.765009945851,-9.209179036615));
#3338 = CARTESIAN_POINT('',(148.,63.759400619609,-9.4));
#3339 = CARTESIAN_POINT('',(148.,63.765009945851,-9.590820963385));
#3340 = CARTESIAN_POINT('',(148.,63.803118168414,-9.779774140532));
#3341 = CARTESIAN_POINT('',(148.,63.864150943396,-9.968867924528));
#3342 = CARTESIAN_POINT('',(148.,64.,-10.15));
#3343 = CARTESIAN_POINT('',(146.,64.,-8.65));
#3344 = CARTESIAN_POINT('',(146.140625,64.,-8.8375));
#3345 = CARTESIAN_POINT('',(146.21860697218,64.,-9.025));
#3346 = CARTESIAN_POINT('',(146.26777564946,64.,-9.2125));
#3347 = CARTESIAN_POINT('',(146.27881015871,64.,-9.4));
#3348 = CARTESIAN_POINT('',(146.26777564946,64.,-9.5875));
#3349 = CARTESIAN_POINT('',(146.21860697218,64.,-9.775));
#3350 = CARTESIAN_POINT('',(146.140625,64.,-9.9625));
#3351 = CARTESIAN_POINT('',(146.,64.,-10.15));
#3352 = ADVANCED_FACE('',(#3353),#3376,.F.);
#3353 = FACE_BOUND('',#3354,.T.);
#3354 = EDGE_LOOP('',(#3355,#3356,#3364,#3375));
#3355 = ORIENTED_EDGE('',*,*,#3318,.T.);
#3356 = ORIENTED_EDGE('',*,*,#3357,.T.);
#3357 = EDGE_CURVE('',#3305,#3358,#3360,.T.);
#3358 = VERTEX_POINT('',#3359);
#3359 = CARTESIAN_POINT('',(146.,64.,-10.4));
#3360 = LINE('',#3361,#3362);
#3361 = CARTESIAN_POINT('',(146.,64.,-6.4));
#3362 = VECTOR('',#3363,1.);
#3363 = DIRECTION('',(0.,0.,-1.));
#3364 = ORIENTED_EDGE('',*,*,#3365,.F.);
#3365 = EDGE_CURVE('',#1385,#3358,#3366,.T.);
#3366 = B_SPLINE_CURVE_WITH_KNOTS('',7,(#3367,#3368,#3369,#3370,#3371,
    #3372,#3373,#3374),.UNSPECIFIED.,.F.,.F.,(8,8),(0.,1.),
  .PIECEWISE_BEZIER_KNOTS.);
#3367 = CARTESIAN_POINT('',(148.,62.,-10.4));
#3368 = CARTESIAN_POINT('',(148.,62.448798950513,-10.4));
#3369 = CARTESIAN_POINT('',(147.88250222689,62.897595729966,-10.4));
#3370 = CARTESIAN_POINT('',(147.6475254444,63.309493881648,-10.4));
#3371 = CARTESIAN_POINT('',(147.30949388164,63.647525444403,-10.4));
#3372 = CARTESIAN_POINT('',(146.89759572996,63.882502226898,-10.4));
#3373 = CARTESIAN_POINT('',(146.44879895051,64.,-10.4));
#3374 = CARTESIAN_POINT('',(146.,64.,-10.4));
#3375 = ORIENTED_EDGE('',*,*,#1384,.F.);
#3376 = CYLINDRICAL_SURFACE('',#3377,2.);
#3377 = AXIS2_PLACEMENT_3D('',#3378,#3379,#3380);
#3378 = CARTESIAN_POINT('',(146.,62.,-6.4));
#3379 = DIRECTION('',(0.,0.,-1.));
#3380 = DIRECTION('',(1.,-3.6E-16,0.));
#3381 = ADVANCED_FACE('',(#3382),#3408,.F.);
#3382 = FACE_BOUND('',#3383,.T.);
#3383 = EDGE_LOOP('',(#3384,#3392,#3400,#3407));
#3384 = ORIENTED_EDGE('',*,*,#3385,.T.);
#3385 = EDGE_CURVE('',#1497,#3386,#3388,.T.);
#3386 = VERTEX_POINT('',#3387);
#3387 = CARTESIAN_POINT('',(146.,64.,-90.75));
#3388 = ( BOUNDED_CURVE() B_SPLINE_CURVE(2,(#3389,#3390,#3391),
.UNSPECIFIED.,.F.,.F.) B_SPLINE_CURVE_WITH_KNOTS((3,3),(0.,1.5),
.PIECEWISE_BEZIER_KNOTS.) CURVE() GEOMETRIC_REPRESENTATION_ITEM() 
RATIONAL_B_SPLINE_CURVE((1.,0.707106781187,1.)) REPRESENTATION_ITEM('') 
  );
#3389 = CARTESIAN_POINT('',(148.,62.,-90.75));
#3390 = CARTESIAN_POINT('',(148.,64.,-90.75));
#3391 = CARTESIAN_POINT('',(146.,64.,-90.75));
#3392 = ORIENTED_EDGE('',*,*,#3393,.T.);
#3393 = EDGE_CURVE('',#3386,#3394,#3396,.T.);
#3394 = VERTEX_POINT('',#3395);
#3395 = CARTESIAN_POINT('',(146.,64.,-91.));
#3396 = LINE('',#3397,#3398);
#3397 = CARTESIAN_POINT('',(146.,64.,-87.));
#3398 = VECTOR('',#3399,1.);
#3399 = DIRECTION('',(0.,0.,-1.));
#3400 = ORIENTED_EDGE('',*,*,#3401,.F.);
#3401 = EDGE_CURVE('',#1511,#3394,#3402,.T.);
#3402 = ELLIPSE('',#3403,2.828427124746,2.);
#3403 = AXIS2_PLACEMENT_3D('',#3404,#3405,#3406);
#3404 = CARTESIAN_POINT('',(146.,62.,-91.));
#3405 = DIRECTION('',(0.707106781187,0.,0.707106781187));
#3406 = DIRECTION('',(-0.707106781187,0.,0.707106781187));
#3407 = ORIENTED_EDGE('',*,*,#1510,.F.);
#3408 = CYLINDRICAL_SURFACE('',#3409,2.);
#3409 = AXIS2_PLACEMENT_3D('',#3410,#3411,#3412);
#3410 = CARTESIAN_POINT('',(146.,62.,-87.));
#3411 = DIRECTION('',(0.,0.,-1.));
#3412 = DIRECTION('',(1.,-3.6E-16,0.));
#3413 = ADVANCED_FACE('',(#3414),#3444,.T.);
#3414 = FACE_BOUND('',#3415,.T.);
#3415 = EDGE_LOOP('',(#3416,#3417,#3418));
#3416 = ORIENTED_EDGE('',*,*,#1392,.F.);
#3417 = ORIENTED_EDGE('',*,*,#3365,.T.);
#3418 = ORIENTED_EDGE('',*,*,#3419,.T.);
#3419 = EDGE_CURVE('',#3358,#1393,#3420,.T.);
#3420 = B_SPLINE_CURVE_WITH_KNOTS('',8,(#3421,#3422,#3423,#3424,#3425,
    #3426,#3427,#3428,#3429,#3430,#3431,#3432,#3433,#3434,#3435,#3436,
    #3437,#3438,#3439,#3440,#3441,#3442,#3443),.UNSPECIFIED.,.F.,.F.,(9,
    7,7,9),(0.,0.25,0.5,1.),.UNSPECIFIED.);
#3421 = CARTESIAN_POINT('',(146.,64.,-10.4));
#3422 = CARTESIAN_POINT('',(146.0625,64.,-10.49817477042));
#3423 = CARTESIAN_POINT('',(146.125,64.005507591742,-10.59634954085));
#3424 = CARTESIAN_POINT('',(146.18749999999,64.016522775224,
    -10.69416384023));
#3425 = CARTESIAN_POINT('',(146.25,64.033017239122,-10.79125719756));
#3426 = CARTESIAN_POINT('',(146.31249999999,64.054934360769,
    -10.88727192119));
#3427 = CARTESIAN_POINT('',(146.375,64.082189570025,-10.9818558786));
#3428 = CARTESIAN_POINT('',(146.4375,64.114671076859,-11.07466520372));
#3429 = CARTESIAN_POINT('',(146.5625,64.189810793095,-11.25606852573));
#3430 = CARTESIAN_POINT('',(146.62499999999,64.232468932799,
    -11.34466256684));
#3431 = CARTESIAN_POINT('',(146.6875,64.280077632255,-11.43081581709));
#3432 = CARTESIAN_POINT('',(146.74999999999,64.33247261074,
    -11.51420617964));
#3433 = CARTESIAN_POINT('',(146.8125,64.389464569708,-11.59452493804));
#3434 = CARTESIAN_POINT('',(146.87499999999,64.450840733757,
    -11.67147906255));
#3435 = CARTESIAN_POINT('',(146.9375,64.516366391718,-11.74479351646));
#3436 = CARTESIAN_POINT('',(147.12499999999,64.724626529444,
    -11.95305365419));
#3437 = CARTESIAN_POINT('',(147.25,64.879044216387,-12.07631581959));
#3438 = CARTESIAN_POINT('',(147.37499999999,65.047001402365,
    -12.18196142139));
#3439 = CARTESIAN_POINT('',(147.5,65.226136922392,-12.26827073737));
#3440 = CARTESIAN_POINT('',(147.62499999999,65.413834765972,
    -12.33390877572));
#3441 = CARTESIAN_POINT('',(147.75,65.607301152556,-12.37796971944));
#3442 = CARTESIAN_POINT('',(147.87499999999,65.803650459151,-12.4));
#3443 = CARTESIAN_POINT('',(148.,66.,-12.4));
#3444 = B_SPLINE_SURFACE_WITH_KNOTS('',7,8,(
    (#3445,#3446,#3447,#3448,#3449,#3450,#3451,#3452,#3453,#3454,#3455
      ,#3456,#3457,#3458,#3459,#3460,#3461,#3462,#3463,#3464,#3465,#3466
      ,#3467)
    ,(#3468,#3469,#3470,#3471,#3472,#3473,#3474,#3475,#3476,#3477,#3478
      ,#3479,#3480,#3481,#3482,#3483,#3484,#3485,#3486,#3487,#3488,#3489
      ,#3490)
    ,(#3491,#3492,#3493,#3494,#3495,#3496,#3497,#3498,#3499,#3500,#3501
      ,#3502,#3503,#3504,#3505,#3506,#3507,#3508,#3509,#3510,#3511,#3512
      ,#3513)
    ,(#3514,#3515,#3516,#3517,#3518,#3519,#3520,#3521,#3522,#3523,#3524
      ,#3525,#3526,#3527,#3528,#3529,#3530,#3531,#3532,#3533,#3534,#3535
      ,#3536)
    ,(#3537,#3538,#3539,#3540,#3541,#3542,#3543,#3544,#3545,#3546,#3547
      ,#3548,#3549,#3550,#3551,#3552,#3553,#3554,#3555,#3556,#3557,#3558
      ,#3559)
    ,(#3560,#3561,#3562,#3563,#3564,#3565,#3566,#3567,#3568,#3569,#3570
      ,#3571,#3572,#3573,#3574,#3575,#3576,#3577,#3578,#3579,#3580,#3581
      ,#3582)
    ,(#3583,#3584,#3585,#3586,#3587,#3588,#3589,#3590,#3591,#3592,#3593
      ,#3594,#3595,#3596,#3597,#3598,#3599,#3600,#3601,#3602,#3603,#3604
      ,#3605)
    ,(#3606,#3607,#3608,#3609,#3610,#3611,#3612,#3613,#3614,#3615,#3616
      ,#3617,#3618,#3619,#3620,#3621,#3622,#3623,#3624,#3625,#3626,#3627
      ,#3628
    )),.UNSPECIFIED.,.F.,.F.,.F.,(8,8),(9,7,7,9),(0.,1.),(0.,0.25,0.5,1.
    ),.UNSPECIFIED.);
#3445 = CARTESIAN_POINT('',(148.,62.,-10.4));
#3446 = CARTESIAN_POINT('',(148.,62.,-10.55035767709));
#3447 = CARTESIAN_POINT('',(148.,62.034355436851,-10.69784072924));
#3448 = CARTESIAN_POINT('',(147.99999999999,62.099429774304,
    -10.84075291445));
#3449 = CARTESIAN_POINT('',(148.,62.18552207823,-10.96491561642));
#3450 = CARTESIAN_POINT('',(147.99999999999,62.278540888347,
    -11.08181195508));
#3451 = CARTESIAN_POINT('',(148.,62.385671842537,-11.18946840113));
#3452 = CARTESIAN_POINT('',(148.,62.49738907522,-11.28857590889));
#3453 = CARTESIAN_POINT('',(148.,62.733073738628,-11.47319119427));
#3454 = CARTESIAN_POINT('',(148.,62.856521673336,-11.55850150477));
#3455 = CARTESIAN_POINT('',(148.,62.984056048775,-11.63759240594));
#3456 = CARTESIAN_POINT('',(148.,63.114720599784,-11.71109922576));
#3457 = CARTESIAN_POINT('',(148.,63.24795882958,-11.77952615881));
#3458 = CARTESIAN_POINT('',(148.,63.383450880983,-11.8432577276));
#3459 = CARTESIAN_POINT('',(148.,63.520950407691,-11.90257024399));
#3460 = CARTESIAN_POINT('',(148.,63.938463521124,-12.06778932389));
#3461 = CARTESIAN_POINT('',(148.,64.223672955682,-12.16103423427));
#3462 = CARTESIAN_POINT('',(148.,64.513416899269,-12.23879498271));
#3463 = CARTESIAN_POINT('',(148.,64.80673857149,-12.30173648692));
#3464 = CARTESIAN_POINT('',(148.,65.102999645783,-12.34992271392));
#3465 = CARTESIAN_POINT('',(148.,65.401336816135,-12.38294106029));
#3466 = CARTESIAN_POINT('',(148.,65.700632546062,-12.4));
#3467 = CARTESIAN_POINT('',(148.,66.,-12.4));
#3468 = CARTESIAN_POINT('',(148.,62.448798950513,-10.4));
#3469 = CARTESIAN_POINT('',(148.,62.443702554738,-10.54290297614));
#3470 = CARTESIAN_POINT('',(148.,62.468840475084,-10.68334198804));
#3471 = CARTESIAN_POINT('',(147.99999999999,62.52109568048,
    -10.81981161813));
#3472 = CARTESIAN_POINT('',(148.,62.592149040056,-10.94010727087));
#3473 = CARTESIAN_POINT('',(147.99999999999,62.669914070331,
    -11.05402052166));
#3474 = CARTESIAN_POINT('',(148.,62.760537808041,-11.15980946934));
#3475 = CARTESIAN_POINT('',(148.,62.855839255543,-11.25801723673));
#3476 = CARTESIAN_POINT('',(148.,63.058396134947,-11.44217367019));
#3477 = CARTESIAN_POINT('',(148.,63.165206274594,-11.52795308506));
#3478 = CARTESIAN_POINT('',(148.,63.276226300546,-11.60805289324));
#3479 = CARTESIAN_POINT('',(148.,63.390613088277,-11.68297164774));
#3480 = CARTESIAN_POINT('',(148.,63.507862597893,-11.75309741299));
#3481 = CARTESIAN_POINT('',(148.,63.627670269615,-11.81871791831));
#3482 = CARTESIAN_POINT('',(148.,63.749791419298,-11.88003071149));
#3483 = CARTESIAN_POINT('',(148.,64.122122063162,-12.05139851394));
#3484 = CARTESIAN_POINT('',(148.,64.378454170796,-12.14893160361));
#3485 = CARTESIAN_POINT('',(148.,64.640607214604,-12.23067590252));
#3486 = CARTESIAN_POINT('',(148.,64.907423787819,-12.29695566555));
#3487 = CARTESIAN_POINT('',(148.,65.177983037602,-12.34763500846));
#3488 = CARTESIAN_POINT('',(148.,65.451145875867,-12.38223086874));
#3489 = CARTESIAN_POINT('',(148.,65.725542182339,-12.4));
#3490 = CARTESIAN_POINT('',(148.,66.,-12.4));
#3491 = CARTESIAN_POINT('',(147.88250222689,62.897595729966,-10.4));
#3492 = CARTESIAN_POINT('',(147.88517382131,62.889721340035,
    -10.53544827519));
#3493 = CARTESIAN_POINT('',(147.87032622746,62.919913163877,
    -10.66785656365));
#3494 = CARTESIAN_POINT('',(147.86639664618,62.960642423575,
    -10.79637073009));
#3495 = CARTESIAN_POINT('',(147.86378088483,63.015259280029,
    -10.91302801004));
#3496 = CARTESIAN_POINT('',(147.86238509912,63.076126664495,
    -11.02418997397));
#3497 = CARTESIAN_POINT('',(147.86211544477,63.14710383908,
    -11.12878554804));
#3498 = CARTESIAN_POINT('',(147.86287807749,63.222992672456,
    -11.22705163934));
#3499 = CARTESIAN_POINT('',(147.86628022855,63.386138787308,
    -11.41282713298));
#3500 = CARTESIAN_POINT('',(147.86891974688,63.473115252167,
    -11.50021920156));
#3501 = CARTESIAN_POINT('',(147.87240386373,63.564611709544,
    -11.58247746276));
#3502 = CARTESIAN_POINT('',(147.87663873482,63.660034677165,
    -11.6598843828));
#3503 = CARTESIAN_POINT('',(147.88153051587,63.758993464921,
    -11.73265156388));
#3504 = CARTESIAN_POINT('',(147.8869853626,63.861213034342,
    -11.80092828477));
#3505 = CARTESIAN_POINT('',(147.89290943073,63.966446858127,
    -11.86481004141));
#3506 = CARTESIAN_POINT('',(147.91180776648,64.290275622615,
    -12.04342117985));
#3507 = CARTESIAN_POINT('',(147.92590816547,64.517096529096,
    -12.14514924522));
#3508 = CARTESIAN_POINT('',(147.94075931869,64.752593880909,
    -12.22991264095));
#3509 = CARTESIAN_POINT('',(147.95561047191,64.99508912209,
    -12.29782475992));
#3510 = CARTESIAN_POINT('',(147.96971087089,65.242952164463,
    -12.3488588126));
#3511 = CARTESIAN_POINT('',(147.9823097614,65.49435512356,
    -12.38293970319));
#3512 = CARTESIAN_POINT('',(147.97363569242,65.764325849928,-12.4));
#3513 = CARTESIAN_POINT('',(148.,66.,-12.4));
#3514 = CARTESIAN_POINT('',(147.6475254444,63.309493881648,-10.4));
#3515 = CARTESIAN_POINT('',(147.65552365501,63.300107288322,
    -10.52799357423));
#3516 = CARTESIAN_POINT('',(147.65550112,63.314292785319,-10.65328505913
    ));
#3517 = CARTESIAN_POINT('',(147.66104300412,63.342262358793,
    -10.77534101629));
#3518 = CARTESIAN_POINT('',(147.66753082949,63.382657404269,
    -10.88726647528));
#3519 = CARTESIAN_POINT('',(147.67489702885,63.429252010295,
    -10.99454758684));
#3520 = CARTESIAN_POINT('',(147.683074035,63.485189118237,
    -11.09636340824));
#3521 = CARTESIAN_POINT('',(147.69199428069,63.546212847559,
    -11.19274382047));
#3522 = CARTESIAN_POINT('',(147.7111861167,63.679641496399,
    -11.37629621724));
#3523 = CARTESIAN_POINT('',(147.72145770701,63.751817776172,
    -11.46335583425));
#3524 = CARTESIAN_POINT('',(147.73233740242,63.828706638867,
    -11.54594831352));
#3525 = CARTESIAN_POINT('',(147.74375763566,63.90978648483,
    -11.62424874006));
#3526 = CARTESIAN_POINT('',(147.75565083954,63.994693338106,
    -11.69836726163));
#3527 = CARTESIAN_POINT('',(147.76794944679,64.083150697293,
    -11.76835851018));
#3528 = CARTESIAN_POINT('',(147.78058589021,64.174899386475,
    -11.83423102322));
#3529 = CARTESIAN_POINT('',(147.81930602723,64.459083445298,
    -12.01940794935));
#3530 = CARTESIAN_POINT('',(147.84620052761,64.660538184596,
    -12.12630196592));
#3531 = CARTESIAN_POINT('',(147.87363556584,64.871628288976,
    -12.21638114883));
#3532 = CARTESIAN_POINT('',(147.90107060408,65.090378464813,
    -12.28921631773));
#3533 = CARTESIAN_POINT('',(147.92796510446,65.314795125449,
    -12.34434810142));
#3534 = CARTESIAN_POINT('',(147.95377852914,65.542699316386,
    -12.38137670202));
#3535 = CARTESIAN_POINT('',(147.96886851895,65.777186882279,-12.4));
#3536 = CARTESIAN_POINT('',(148.,66.,-12.4));
#3537 = CARTESIAN_POINT('',(147.30949388164,63.647525444403,-10.4));
#3538 = CARTESIAN_POINT('',(147.32648115294,63.636177638412,
    -10.52053887328));
#3539 = CARTESIAN_POINT('',(147.34912741418,63.632345894693,
    -10.63891089124));
#3540 = CARTESIAN_POINT('',(147.36933375399,63.648141784969,
    -10.75481122083));
#3541 = CARTESIAN_POINT('',(147.38977722552,63.675692157424,
    -10.86195912358));
#3542 = CARTESIAN_POINT('',(147.41044089079,63.709675299892,
    -10.96531302256));
#3543 = CARTESIAN_POINT('',(147.43130781183,63.752749597272,
    -11.06421426635));
#3544 = CARTESIAN_POINT('',(147.45236105064,63.801255749722,
    -11.15851738666));
#3545 = CARTESIAN_POINT('',(147.49480628788,63.910081259885,
    -11.33943110413));
#3546 = CARTESIAN_POINT('',(147.51619828629,63.970206100349,
    -11.4259295597));
#3547 = CARTESIAN_POINT('',(147.53774272653,64.035361415809,
    -11.50862634785));
#3548 = CARTESIAN_POINT('',(147.55942267061,64.105052118485,
    -11.58760503471));
#3549 = CARTESIAN_POINT('',(147.58122118055,64.178910697575,
    -11.66288638004));
#3550 = CARTESIAN_POINT('',(147.60312131837,64.256638273542,
    -11.73443870043));
#3551 = CARTESIAN_POINT('',(147.62510614609,64.337945652495,
    -11.80218823254));
#3552 = CARTESIAN_POINT('',(147.69126388502,64.591591836477,
    -11.99371202368));
#3553 = CARTESIAN_POINT('',(147.73564005198,64.773724942763,
    -12.10579063216));
#3554 = CARTESIAN_POINT('',(147.78015172278,64.966283080855,
    -12.20137849299));
#3555 = CARTESIAN_POINT('',(147.82466339359,65.166913760653,
    -12.2794778924));
#3556 = CARTESIAN_POINT('',(147.86903956055,65.373200675458,
    -12.33913508832));
#3557 = CARTESIAN_POINT('',(147.91314471984,65.582551840227,
    -12.37952989565));
#3558 = CARTESIAN_POINT('',(147.96223134986,65.783195991748,-12.4));
#3559 = CARTESIAN_POINT('',(148.,66.,-12.4));
#3560 = CARTESIAN_POINT('',(146.89759572996,63.882502226898,-10.4));
#3561 = CARTESIAN_POINT('',(146.92938648056,63.871128293733,
    -10.51308417233));
#3562 = CARTESIAN_POINT('',(146.97735628919,63.855608792553,
    -10.62467177333));
#3563 = CARTESIAN_POINT('',(147.01603567109,63.863152172521,
    -10.73457559329));
#3564 = CARTESIAN_POINT('',(147.05398407178,63.881620332488,
    -10.83735545801));
#3565 = CARTESIAN_POINT('',(147.09125370419,63.906651721472,
    -10.93720784657));
#3566 = CARTESIAN_POINT('',(147.12789678128,63.940387440985,
    -11.03358322741));
#3567 = CARTESIAN_POINT('',(147.16396551598,63.97980577655,
    -11.12620621871));
#3568 = CARTESIAN_POINT('',(147.23505872651,64.070692203693,
    -11.30515558816));
#3569 = CARTESIAN_POINT('',(147.27008320233,64.122001886776,
    -11.39137930533));
#3570 = CARTESIAN_POINT('',(147.30463776166,64.178575235028,
    -11.47440279222));
#3571 = CARTESIAN_POINT('',(147.33877461743,64.239954147325,
    -11.55421133041));
#3572 = CARTESIAN_POINT('',(147.3725459826,64.305777856033,
    -11.63073498699));
#3573 = CARTESIAN_POINT('',(147.4060040701,64.375735557188,
    -11.70385885577));
#3574 = CARTESIAN_POINT('',(147.43920109289,64.449519040782,
    -11.77343329846));
#3575 = CARTESIAN_POINT('',(147.5381656059,64.6812878813,-11.97098596069
    ));
#3576 = CARTESIAN_POINT('',(147.60330654082,64.849749542053,
    -12.08781959549));
#3577 = CARTESIAN_POINT('',(147.66802977217,65.029404779347,
    -12.18834646125));
#3578 = CARTESIAN_POINT('',(147.73275300353,65.217631982021,
    -12.2710882859));
#3579 = CARTESIAN_POINT('',(147.79789393843,65.411703247826,
    -12.33468242712));
#3580 = CARTESIAN_POINT('',(147.86387028045,65.608720474068,
    -12.37796759149));
#3581 = CARTESIAN_POINT('',(147.94811419825,65.786707045963,-12.4));
#3582 = CARTESIAN_POINT('',(148.,66.,-12.4));
#3583 = CARTESIAN_POINT('',(146.44879895051,64.,-10.4));
#3584 = CARTESIAN_POINT('',(146.4972739833,63.992987516398,
    -10.50562947137));
#3585 = CARTESIAN_POINT('',(146.5457490161,63.993322038189,
    -10.60985112218));
#3586 = CARTESIAN_POINT('',(146.5942240489,64.000663177248,
    -10.71272287777));
#3587 = CARTESIAN_POINT('',(146.6426990817,64.014762472627,
    -10.81259193555));
#3588 = CARTESIAN_POINT('',(146.69117411449,64.034843003811,
    -10.91045172117));
#3589 = CARTESIAN_POINT('',(146.73964914729,64.061193380356,
    -11.00614150782));
#3590 = CARTESIAN_POINT('',(146.78812418008,64.093202631201,
    -11.09923392315));
#3591 = CARTESIAN_POINT('',(146.88507424568,64.168388810757,
    -11.2803198505));
#3592 = CARTESIAN_POINT('',(146.93354927847,64.211539670371,
    -11.36827164771));
#3593 = CARTESIAN_POINT('',(146.98202431128,64.260010629286,
    -11.45343854895));
#3594 = CARTESIAN_POINT('',(147.03049934406,64.313560644658,
    -11.53560794234));
#3595 = CARTESIAN_POINT('',(147.07897437687,64.371939564626,
    -11.61455495627));
#3596 = CARTESIAN_POINT('',(147.12744940966,64.434882391498,
    -11.69004908208));
#3597 = CARTESIAN_POINT('',(147.17592444246,64.502103545066,
    -11.76186079662));
#3598 = CARTESIAN_POINT('',(147.32134954084,64.71566628727,
    -11.96558296162));
#3599 = CARTESIAN_POINT('',(147.41829960644,64.873918233958,
    -12.08578972237));
#3600 = CARTESIAN_POINT('',(147.51524967202,65.045540852643,
    -12.18858212044));
#3601 = CARTESIAN_POINT('',(147.61219973763,65.227744279843,
    -12.27239505166));
#3602 = CARTESIAN_POINT('',(147.70914980321,65.417492847497,
    -12.33602233123));
#3603 = CARTESIAN_POINT('',(147.80609986881,65.611587224945,
    -12.37867781996));
#3604 = CARTESIAN_POINT('',(147.9030499344,65.806790757281,-12.4));
#3605 = CARTESIAN_POINT('',(148.,66.,-12.4));
#3606 = CARTESIAN_POINT('',(146.,64.,-10.4));
#3607 = CARTESIAN_POINT('',(146.0625,64.,-10.49817477042));
#3608 = CARTESIAN_POINT('',(146.125,64.005507591742,-10.59634954085));
#3609 = CARTESIAN_POINT('',(146.18749999999,64.016522775224,
    -10.69416384023));
#3610 = CARTESIAN_POINT('',(146.25,64.033017239122,-10.79125719756));
#3611 = CARTESIAN_POINT('',(146.31249999999,64.054934360769,
    -10.88727192119));
#3612 = CARTESIAN_POINT('',(146.375,64.082189570025,-10.9818558786));
#3613 = CARTESIAN_POINT('',(146.4375,64.114671076859,-11.07466520372));
#3614 = CARTESIAN_POINT('',(146.5625,64.189810793095,-11.25606852573));
#3615 = CARTESIAN_POINT('',(146.62499999999,64.232468932799,
    -11.34466256684));
#3616 = CARTESIAN_POINT('',(146.6875,64.280077632255,-11.43081581709));
#3617 = CARTESIAN_POINT('',(146.74999999999,64.33247261074,
    -11.51420617964));
#3618 = CARTESIAN_POINT('',(146.8125,64.389464569708,-11.59452493804));
#3619 = CARTESIAN_POINT('',(146.87499999999,64.450840733757,
    -11.67147906255));
#3620 = CARTESIAN_POINT('',(146.9375,64.516366391718,-11.74479351646));
#3621 = CARTESIAN_POINT('',(147.12499999999,64.724626529444,
    -11.95305365419));
#3622 = CARTESIAN_POINT('',(147.25,64.879044216387,-12.07631581959));
#3623 = CARTESIAN_POINT('',(147.37499999999,65.047001402365,
    -12.18196142139));
#3624 = CARTESIAN_POINT('',(147.5,65.226136922392,-12.26827073737));
#3625 = CARTESIAN_POINT('',(147.62499999999,65.413834765972,
    -12.33390877572));
#3626 = CARTESIAN_POINT('',(147.75,65.607301152556,-12.37796971944));
#3627 = CARTESIAN_POINT('',(147.87499999999,65.803650459151,-12.4));
#3628 = CARTESIAN_POINT('',(148.,66.,-12.4));
#3629 = ADVANCED_FACE('',(#3630),#3655,.T.);
#3630 = FACE_BOUND('',#3631,.T.);
#3631 = EDGE_LOOP('',(#3632,#3641,#3653,#3654));
#3632 = ORIENTED_EDGE('',*,*,#3633,.T.);
#3633 = EDGE_CURVE('',#1489,#3634,#3636,.T.);
#3634 = VERTEX_POINT('',#3635);
#3635 = CARTESIAN_POINT('',(146.,64.,-89.25));
#3636 = CIRCLE('',#3637,2.);
#3637 = AXIS2_PLACEMENT_3D('',#3638,#3639,#3640);
#3638 = CARTESIAN_POINT('',(146.,62.,-89.25));
#3639 = DIRECTION('',(-0.,0.,1.));
#3640 = DIRECTION('',(1.,-3.6E-16,0.));
#3641 = ORIENTED_EDGE('',*,*,#3642,.T.);
#3642 = EDGE_CURVE('',#3634,#3386,#3643,.T.);
#3643 = ( BOUNDED_CURVE() B_SPLINE_CURVE(8,(#3644,#3645,#3646,#3647,
    #3648,#3649,#3650,#3651,#3652),.UNSPECIFIED.,.F.,.F.) 
B_SPLINE_CURVE_WITH_KNOTS((9,9),(2.25,3.75),.PIECEWISE_BEZIER_KNOTS.) 
CURVE() GEOMETRIC_REPRESENTATION_ITEM() RATIONAL_B_SPLINE_CURVE((1.,1.,
1.,1.,1.,1.,1.,1.,1.)) REPRESENTATION_ITEM('') );
#3644 = CARTESIAN_POINT('',(146.,64.,-89.25));
#3645 = CARTESIAN_POINT('',(146.140625,64.,-89.4375));
#3646 = CARTESIAN_POINT('',(146.21860697218,64.,-89.625));
#3647 = CARTESIAN_POINT('',(146.26777564946,64.,-89.8125));
#3648 = CARTESIAN_POINT('',(146.27881015871,64.,-90.));
#3649 = CARTESIAN_POINT('',(146.26777564946,64.,-90.1875));
#3650 = CARTESIAN_POINT('',(146.21860697218,64.,-90.375));
#3651 = CARTESIAN_POINT('',(146.140625,64.,-90.5625));
#3652 = CARTESIAN_POINT('',(146.,64.,-90.75));
#3653 = ORIENTED_EDGE('',*,*,#3385,.F.);
#3654 = ORIENTED_EDGE('',*,*,#1496,.F.);
#3655 = ( BOUNDED_SURFACE() B_SPLINE_SURFACE(2,8,(
    (#3656,#3657,#3658,#3659,#3660,#3661,#3662,#3663,#3664)
    ,(#3665,#3666,#3667,#3668,#3669,#3670,#3671,#3672,#3673)
    ,(#3674,#3675,#3676,#3677,#3678,#3679,#3680,#3681,#3682
)),.UNSPECIFIED.,.F.,.F.,.F.) B_SPLINE_SURFACE_WITH_KNOTS((3,3),(9,9),(
    0.,1.5),(2.25,3.75),.PIECEWISE_BEZIER_KNOTS.) 
GEOMETRIC_REPRESENTATION_ITEM() RATIONAL_B_SPLINE_SURFACE((
    (1.,1.,1.,1.,1.,1.,1.,1.,1.)
    ,(0.707106781187,0.731966003963,0.74476096418,0.753081455647
      ,0.754607029963,0.753081455647,0.74476096418,0.731966003963
      ,0.707106781187)
,(1.,1.,1.,1.,1.,1.,1.,1.,1.))) REPRESENTATION_ITEM('') SURFACE() );
#3656 = CARTESIAN_POINT('',(148.,62.,-89.25));
#3657 = CARTESIAN_POINT('',(148.,62.,-89.4375));
#3658 = CARTESIAN_POINT('',(148.,62.011228192724,-89.625));
#3659 = CARTESIAN_POINT('',(148.,62.01681485935,-89.8125));
#3660 = CARTESIAN_POINT('',(148.,62.021484711781,-90.));
#3661 = CARTESIAN_POINT('',(148.,62.01681485935,-90.1875));
#3662 = CARTESIAN_POINT('',(148.,62.011228192724,-90.375));
#3663 = CARTESIAN_POINT('',(148.,62.,-90.5625));
#3664 = CARTESIAN_POINT('',(148.,62.,-90.75));
#3665 = CARTESIAN_POINT('',(148.,64.,-89.25));
#3666 = CARTESIAN_POINT('',(148.,63.864150943396,-89.43113207547));
#3667 = CARTESIAN_POINT('',(148.,63.803118168414,-89.62022585946));
#3668 = CARTESIAN_POINT('',(148.,63.765009945851,-89.80917903661));
#3669 = CARTESIAN_POINT('',(147.99999999999,63.759400619609,-90.));
#3670 = CARTESIAN_POINT('',(148.,63.765009945851,-90.19082096338));
#3671 = CARTESIAN_POINT('',(148.,63.803118168414,-90.37977414053));
#3672 = CARTESIAN_POINT('',(148.,63.864150943396,-90.56886792452));
#3673 = CARTESIAN_POINT('',(148.,64.,-90.75));
#3674 = CARTESIAN_POINT('',(146.,64.,-89.25));
#3675 = CARTESIAN_POINT('',(146.140625,64.,-89.4375));
#3676 = CARTESIAN_POINT('',(146.21860697218,64.,-89.625));
#3677 = CARTESIAN_POINT('',(146.26777564946,64.,-89.8125));
#3678 = CARTESIAN_POINT('',(146.27881015871,64.,-90.));
#3679 = CARTESIAN_POINT('',(146.26777564946,64.,-90.1875));
#3680 = CARTESIAN_POINT('',(146.21860697218,64.,-90.375));
#3681 = CARTESIAN_POINT('',(146.140625,64.,-90.5625));
#3682 = CARTESIAN_POINT('',(146.,64.,-90.75));
#3683 = ADVANCED_FACE('',(#3684),#3724,.T.);
#3684 = FACE_BOUND('',#3685,.T.);
#3685 = EDGE_LOOP('',(#3686,#3687,#3688,#3696,#3710,#3718));
#3686 = ORIENTED_EDGE('',*,*,#2418,.F.);
#3687 = ORIENTED_EDGE('',*,*,#1420,.F.);
#3688 = ORIENTED_EDGE('',*,*,#3689,.T.);
#3689 = EDGE_CURVE('',#1393,#3690,#3692,.T.);
#3690 = VERTEX_POINT('',#3691);
#3691 = CARTESIAN_POINT('',(145.75,66.,-12.4));
#3692 = LINE('',#3693,#3694);
#3693 = CARTESIAN_POINT('',(148.,66.,-12.4));
#3694 = VECTOR('',#3695,1.);
#3695 = DIRECTION('',(-1.,0.,0.));
#3696 = ORIENTED_EDGE('',*,*,#3697,.T.);
#3697 = EDGE_CURVE('',#3690,#3698,#3700,.T.);
#3698 = VERTEX_POINT('',#3699);
#3699 = CARTESIAN_POINT('',(144.25,66.,-12.4));
#3700 = ( BOUNDED_CURVE() B_SPLINE_CURVE(8,(#3701,#3702,#3703,#3704,
    #3705,#3706,#3707,#3708,#3709),.UNSPECIFIED.,.F.,.F.) 
B_SPLINE_CURVE_WITH_KNOTS((9,9),(2.25,3.75),.PIECEWISE_BEZIER_KNOTS.) 
CURVE() GEOMETRIC_REPRESENTATION_ITEM() RATIONAL_B_SPLINE_CURVE((1.,1.,
1.,1.,1.,1.,1.,1.,1.)) REPRESENTATION_ITEM('') );
#3701 = CARTESIAN_POINT('',(145.75,66.,-12.4));
#3702 = CARTESIAN_POINT('',(145.5625,66.,-12.4));
#3703 = CARTESIAN_POINT('',(145.375,65.988771807277,-12.4));
#3704 = CARTESIAN_POINT('',(145.1875,65.98318514065,-12.4));
#3705 = CARTESIAN_POINT('',(145.,65.978515288219,-12.4));
#3706 = CARTESIAN_POINT('',(144.8125,65.98318514065,-12.4));
#3707 = CARTESIAN_POINT('',(144.625,65.988771807277,-12.4));
#3708 = CARTESIAN_POINT('',(144.4375,66.,-12.4));
#3709 = CARTESIAN_POINT('',(144.25,66.,-12.4));
#3710 = ORIENTED_EDGE('',*,*,#3711,.T.);
#3711 = EDGE_CURVE('',#3698,#3712,#3714,.T.);
#3712 = VERTEX_POINT('',#3713);
#3713 = CARTESIAN_POINT('',(144.,66.,-12.4));
#3714 = LINE('',#3715,#3716);
#3715 = CARTESIAN_POINT('',(148.,66.,-12.4));
#3716 = VECTOR('',#3717,1.);
#3717 = DIRECTION('',(-1.,0.,0.));
#3718 = ORIENTED_EDGE('',*,*,#3719,.T.);
#3719 = EDGE_CURVE('',#3712,#2419,#3720,.T.);
#3720 = LINE('',#3721,#3722);
#3721 = CARTESIAN_POINT('',(144.,64.,-12.4));
#3722 = VECTOR('',#3723,1.);
#3723 = DIRECTION('',(0.,1.,0.));
#3724 = PLANE('',#3725);
#3725 = AXIS2_PLACEMENT_3D('',#3726,#3727,#3728);
#3726 = CARTESIAN_POINT('',(148.,64.,-12.4));
#3727 = DIRECTION('',(0.,0.,-1.));
#3728 = DIRECTION('',(0.,1.,0.));
#3729 = ADVANCED_FACE('',(#3730),#3753,.F.);
#3730 = FACE_BOUND('',#3731,.T.);
#3731 = EDGE_LOOP('',(#3732,#3733,#3746,#3752));
#3732 = ORIENTED_EDGE('',*,*,#1488,.F.);
#3733 = ORIENTED_EDGE('',*,*,#3734,.T.);
#3734 = EDGE_CURVE('',#1461,#3735,#3737,.T.);
#3735 = VERTEX_POINT('',#3736);
#3736 = CARTESIAN_POINT('',(146.,64.,-89.));
#3737 = B_SPLINE_CURVE_WITH_KNOTS('',7,(#3738,#3739,#3740,#3741,#3742,
    #3743,#3744,#3745),.UNSPECIFIED.,.F.,.F.,(8,8),(0.,1.),
  .PIECEWISE_BEZIER_KNOTS.);
#3738 = CARTESIAN_POINT('',(148.,62.,-89.));
#3739 = CARTESIAN_POINT('',(148.,62.448798950513,-89.));
#3740 = CARTESIAN_POINT('',(147.88250222689,62.897595729966,
    -88.99999999999));
#3741 = CARTESIAN_POINT('',(147.6475254444,63.309493881648,-89.));
#3742 = CARTESIAN_POINT('',(147.30949388164,63.647525444403,
    -88.99999999999));
#3743 = CARTESIAN_POINT('',(146.89759572996,63.882502226898,-89.));
#3744 = CARTESIAN_POINT('',(146.44879895051,64.,-89.));
#3745 = CARTESIAN_POINT('',(146.,64.,-89.));
#3746 = ORIENTED_EDGE('',*,*,#3747,.T.);
#3747 = EDGE_CURVE('',#3735,#3634,#3748,.T.);
#3748 = LINE('',#3749,#3750);
#3749 = CARTESIAN_POINT('',(146.,64.,-87.));
#3750 = VECTOR('',#3751,1.);
#3751 = DIRECTION('',(0.,0.,-1.));
#3752 = ORIENTED_EDGE('',*,*,#3633,.F.);
#3753 = CYLINDRICAL_SURFACE('',#3754,2.);
#3754 = AXIS2_PLACEMENT_3D('',#3755,#3756,#3757);
#3755 = CARTESIAN_POINT('',(146.,62.,-87.));
#3756 = DIRECTION('',(0.,0.,-1.));
#3757 = DIRECTION('',(1.,-3.6E-16,0.));
#3758 = ADVANCED_FACE('',(#3759),#3789,.F.);
#3759 = FACE_BOUND('',#3760,.F.);
#3760 = EDGE_LOOP('',(#3761,#3762,#3763));
#3761 = ORIENTED_EDGE('',*,*,#1460,.F.);
#3762 = ORIENTED_EDGE('',*,*,#3734,.T.);
#3763 = ORIENTED_EDGE('',*,*,#3764,.T.);
#3764 = EDGE_CURVE('',#3735,#1453,#3765,.T.);
#3765 = B_SPLINE_CURVE_WITH_KNOTS('',8,(#3766,#3767,#3768,#3769,#3770,
    #3771,#3772,#3773,#3774,#3775,#3776,#3777,#3778,#3779,#3780,#3781,
    #3782,#3783,#3784,#3785,#3786,#3787,#3788),.UNSPECIFIED.,.F.,.F.,(9,
    7,7,9),(0.,0.25,0.5,1.),.UNSPECIFIED.);
#3766 = CARTESIAN_POINT('',(146.,64.,-89.));
#3767 = CARTESIAN_POINT('',(146.0625,64.,-88.90182522957));
#3768 = CARTESIAN_POINT('',(146.125,64.005507591741,-88.80365045915));
#3769 = CARTESIAN_POINT('',(146.18749999999,64.016522775225,
    -88.70583615976));
#3770 = CARTESIAN_POINT('',(146.25,64.033017239121,-88.60874280243));
#3771 = CARTESIAN_POINT('',(146.31249999999,64.054934360769,
    -88.5127280788));
#3772 = CARTESIAN_POINT('',(146.375,64.082189570024,-88.41814412139));
#3773 = CARTESIAN_POINT('',(146.4375,64.114671076859,-88.32533479627));
#3774 = CARTESIAN_POINT('',(146.5625,64.189810793094,-88.14393147426));
#3775 = CARTESIAN_POINT('',(146.62499999999,64.232468932799,
    -88.05533743316));
#3776 = CARTESIAN_POINT('',(146.6875,64.280077632253,-87.9691841829));
#3777 = CARTESIAN_POINT('',(146.74999999999,64.332472610741,
    -87.88579382035));
#3778 = CARTESIAN_POINT('',(146.8125,64.389464569706,-87.80547506195));
#3779 = CARTESIAN_POINT('',(146.87499999999,64.450840733757,
    -87.72852093744));
#3780 = CARTESIAN_POINT('',(146.9375,64.516366391718,-87.65520648353));
#3781 = CARTESIAN_POINT('',(147.12499999999,64.724626529444,
    -87.44694634581));
#3782 = CARTESIAN_POINT('',(147.25,64.879044216387,-87.3236841804));
#3783 = CARTESIAN_POINT('',(147.37499999999,65.047001402365,
    -87.21803857861));
#3784 = CARTESIAN_POINT('',(147.5,65.226136922392,-87.13172926262));
#3785 = CARTESIAN_POINT('',(147.62499999999,65.413834765972,
    -87.06609122427));
#3786 = CARTESIAN_POINT('',(147.75,65.607301152556,-87.02203028055));
#3787 = CARTESIAN_POINT('',(147.875,65.803650459151,-87.));
#3788 = CARTESIAN_POINT('',(148.,66.,-87.));
#3789 = B_SPLINE_SURFACE_WITH_KNOTS('',7,8,(
    (#3790,#3791,#3792,#3793,#3794,#3795,#3796,#3797,#3798,#3799,#3800
      ,#3801,#3802,#3803,#3804,#3805,#3806,#3807,#3808,#3809,#3810,#3811
      ,#3812)
    ,(#3813,#3814,#3815,#3816,#3817,#3818,#3819,#3820,#3821,#3822,#3823
      ,#3824,#3825,#3826,#3827,#3828,#3829,#3830,#3831,#3832,#3833,#3834
      ,#3835)
    ,(#3836,#3837,#3838,#3839,#3840,#3841,#3842,#3843,#3844,#3845,#3846
      ,#3847,#3848,#3849,#3850,#3851,#3852,#3853,#3854,#3855,#3856,#3857
      ,#3858)
    ,(#3859,#3860,#3861,#3862,#3863,#3864,#3865,#3866,#3867,#3868,#3869
      ,#3870,#3871,#3872,#3873,#3874,#3875,#3876,#3877,#3878,#3879,#3880
      ,#3881)
    ,(#3882,#3883,#3884,#3885,#3886,#3887,#3888,#3889,#3890,#3891,#3892
      ,#3893,#3894,#3895,#3896,#3897,#3898,#3899,#3900,#3901,#3902,#3903
      ,#3904)
    ,(#3905,#3906,#3907,#3908,#3909,#3910,#3911,#3912,#3913,#3914,#3915
      ,#3916,#3917,#3918,#3919,#3920,#3921,#3922,#3923,#3924,#3925,#3926
      ,#3927)
    ,(#3928,#3929,#3930,#3931,#3932,#3933,#3934,#3935,#3936,#3937,#3938
      ,#3939,#3940,#3941,#3942,#3943,#3944,#3945,#3946,#3947,#3948,#3949
      ,#3950)
    ,(#3951,#3952,#3953,#3954,#3955,#3956,#3957,#3958,#3959,#3960,#3961
      ,#3962,#3963,#3964,#3965,#3966,#3967,#3968,#3969,#3970,#3971,#3972
      ,#3973
    )),.UNSPECIFIED.,.F.,.F.,.F.,(8,8),(9,7,7,9),(0.,1.),(0.,0.25,0.5,1.
    ),.UNSPECIFIED.);
#3790 = CARTESIAN_POINT('',(148.,62.,-89.));
#3791 = CARTESIAN_POINT('',(148.,62.,-88.8496423229));
#3792 = CARTESIAN_POINT('',(148.,62.034355436851,-88.70215927075));
#3793 = CARTESIAN_POINT('',(147.99999999999,62.099429774304,
    -88.55924708554));
#3794 = CARTESIAN_POINT('',(148.,62.185522078229,-88.43508438357));
#3795 = CARTESIAN_POINT('',(147.99999999999,62.278540888347,
    -88.31818804492));
#3796 = CARTESIAN_POINT('',(148.,62.385671842537,-88.21053159886));
#3797 = CARTESIAN_POINT('',(148.,62.49738907522,-88.1114240911));
#3798 = CARTESIAN_POINT('',(148.,62.733073738628,-87.92680880572));
#3799 = CARTESIAN_POINT('',(148.,62.856521673336,-87.84149849522));
#3800 = CARTESIAN_POINT('',(148.,62.984056048775,-87.76240759406));
#3801 = CARTESIAN_POINT('',(148.,63.114720599783,-87.68890077423));
#3802 = CARTESIAN_POINT('',(148.,63.24795882958,-87.62047384118));
#3803 = CARTESIAN_POINT('',(148.,63.383450880983,-87.55674227239));
#3804 = CARTESIAN_POINT('',(148.,63.520950407691,-87.497429756));
#3805 = CARTESIAN_POINT('',(148.,63.938463521124,-87.3322106761));
#3806 = CARTESIAN_POINT('',(148.,64.223672955682,-87.23896576572));
#3807 = CARTESIAN_POINT('',(148.,64.513416899269,-87.16120501728));
#3808 = CARTESIAN_POINT('',(148.,64.806738571491,-87.09826351308));
#3809 = CARTESIAN_POINT('',(148.,65.102999645783,-87.05007728607));
#3810 = CARTESIAN_POINT('',(148.,65.401336816135,-87.01705893971));
#3811 = CARTESIAN_POINT('',(148.,65.700632546062,-86.99999999999));
#3812 = CARTESIAN_POINT('',(148.,66.,-87.));
#3813 = CARTESIAN_POINT('',(148.,62.448798950513,-89.));
#3814 = CARTESIAN_POINT('',(148.,62.443702554738,-88.85709702385));
#3815 = CARTESIAN_POINT('',(148.,62.468840475084,-88.71665801195));
#3816 = CARTESIAN_POINT('',(147.99999999999,62.521095680481,
    -88.58018838186));
#3817 = CARTESIAN_POINT('',(148.,62.592149040056,-88.45989272912));
#3818 = CARTESIAN_POINT('',(147.99999999999,62.669914070331,
    -88.34597947833));
#3819 = CARTESIAN_POINT('',(148.,62.760537808041,-88.24019053065));
#3820 = CARTESIAN_POINT('',(148.,62.855839255543,-88.14198276327));
#3821 = CARTESIAN_POINT('',(148.,63.058396134947,-87.9578263298));
#3822 = CARTESIAN_POINT('',(148.,63.165206274594,-87.87204691493));
#3823 = CARTESIAN_POINT('',(148.,63.276226300546,-87.79194710675));
#3824 = CARTESIAN_POINT('',(148.,63.390613088277,-87.71702835225));
#3825 = CARTESIAN_POINT('',(148.,63.507862597893,-87.646902587));
#3826 = CARTESIAN_POINT('',(148.,63.627670269615,-87.58128208169));
#3827 = CARTESIAN_POINT('',(148.,63.749791419297,-87.5199692885));
#3828 = CARTESIAN_POINT('',(148.,64.122122063162,-87.34860148606));
#3829 = CARTESIAN_POINT('',(148.,64.378454170797,-87.25106839639));
#3830 = CARTESIAN_POINT('',(148.,64.640607214603,-87.16932409747));
#3831 = CARTESIAN_POINT('',(148.,64.907423787819,-87.10304433444));
#3832 = CARTESIAN_POINT('',(148.,65.177983037602,-87.05236499153));
#3833 = CARTESIAN_POINT('',(148.,65.451145875866,-87.01776913125));
#3834 = CARTESIAN_POINT('',(148.,65.725542182339,-86.99999999999));
#3835 = CARTESIAN_POINT('',(148.,66.,-87.));
#3836 = CARTESIAN_POINT('',(147.88250222689,62.897595729966,
    -88.99999999999));
#3837 = CARTESIAN_POINT('',(147.88517382131,62.889721340035,
    -88.8645517248));
#3838 = CARTESIAN_POINT('',(147.87032622746,62.919913163877,
    -88.73214343634));
#3839 = CARTESIAN_POINT('',(147.86639664618,62.960642423575,
    -88.6036292699));
#3840 = CARTESIAN_POINT('',(147.86378088483,63.015259280029,
    -88.48697198995));
#3841 = CARTESIAN_POINT('',(147.86238509912,63.076126664496,
    -88.37581002602));
#3842 = CARTESIAN_POINT('',(147.86211544477,63.14710383908,
    -88.27121445195));
#3843 = CARTESIAN_POINT('',(147.86287807749,63.222992672456,
    -88.17294836065));
#3844 = CARTESIAN_POINT('',(147.86628022855,63.386138787307,
    -87.98717286701));
#3845 = CARTESIAN_POINT('',(147.86891974688,63.473115252167,
    -87.89978079843));
#3846 = CARTESIAN_POINT('',(147.87240386373,63.564611709543,
    -87.81752253723));
#3847 = CARTESIAN_POINT('',(147.87663873482,63.660034677165,
    -87.74011561719));
#3848 = CARTESIAN_POINT('',(147.88153051587,63.758993464921,
    -87.66734843611));
#3849 = CARTESIAN_POINT('',(147.8869853626,63.861213034342,
    -87.59907171522));
#3850 = CARTESIAN_POINT('',(147.89290943073,63.966446858127,
    -87.53518995858));
#3851 = CARTESIAN_POINT('',(147.91180776648,64.290275622614,
    -87.35657882014));
#3852 = CARTESIAN_POINT('',(147.92590816546,64.517096529096,
    -87.25485075477));
#3853 = CARTESIAN_POINT('',(147.94075931869,64.752593880908,
    -87.17008735904));
#3854 = CARTESIAN_POINT('',(147.95561047191,64.99508912209,
    -87.10217524007));
#3855 = CARTESIAN_POINT('',(147.96971087089,65.242952164464,
    -87.05114118739));
#3856 = CARTESIAN_POINT('',(147.9823097614,65.494355123559,
    -87.01706029681));
#3857 = CARTESIAN_POINT('',(147.97363569242,65.764325849929,-87.));
#3858 = CARTESIAN_POINT('',(148.,66.,-87.));
#3859 = CARTESIAN_POINT('',(147.6475254444,63.309493881648,-89.));
#3860 = CARTESIAN_POINT('',(147.65552365501,63.300107288322,
    -88.87200642576));
#3861 = CARTESIAN_POINT('',(147.65550112,63.314292785318,-88.74671494087
    ));
#3862 = CARTESIAN_POINT('',(147.66104300412,63.342262358793,
    -88.6246589837));
#3863 = CARTESIAN_POINT('',(147.66753082949,63.382657404268,
    -88.51273352471));
#3864 = CARTESIAN_POINT('',(147.67489702885,63.429252010295,
    -88.40545241316));
#3865 = CARTESIAN_POINT('',(147.683074035,63.485189118236,
    -88.30363659175));
#3866 = CARTESIAN_POINT('',(147.69199428069,63.546212847559,
    -88.20725617952));
#3867 = CARTESIAN_POINT('',(147.7111861167,63.679641496398,
    -88.02370378275));
#3868 = CARTESIAN_POINT('',(147.72145770701,63.751817776172,
    -87.93664416574));
#3869 = CARTESIAN_POINT('',(147.73233740242,63.828706638866,
    -87.85405168647));
#3870 = CARTESIAN_POINT('',(147.74375763566,63.90978648483,
    -87.77575125993));
#3871 = CARTESIAN_POINT('',(147.75565083954,63.994693338105,
    -87.70163273836));
#3872 = CARTESIAN_POINT('',(147.76794944679,64.083150697293,
    -87.63164148981));
#3873 = CARTESIAN_POINT('',(147.78058589021,64.174899386475,
    -87.56576897677));
#3874 = CARTESIAN_POINT('',(147.81930602723,64.459083445298,
    -87.38059205064));
#3875 = CARTESIAN_POINT('',(147.84620052761,64.660538184596,
    -87.27369803408));
#3876 = CARTESIAN_POINT('',(147.87363556584,64.871628288976,
    -87.18361885116));
#3877 = CARTESIAN_POINT('',(147.90107060408,65.090378464813,
    -87.11078368226));
#3878 = CARTESIAN_POINT('',(147.92796510446,65.314795125449,
    -87.05565189857));
#3879 = CARTESIAN_POINT('',(147.95377852914,65.542699316386,
    -87.01862329798));
#3880 = CARTESIAN_POINT('',(147.96886851895,65.777186882279,-87.));
#3881 = CARTESIAN_POINT('',(148.,66.,-87.));
#3882 = CARTESIAN_POINT('',(147.30949388164,63.647525444403,
    -88.99999999999));
#3883 = CARTESIAN_POINT('',(147.32648115294,63.636177638412,
    -88.87946112671));
#3884 = CARTESIAN_POINT('',(147.34912741418,63.632345894693,
    -88.76108910875));
#3885 = CARTESIAN_POINT('',(147.36933375399,63.64814178497,
    -88.64518877915));
#3886 = CARTESIAN_POINT('',(147.38977722552,63.675692157424,
    -88.53804087641));
#3887 = CARTESIAN_POINT('',(147.41044089079,63.709675299892,
    -88.43468697743));
#3888 = CARTESIAN_POINT('',(147.43130781183,63.752749597272,
    -88.33578573364));
#3889 = CARTESIAN_POINT('',(147.45236105064,63.801255749722,
    -88.24148261333));
#3890 = CARTESIAN_POINT('',(147.49480628788,63.910081259884,
    -88.06056889586));
#3891 = CARTESIAN_POINT('',(147.51619828629,63.970206100349,
    -87.97407044029));
#3892 = CARTESIAN_POINT('',(147.53774272653,64.035361415807,
    -87.89137365214));
#3893 = CARTESIAN_POINT('',(147.55942267061,64.105052118485,
    -87.81239496528));
#3894 = CARTESIAN_POINT('',(147.58122118055,64.178910697574,
    -87.73711361995));
#3895 = CARTESIAN_POINT('',(147.60312131837,64.256638273542,
    -87.66556129955));
#3896 = CARTESIAN_POINT('',(147.62510614609,64.337945652495,
    -87.59781176745));
#3897 = CARTESIAN_POINT('',(147.69126388502,64.591591836477,
    -87.40628797631));
#3898 = CARTESIAN_POINT('',(147.73564005198,64.773724942763,
    -87.29420936783));
#3899 = CARTESIAN_POINT('',(147.78015172278,64.966283080854,
    -87.198621507));
#3900 = CARTESIAN_POINT('',(147.82466339359,65.166913760653,
    -87.12052210759));
#3901 = CARTESIAN_POINT('',(147.86903956055,65.373200675458,
    -87.06086491167));
#3902 = CARTESIAN_POINT('',(147.91314471984,65.582551840227,
    -87.02047010435));
#3903 = CARTESIAN_POINT('',(147.96223134986,65.783195991748,-87.));
#3904 = CARTESIAN_POINT('',(148.,66.,-87.));
#3905 = CARTESIAN_POINT('',(146.89759572996,63.882502226898,-89.));
#3906 = CARTESIAN_POINT('',(146.92938648056,63.871128293733,
    -88.88691582767));
#3907 = CARTESIAN_POINT('',(146.97735628919,63.855608792552,
    -88.77532822666));
#3908 = CARTESIAN_POINT('',(147.01603567109,63.863152172521,
    -88.6654244067));
#3909 = CARTESIAN_POINT('',(147.05398407178,63.881620332487,
    -88.56264454198));
#3910 = CARTESIAN_POINT('',(147.09125370419,63.906651721472,
    -88.46279215342));
#3911 = CARTESIAN_POINT('',(147.12789678128,63.940387440984,
    -88.36641677258));
#3912 = CARTESIAN_POINT('',(147.16396551598,63.97980577655,
    -88.27379378129));
#3913 = CARTESIAN_POINT('',(147.23505872651,64.070692203693,
    -88.09484441183));
#3914 = CARTESIAN_POINT('',(147.27008320233,64.122001886776,
    -88.00862069466));
#3915 = CARTESIAN_POINT('',(147.30463776166,64.178575235026,
    -87.92559720777));
#3916 = CARTESIAN_POINT('',(147.33877461743,64.239954147325,
    -87.84578866959));
#3917 = CARTESIAN_POINT('',(147.3725459826,64.305777856032,
    -87.76926501301));
#3918 = CARTESIAN_POINT('',(147.4060040701,64.375735557188,
    -87.69614114422));
#3919 = CARTESIAN_POINT('',(147.43920109289,64.449519040781,
    -87.62656670153));
#3920 = CARTESIAN_POINT('',(147.5381656059,64.681287881299,
    -87.4290140393));
#3921 = CARTESIAN_POINT('',(147.60330654081,64.849749542053,
    -87.3121804045));
#3922 = CARTESIAN_POINT('',(147.66802977217,65.029404779346,
    -87.21165353874));
#3923 = CARTESIAN_POINT('',(147.73275300353,65.217631982021,
    -87.12891171409));
#3924 = CARTESIAN_POINT('',(147.79789393843,65.411703247826,
    -87.06531757287));
#3925 = CARTESIAN_POINT('',(147.86387028045,65.608720474068,
    -87.0220324085));
#3926 = CARTESIAN_POINT('',(147.94811419825,65.786707045963,-87.));
#3927 = CARTESIAN_POINT('',(148.,66.,-87.));
#3928 = CARTESIAN_POINT('',(146.44879895051,64.,-89.));
#3929 = CARTESIAN_POINT('',(146.4972739833,63.992987516398,
    -88.89437052862));
#3930 = CARTESIAN_POINT('',(146.5457490161,63.993322038188,
    -88.79014887781));
#3931 = CARTESIAN_POINT('',(146.5942240489,64.000663177248,
    -88.68727712222));
#3932 = CARTESIAN_POINT('',(146.6426990817,64.014762472626,
    -88.58740806444));
#3933 = CARTESIAN_POINT('',(146.69117411449,64.034843003811,
    -88.48954827882));
#3934 = CARTESIAN_POINT('',(146.73964914729,64.061193380356,
    -88.39385849217));
#3935 = CARTESIAN_POINT('',(146.78812418008,64.093202631201,
    -88.30076607684));
#3936 = CARTESIAN_POINT('',(146.88507424568,64.168388810756,
    -88.1196801495));
#3937 = CARTESIAN_POINT('',(146.93354927847,64.211539670371,
    -88.03172835228));
#3938 = CARTESIAN_POINT('',(146.98202431128,64.260010629284,
    -87.94656145104));
#3939 = CARTESIAN_POINT('',(147.03049934406,64.313560644659,
    -87.86439205765));
#3940 = CARTESIAN_POINT('',(147.07897437687,64.371939564625,
    -87.78544504372));
#3941 = CARTESIAN_POINT('',(147.12744940966,64.434882391498,
    -87.70995091791));
#3942 = CARTESIAN_POINT('',(147.17592444246,64.502103545065,
    -87.63813920338));
#3943 = CARTESIAN_POINT('',(147.32134954084,64.71566628727,
    -87.43441703837));
#3944 = CARTESIAN_POINT('',(147.41829960644,64.873918233957,
    -87.31421027763));
#3945 = CARTESIAN_POINT('',(147.51524967203,65.045540852643,
    -87.21141787955));
#3946 = CARTESIAN_POINT('',(147.61219973763,65.227744279843,
    -87.12760494833));
#3947 = CARTESIAN_POINT('',(147.70914980321,65.417492847497,
    -87.06397766876));
#3948 = CARTESIAN_POINT('',(147.80609986881,65.611587224945,
    -87.02132218003));
#3949 = CARTESIAN_POINT('',(147.9030499344,65.806790757281,-87.));
#3950 = CARTESIAN_POINT('',(148.,66.,-87.));
#3951 = CARTESIAN_POINT('',(146.,64.,-89.));
#3952 = CARTESIAN_POINT('',(146.0625,64.,-88.90182522957));
#3953 = CARTESIAN_POINT('',(146.125,64.005507591741,-88.80365045915));
#3954 = CARTESIAN_POINT('',(146.18749999999,64.016522775225,
    -88.70583615976));
#3955 = CARTESIAN_POINT('',(146.25,64.033017239121,-88.60874280243));
#3956 = CARTESIAN_POINT('',(146.31249999999,64.054934360769,
    -88.5127280788));
#3957 = CARTESIAN_POINT('',(146.375,64.082189570024,-88.41814412139));
#3958 = CARTESIAN_POINT('',(146.4375,64.114671076859,-88.32533479627));
#3959 = CARTESIAN_POINT('',(146.5625,64.189810793094,-88.14393147426));
#3960 = CARTESIAN_POINT('',(146.62499999999,64.232468932799,
    -88.05533743316));
#3961 = CARTESIAN_POINT('',(146.6875,64.280077632253,-87.9691841829));
#3962 = CARTESIAN_POINT('',(146.74999999999,64.332472610741,
    -87.88579382035));
#3963 = CARTESIAN_POINT('',(146.8125,64.389464569706,-87.80547506195));
#3964 = CARTESIAN_POINT('',(146.87499999999,64.450840733757,
    -87.72852093744));
#3965 = CARTESIAN_POINT('',(146.9375,64.516366391718,-87.65520648353));
#3966 = CARTESIAN_POINT('',(147.12499999999,64.724626529444,
    -87.44694634581));
#3967 = CARTESIAN_POINT('',(147.25,64.879044216387,-87.3236841804));
#3968 = CARTESIAN_POINT('',(147.37499999999,65.047001402365,
    -87.21803857861));
#3969 = CARTESIAN_POINT('',(147.5,65.226136922392,-87.13172926262));
#3970 = CARTESIAN_POINT('',(147.62499999999,65.413834765972,
    -87.06609122427));
#3971 = CARTESIAN_POINT('',(147.75,65.607301152556,-87.02203028055));
#3972 = CARTESIAN_POINT('',(147.875,65.803650459151,-87.));
#3973 = CARTESIAN_POINT('',(148.,66.,-87.));
#3974 = ADVANCED_FACE('',(#3975),#4022,.T.);
#3975 = FACE_BOUND('',#3976,.T.);
#3976 = EDGE_LOOP('',(#3977,#3985,#3993,#4001,#4015,#4021));
#3977 = ORIENTED_EDGE('',*,*,#3978,.T.);
#3978 = EDGE_CURVE('',#1445,#3979,#3981,.T.);
#3979 = VERTEX_POINT('',#3980);
#3980 = CARTESIAN_POINT('',(144.,72.,-87.));
#3981 = LINE('',#3982,#3983);
#3982 = CARTESIAN_POINT('',(148.,72.,-87.));
#3983 = VECTOR('',#3984,1.);
#3984 = DIRECTION('',(-1.,0.,0.));
#3985 = ORIENTED_EDGE('',*,*,#3986,.T.);
#3986 = EDGE_CURVE('',#3979,#3987,#3989,.T.);
#3987 = VERTEX_POINT('',#3988);
#3988 = CARTESIAN_POINT('',(144.,66.,-87.));
#3989 = LINE('',#3990,#3991);
#3990 = CARTESIAN_POINT('',(144.,72.,-87.));
#3991 = VECTOR('',#3992,1.);
#3992 = DIRECTION('',(0.,-1.,0.));
#3993 = ORIENTED_EDGE('',*,*,#3994,.F.);
#3994 = EDGE_CURVE('',#3995,#3987,#3997,.T.);
#3995 = VERTEX_POINT('',#3996);
#3996 = CARTESIAN_POINT('',(144.25,66.,-87.));
#3997 = LINE('',#3998,#3999);
#3998 = CARTESIAN_POINT('',(148.,66.,-87.));
#3999 = VECTOR('',#4000,1.);
#4000 = DIRECTION('',(-1.,0.,0.));
#4001 = ORIENTED_EDGE('',*,*,#4002,.F.);
#4002 = EDGE_CURVE('',#4003,#3995,#4005,.T.);
#4003 = VERTEX_POINT('',#4004);
#4004 = CARTESIAN_POINT('',(145.75,66.,-87.));
#4005 = ( BOUNDED_CURVE() B_SPLINE_CURVE(8,(#4006,#4007,#4008,#4009,
    #4010,#4011,#4012,#4013,#4014),.UNSPECIFIED.,.F.,.F.) 
B_SPLINE_CURVE_WITH_KNOTS((9,9),(2.25,3.75),.PIECEWISE_BEZIER_KNOTS.) 
CURVE() GEOMETRIC_REPRESENTATION_ITEM() RATIONAL_B_SPLINE_CURVE((1.,1.,
1.,1.,1.,1.,1.,1.,1.)) REPRESENTATION_ITEM('') );
#4006 = CARTESIAN_POINT('',(145.75,66.,-87.));
#4007 = CARTESIAN_POINT('',(145.5625,66.,-87.));
#4008 = CARTESIAN_POINT('',(145.375,65.988771807277,-87.));
#4009 = CARTESIAN_POINT('',(145.1875,65.98318514065,-87.));
#4010 = CARTESIAN_POINT('',(145.,65.978515288219,-87.));
#4011 = CARTESIAN_POINT('',(144.8125,65.98318514065,-87.));
#4012 = CARTESIAN_POINT('',(144.625,65.988771807277,-87.));
#4013 = CARTESIAN_POINT('',(144.4375,66.,-87.));
#4014 = CARTESIAN_POINT('',(144.25,66.,-87.));
#4015 = ORIENTED_EDGE('',*,*,#4016,.F.);
#4016 = EDGE_CURVE('',#1453,#4003,#4017,.T.);
#4017 = LINE('',#4018,#4019);
#4018 = CARTESIAN_POINT('',(148.,66.,-87.));
#4019 = VECTOR('',#4020,1.);
#4020 = DIRECTION('',(-1.,0.,0.));
#4021 = ORIENTED_EDGE('',*,*,#1452,.F.);
#4022 = PLANE('',#4023);
#4023 = AXIS2_PLACEMENT_3D('',#4024,#4025,#4026);
#4024 = CARTESIAN_POINT('',(148.,72.,-87.));
#4025 = DIRECTION('',(0.,0.,1.));
#4026 = DIRECTION('',(0.,-1.,0.));
#4027 = ADVANCED_FACE('',(#4028,#4048),#4059,.T.);
#4028 = FACE_BOUND('',#4029,.T.);
#4029 = EDGE_LOOP('',(#4030,#4038,#4045,#4046,#4047));
#4030 = ORIENTED_EDGE('',*,*,#4031,.T.);
#4031 = EDGE_CURVE('',#3040,#4032,#4034,.T.);
#4032 = VERTEX_POINT('',#4033);
#4033 = CARTESIAN_POINT('',(142.,72.,-89.));
#4034 = LINE('',#4035,#4036);
#4035 = CARTESIAN_POINT('',(142.,72.,-93.));
#4036 = VECTOR('',#4037,1.);
#4037 = DIRECTION('',(0.,0.,1.));
#4038 = ORIENTED_EDGE('',*,*,#4039,.T.);
#4039 = EDGE_CURVE('',#4032,#3979,#4040,.T.);
#4040 = CIRCLE('',#4041,2.);
#4041 = AXIS2_PLACEMENT_3D('',#4042,#4043,#4044);
#4042 = CARTESIAN_POINT('',(144.,72.,-89.));
#4043 = DIRECTION('',(0.,1.,0.));
#4044 = DIRECTION('',(0.,0.,-1.));
#4045 = ORIENTED_EDGE('',*,*,#3978,.F.);
#4046 = ORIENTED_EDGE('',*,*,#1444,.F.);
#4047 = ORIENTED_EDGE('',*,*,#3047,.T.);
#4048 = FACE_BOUND('',#4049,.T.);
#4049 = EDGE_LOOP('',(#4050));
#4050 = ORIENTED_EDGE('',*,*,#4051,.F.);
#4051 = EDGE_CURVE('',#4052,#4052,#4054,.T.);
#4052 = VERTEX_POINT('',#4053);
#4053 = CARTESIAN_POINT('',(143.75,72.,-90.));
#4054 = CIRCLE('',#4055,1.25);
#4055 = AXIS2_PLACEMENT_3D('',#4056,#4057,#4058);
#4056 = CARTESIAN_POINT('',(145.,72.,-90.));
#4057 = DIRECTION('',(0.,1.,-0.));
#4058 = DIRECTION('',(-1.,0.,0.));
#4059 = PLANE('',#4060);
#4060 = AXIS2_PLACEMENT_3D('',#4061,#4062,#4063);
#4061 = CARTESIAN_POINT('',(148.,72.,-93.));
#4062 = DIRECTION('',(0.,1.,0.));
#4063 = DIRECTION('',(0.,0.,1.));
#4064 = ADVANCED_FACE('',(#4065),#4077,.F.);
#4065 = FACE_BOUND('',#4066,.F.);
#4066 = EDGE_LOOP('',(#4067,#4074,#4075,#4076));
#4067 = ORIENTED_EDGE('',*,*,#4068,.F.);
#4068 = EDGE_CURVE('',#3150,#1840,#4069,.T.);
#4069 = CIRCLE('',#4070,0.5);
#4070 = AXIS2_PLACEMENT_3D('',#4071,#4072,#4073);
#4071 = CARTESIAN_POINT('',(2.5,10.3,-92.5));
#4072 = DIRECTION('',(0.,1.,0.));
#4073 = DIRECTION('',(0.,0.,-1.));
#4074 = ORIENTED_EDGE('',*,*,#3157,.F.);
#4075 = ORIENTED_EDGE('',*,*,#1558,.T.);
#4076 = ORIENTED_EDGE('',*,*,#1839,.T.);
#4077 = CYLINDRICAL_SURFACE('',#4078,0.5);
#4078 = AXIS2_PLACEMENT_3D('',#4079,#4080,#4081);
#4079 = CARTESIAN_POINT('',(2.5,-17.14234,-92.5));
#4080 = DIRECTION('',(0.,1.,0.));
#4081 = DIRECTION('',(0.,0.,-1.));
#4082 = ADVANCED_FACE('',(#4083),#4109,.T.);
#4083 = FACE_BOUND('',#4084,.T.);
#4084 = EDGE_LOOP('',(#4085,#4093,#4102,#4108));
#4085 = ORIENTED_EDGE('',*,*,#4086,.T.);
#4086 = EDGE_CURVE('',#1570,#4087,#4089,.T.);
#4087 = VERTEX_POINT('',#4088);
#4088 = CARTESIAN_POINT('',(9.4,2.5,-88.15));
#4089 = LINE('',#4090,#4091);
#4090 = CARTESIAN_POINT('',(9.899999970487,2.000000029512,-88.1499998324
    ));
#4091 = VECTOR('',#4092,1.);
#4092 = DIRECTION('',(-0.707106781187,0.707106781187,-8.539928509E-08));
#4093 = ORIENTED_EDGE('',*,*,#4094,.F.);
#4094 = EDGE_CURVE('',#4095,#4087,#4097,.T.);
#4095 = VERTEX_POINT('',#4096);
#4096 = CARTESIAN_POINT('',(3.6,2.5,-88.15));
#4097 = CIRCLE('',#4098,2.9);
#4098 = AXIS2_PLACEMENT_3D('',#4099,#4100,#4101);
#4099 = CARTESIAN_POINT('',(6.5,2.5,-88.15));
#4100 = DIRECTION('',(0.,1.,-0.));
#4101 = DIRECTION('',(-1.,0.,0.));
#4102 = ORIENTED_EDGE('',*,*,#4103,.F.);
#4103 = EDGE_CURVE('',#1568,#4095,#4104,.T.);
#4104 = LINE('',#4105,#4106);
#4105 = CARTESIAN_POINT('',(3.100000029513,2.000000029512,-88.1500001676
    ));
#4106 = VECTOR('',#4107,1.);
#4107 = DIRECTION('',(0.707106781187,0.707106781187,8.539930519E-08));
#4108 = ORIENTED_EDGE('',*,*,#1567,.T.);
#4109 = CONICAL_SURFACE('',#4110,3.149999983237,0.785398163397);
#4110 = AXIS2_PLACEMENT_3D('',#4111,#4112,#4113);
#4111 = CARTESIAN_POINT('',(6.5,2.250000016763,-88.15));
#4112 = DIRECTION('',(0.,-1.,0.));
#4113 = DIRECTION('',(0.,0.,-1.));
#4114 = ADVANCED_FACE('',(#4115),#4127,.T.);
#4115 = FACE_BOUND('',#4116,.T.);
#4116 = EDGE_LOOP('',(#4117,#4118,#4125,#4126));
#4117 = ORIENTED_EDGE('',*,*,#4103,.T.);
#4118 = ORIENTED_EDGE('',*,*,#4119,.F.);
#4119 = EDGE_CURVE('',#4087,#4095,#4120,.T.);
#4120 = CIRCLE('',#4121,2.9);
#4121 = AXIS2_PLACEMENT_3D('',#4122,#4123,#4124);
#4122 = CARTESIAN_POINT('',(6.5,2.5,-88.15));
#4123 = DIRECTION('',(-0.,1.,0.));
#4124 = DIRECTION('',(1.,0.,0.));
#4125 = ORIENTED_EDGE('',*,*,#4086,.F.);
#4126 = ORIENTED_EDGE('',*,*,#1578,.T.);
#4127 = CONICAL_SURFACE('',#4128,3.149999983237,0.785398163397);
#4128 = AXIS2_PLACEMENT_3D('',#4129,#4130,#4131);
#4129 = CARTESIAN_POINT('',(6.5,2.250000016763,-88.15));
#4130 = DIRECTION('',(0.,-1.,0.));
#4131 = DIRECTION('',(0.,0.,-1.));
#4132 = ADVANCED_FACE('',(#4133),#4159,.T.);
#4133 = FACE_BOUND('',#4134,.T.);
#4134 = EDGE_LOOP('',(#4135,#4143,#4152,#4158));
#4135 = ORIENTED_EDGE('',*,*,#4136,.T.);
#4136 = EDGE_CURVE('',#1590,#4137,#4139,.T.);
#4137 = VERTEX_POINT('',#4138);
#4138 = CARTESIAN_POINT('',(52.6,2.5,-88.15));
#4139 = LINE('',#4140,#4141);
#4140 = CARTESIAN_POINT('',(52.10000002951,2.000000029513,-88.1500001676
    ));
#4141 = VECTOR('',#4142,1.);
#4142 = DIRECTION('',(0.707106781187,0.707106781187,8.539932529E-08));
#4143 = ORIENTED_EDGE('',*,*,#4144,.F.);
#4144 = EDGE_CURVE('',#4145,#4137,#4147,.T.);
#4145 = VERTEX_POINT('',#4146);
#4146 = CARTESIAN_POINT('',(58.4,2.5,-88.15));
#4147 = CIRCLE('',#4148,2.9);
#4148 = AXIS2_PLACEMENT_3D('',#4149,#4150,#4151);
#4149 = CARTESIAN_POINT('',(55.5,2.5,-88.15));
#4150 = DIRECTION('',(-0.,1.,0.));
#4151 = DIRECTION('',(1.,0.,0.));
#4152 = ORIENTED_EDGE('',*,*,#4153,.F.);
#4153 = EDGE_CURVE('',#1588,#4145,#4154,.T.);
#4154 = LINE('',#4155,#4156);
#4155 = CARTESIAN_POINT('',(58.89999997049,2.000000029513,-88.1499998324
    ));
#4156 = VECTOR('',#4157,1.);
#4157 = DIRECTION('',(-0.707106781187,0.707106781187,-8.539928509E-08));
#4158 = ORIENTED_EDGE('',*,*,#1587,.T.);
#4159 = CONICAL_SURFACE('',#4160,3.149999983237,0.785398163397);
#4160 = AXIS2_PLACEMENT_3D('',#4161,#4162,#4163);
#4161 = CARTESIAN_POINT('',(55.5,2.250000016763,-88.15));
#4162 = DIRECTION('',(0.,-1.,0.));
#4163 = DIRECTION('',(0.,0.,-1.));
#4164 = ADVANCED_FACE('',(#4165),#4177,.T.);
#4165 = FACE_BOUND('',#4166,.T.);
#4166 = EDGE_LOOP('',(#4167,#4168,#4175,#4176));
#4167 = ORIENTED_EDGE('',*,*,#4153,.T.);
#4168 = ORIENTED_EDGE('',*,*,#4169,.F.);
#4169 = EDGE_CURVE('',#4137,#4145,#4170,.T.);
#4170 = CIRCLE('',#4171,2.9);
#4171 = AXIS2_PLACEMENT_3D('',#4172,#4173,#4174);
#4172 = CARTESIAN_POINT('',(55.5,2.5,-88.15));
#4173 = DIRECTION('',(0.,1.,-0.));
#4174 = DIRECTION('',(-1.,0.,0.));
#4175 = ORIENTED_EDGE('',*,*,#4136,.F.);
#4176 = ORIENTED_EDGE('',*,*,#1598,.T.);
#4177 = CONICAL_SURFACE('',#4178,3.149999983237,0.785398163397);
#4178 = AXIS2_PLACEMENT_3D('',#4179,#4180,#4181);
#4179 = CARTESIAN_POINT('',(55.5,2.250000016763,-88.15));
#4180 = DIRECTION('',(0.,-1.,0.));
#4181 = DIRECTION('',(0.,0.,-1.));
#4182 = ADVANCED_FACE('',(#4183),#4209,.T.);
#4183 = FACE_BOUND('',#4184,.T.);
#4184 = EDGE_LOOP('',(#4185,#4193,#4202,#4208));
#4185 = ORIENTED_EDGE('',*,*,#4186,.T.);
#4186 = EDGE_CURVE('',#1610,#4187,#4189,.T.);
#4187 = VERTEX_POINT('',#4188);
#4188 = CARTESIAN_POINT('',(9.4,2.5,-30.15));
#4189 = LINE('',#4190,#4191);
#4190 = CARTESIAN_POINT('',(9.899999970487,2.000000029513,-30.1499998324
    ));
#4191 = VECTOR('',#4192,1.);
#4192 = DIRECTION('',(-0.707106781187,0.707106781187,-8.539930519E-08));
#4193 = ORIENTED_EDGE('',*,*,#4194,.F.);
#4194 = EDGE_CURVE('',#4195,#4187,#4197,.T.);
#4195 = VERTEX_POINT('',#4196);
#4196 = CARTESIAN_POINT('',(3.6,2.5,-30.15));
#4197 = CIRCLE('',#4198,2.9);
#4198 = AXIS2_PLACEMENT_3D('',#4199,#4200,#4201);
#4199 = CARTESIAN_POINT('',(6.5,2.5,-30.15));
#4200 = DIRECTION('',(0.,1.,-0.));
#4201 = DIRECTION('',(-1.,0.,0.));
#4202 = ORIENTED_EDGE('',*,*,#4203,.F.);
#4203 = EDGE_CURVE('',#1608,#4195,#4204,.T.);
#4204 = LINE('',#4205,#4206);
#4205 = CARTESIAN_POINT('',(3.100000029513,2.000000029513,-30.1500001676
    ));
#4206 = VECTOR('',#4207,1.);
#4207 = DIRECTION('',(0.707106781187,0.707106781187,8.539930017E-08));
#4208 = ORIENTED_EDGE('',*,*,#1607,.T.);
#4209 = CONICAL_SURFACE('',#4210,3.149999983237,0.785398163397);
#4210 = AXIS2_PLACEMENT_3D('',#4211,#4212,#4213);
#4211 = CARTESIAN_POINT('',(6.5,2.250000016763,-30.15));
#4212 = DIRECTION('',(0.,-1.,0.));
#4213 = DIRECTION('',(0.,0.,-1.));
#4214 = ADVANCED_FACE('',(#4215),#4227,.T.);
#4215 = FACE_BOUND('',#4216,.T.);
#4216 = EDGE_LOOP('',(#4217,#4218,#4225,#4226));
#4217 = ORIENTED_EDGE('',*,*,#4203,.T.);
#4218 = ORIENTED_EDGE('',*,*,#4219,.F.);
#4219 = EDGE_CURVE('',#4187,#4195,#4220,.T.);
#4220 = CIRCLE('',#4221,2.9);
#4221 = AXIS2_PLACEMENT_3D('',#4222,#4223,#4224);
#4222 = CARTESIAN_POINT('',(6.5,2.5,-30.15));
#4223 = DIRECTION('',(-0.,1.,0.));
#4224 = DIRECTION('',(1.,0.,0.));
#4225 = ORIENTED_EDGE('',*,*,#4186,.F.);
#4226 = ORIENTED_EDGE('',*,*,#1618,.T.);
#4227 = CONICAL_SURFACE('',#4228,3.149999983237,0.785398163397);
#4228 = AXIS2_PLACEMENT_3D('',#4229,#4230,#4231);
#4229 = CARTESIAN_POINT('',(6.5,2.250000016763,-30.15));
#4230 = DIRECTION('',(0.,-1.,0.));
#4231 = DIRECTION('',(0.,0.,-1.));
#4232 = ADVANCED_FACE('',(#4233),#4259,.T.);
#4233 = FACE_BOUND('',#4234,.T.);
#4234 = EDGE_LOOP('',(#4235,#4243,#4252,#4258));
#4235 = ORIENTED_EDGE('',*,*,#4236,.T.);
#4236 = EDGE_CURVE('',#1630,#4237,#4239,.T.);
#4237 = VERTEX_POINT('',#4238);
#4238 = CARTESIAN_POINT('',(58.4,2.5,-30.15));
#4239 = LINE('',#4240,#4241);
#4240 = CARTESIAN_POINT('',(58.89999997049,2.000000029513,-30.1499998324
    ));
#4241 = VECTOR('',#4242,1.);
#4242 = DIRECTION('',(-0.707106781187,0.707106781187,-8.539930519E-08));
#4243 = ORIENTED_EDGE('',*,*,#4244,.F.);
#4244 = EDGE_CURVE('',#4245,#4237,#4247,.T.);
#4245 = VERTEX_POINT('',#4246);
#4246 = CARTESIAN_POINT('',(52.6,2.5,-30.15));
#4247 = CIRCLE('',#4248,2.9);
#4248 = AXIS2_PLACEMENT_3D('',#4249,#4250,#4251);
#4249 = CARTESIAN_POINT('',(55.5,2.5,-30.15));
#4250 = DIRECTION('',(0.,1.,-0.));
#4251 = DIRECTION('',(-1.,0.,0.));
#4252 = ORIENTED_EDGE('',*,*,#4253,.F.);
#4253 = EDGE_CURVE('',#1628,#4245,#4254,.T.);
#4254 = LINE('',#4255,#4256);
#4255 = CARTESIAN_POINT('',(52.10000002951,2.000000029513,-30.1500001676
    ));
#4256 = VECTOR('',#4257,1.);
#4257 = DIRECTION('',(0.707106781187,0.707106781187,8.539930017E-08));
#4258 = ORIENTED_EDGE('',*,*,#1627,.T.);
#4259 = CONICAL_SURFACE('',#4260,3.149999983237,0.785398163397);
#4260 = AXIS2_PLACEMENT_3D('',#4261,#4262,#4263);
#4261 = CARTESIAN_POINT('',(55.5,2.250000016763,-30.15));
#4262 = DIRECTION('',(0.,-1.,0.));
#4263 = DIRECTION('',(0.,0.,-1.));
#4264 = ADVANCED_FACE('',(#4265),#4277,.T.);
#4265 = FACE_BOUND('',#4266,.T.);
#4266 = EDGE_LOOP('',(#4267,#4268,#4275,#4276));
#4267 = ORIENTED_EDGE('',*,*,#4253,.T.);
#4268 = ORIENTED_EDGE('',*,*,#4269,.F.);
#4269 = EDGE_CURVE('',#4237,#4245,#4270,.T.);
#4270 = CIRCLE('',#4271,2.9);
#4271 = AXIS2_PLACEMENT_3D('',#4272,#4273,#4274);
#4272 = CARTESIAN_POINT('',(55.5,2.5,-30.15));
#4273 = DIRECTION('',(-0.,1.,0.));
#4274 = DIRECTION('',(1.,0.,0.));
#4275 = ORIENTED_EDGE('',*,*,#4236,.F.);
#4276 = ORIENTED_EDGE('',*,*,#1638,.T.);
#4277 = CONICAL_SURFACE('',#4278,3.149999983237,0.785398163397);
#4278 = AXIS2_PLACEMENT_3D('',#4279,#4280,#4281);
#4279 = CARTESIAN_POINT('',(55.5,2.250000016763,-30.15));
#4280 = DIRECTION('',(0.,-1.,0.));
#4281 = DIRECTION('',(0.,0.,-1.));
#4282 = ADVANCED_FACE('',(#4283),#4309,.F.);
#4283 = FACE_BOUND('',#4284,.F.);
#4284 = EDGE_LOOP('',(#4285,#4293,#4301,#4308));
#4285 = ORIENTED_EDGE('',*,*,#4286,.T.);
#4286 = EDGE_CURVE('',#1664,#4287,#4289,.T.);
#4287 = VERTEX_POINT('',#4288);
#4288 = CARTESIAN_POINT('',(4.,64.,-90.75));
#4289 = ( BOUNDED_CURVE() B_SPLINE_CURVE(2,(#4290,#4291,#4292),
.UNSPECIFIED.,.F.,.F.) B_SPLINE_CURVE_WITH_KNOTS((3,3),(0.,0.75),
.PIECEWISE_BEZIER_KNOTS.) CURVE() GEOMETRIC_REPRESENTATION_ITEM() 
RATIONAL_B_SPLINE_CURVE((1.,0.707106781187,1.)) REPRESENTATION_ITEM('') 
  );
#4290 = CARTESIAN_POINT('',(2.,62.,-90.75));
#4291 = CARTESIAN_POINT('',(2.,64.,-90.75));
#4292 = CARTESIAN_POINT('',(4.,64.,-90.75));
#4293 = ORIENTED_EDGE('',*,*,#4294,.T.);
#4294 = EDGE_CURVE('',#4287,#4295,#4297,.T.);
#4295 = VERTEX_POINT('',#4296);
#4296 = CARTESIAN_POINT('',(4.,64.,-91.));
#4297 = LINE('',#4298,#4299);
#4298 = CARTESIAN_POINT('',(4.,64.,-87.));
#4299 = VECTOR('',#4300,1.);
#4300 = DIRECTION('',(0.,0.,-1.));
#4301 = ORIENTED_EDGE('',*,*,#4302,.F.);
#4302 = EDGE_CURVE('',#1656,#4295,#4303,.T.);
#4303 = ELLIPSE('',#4304,2.828427124746,2.);
#4304 = AXIS2_PLACEMENT_3D('',#4305,#4306,#4307);
#4305 = CARTESIAN_POINT('',(4.,62.,-91.));
#4306 = DIRECTION('',(0.707106781187,0.,-0.707106781187));
#4307 = DIRECTION('',(-0.707106781187,0.,-0.707106781187));
#4308 = ORIENTED_EDGE('',*,*,#1663,.F.);
#4309 = CYLINDRICAL_SURFACE('',#4310,2.);
#4310 = AXIS2_PLACEMENT_3D('',#4311,#4312,#4313);
#4311 = CARTESIAN_POINT('',(4.,62.,-87.));
#4312 = DIRECTION('',(0.,0.,-1.));
#4313 = DIRECTION('',(-1.,-0.,-0.));
#4314 = ADVANCED_FACE('',(#4315),#4337,.F.);
#4315 = FACE_BOUND('',#4316,.F.);
#4316 = EDGE_LOOP('',(#4317,#4325,#4335,#4336));
#4317 = ORIENTED_EDGE('',*,*,#4318,.T.);
#4318 = EDGE_CURVE('',#1672,#4319,#4321,.T.);
#4319 = VERTEX_POINT('',#4320);
#4320 = CARTESIAN_POINT('',(3.75,64.,-90.));
#4321 = ( BOUNDED_CURVE() B_SPLINE_CURVE(2,(#4322,#4323,#4324),
.UNSPECIFIED.,.F.,.F.) B_SPLINE_CURVE_WITH_KNOTS((3,3),(0.,0.75),
.PIECEWISE_BEZIER_KNOTS.) CURVE() GEOMETRIC_REPRESENTATION_ITEM() 
RATIONAL_B_SPLINE_CURVE((1.,0.75,1.)) REPRESENTATION_ITEM('') );
#4322 = CARTESIAN_POINT('',(2.,62.015686516702,-90.));
#4323 = CARTESIAN_POINT('',(2.,63.779520724078,-90.));
#4324 = CARTESIAN_POINT('',(3.75,64.,-90.));
#4325 = ORIENTED_EDGE('',*,*,#4326,.T.);
#4326 = EDGE_CURVE('',#4319,#4287,#4327,.T.);
#4327 = ( BOUNDED_CURVE() B_SPLINE_CURVE(6,(#4328,#4329,#4330,#4331,
#4332,#4333,#4334),.UNSPECIFIED.,.F.,.F.) B_SPLINE_CURVE_WITH_KNOTS((7,7
),(3.,3.75),.PIECEWISE_BEZIER_KNOTS.) CURVE() 
GEOMETRIC_REPRESENTATION_ITEM() RATIONAL_B_SPLINE_CURVE((1.,1.,1.,1.,1.,
1.,1.)) REPRESENTATION_ITEM('') );
#4328 = CARTESIAN_POINT('',(3.75,64.,-90.));
#4329 = CARTESIAN_POINT('',(3.75,64.,-90.125));
#4330 = CARTESIAN_POINT('',(3.765058092871,64.,-90.25));
#4331 = CARTESIAN_POINT('',(3.79480529358,64.,-90.375));
#4332 = CARTESIAN_POINT('',(3.84169026803,64.,-90.5));
#4333 = CARTESIAN_POINT('',(3.90625,64.,-90.625));
#4334 = CARTESIAN_POINT('',(4.,64.,-90.75));
#4335 = ORIENTED_EDGE('',*,*,#4286,.F.);
#4336 = ORIENTED_EDGE('',*,*,#1671,.F.);
#4337 = ( BOUNDED_SURFACE() B_SPLINE_SURFACE(2,6,(
    (#4338,#4339,#4340,#4341,#4342,#4343,#4344)
    ,(#4345,#4346,#4347,#4348,#4349,#4350,#4351)
    ,(#4352,#4353,#4354,#4355,#4356,#4357,#4358
)),.UNSPECIFIED.,.F.,.F.,.F.) B_SPLINE_SURFACE_WITH_KNOTS((3,3),(7,7),(
    0.,0.75),(3.,3.75),.PIECEWISE_BEZIER_KNOTS.) 
GEOMETRIC_REPRESENTATION_ITEM() RATIONAL_B_SPLINE_SURFACE((
    (1.,1.,1.,1.,1.,1.,1.)
    ,(0.75,0.75,0.747486310364,0.74254584352,0.734632527259
      ,0.723679596371,0.707106781187)
,(1.,1.,1.,1.,1.,1.,1.))) REPRESENTATION_ITEM('') SURFACE() );
#4338 = CARTESIAN_POINT('',(2.,62.015686516702,-90.));
#4339 = CARTESIAN_POINT('',(2.,62.015686516702,-90.125));
#4340 = CARTESIAN_POINT('',(2.,62.013826901056,-90.25));
#4341 = CARTESIAN_POINT('',(2.,62.009915946019,-90.375));
#4342 = CARTESIAN_POINT('',(2.,62.005217605905,-90.5));
#4343 = CARTESIAN_POINT('',(2.,62.,-90.625));
#4344 = CARTESIAN_POINT('',(2.,62.,-90.75));
#4345 = CARTESIAN_POINT('',(2.,63.779520724078,-90.));
#4346 = CARTESIAN_POINT('',(2.,63.779520724078,-90.125));
#4347 = CARTESIAN_POINT('',(2.,63.791183511995,-90.25081252191));
#4348 = CARTESIAN_POINT('',(2.,63.814262047834,-90.37696719992));
#4349 = CARTESIAN_POINT('',(2.,63.852652862831,-90.50262442872));
#4350 = CARTESIAN_POINT('',(2.,63.908396946565,-90.62786259542));
#4351 = CARTESIAN_POINT('',(2.,64.,-90.75));
#4352 = CARTESIAN_POINT('',(3.75,64.,-90.));
#4353 = CARTESIAN_POINT('',(3.75,64.,-90.125));
#4354 = CARTESIAN_POINT('',(3.765058092871,64.,-90.25));
#4355 = CARTESIAN_POINT('',(3.79480529358,64.,-90.375));
#4356 = CARTESIAN_POINT('',(3.84169026803,64.,-90.5));
#4357 = CARTESIAN_POINT('',(3.90625,64.,-90.625));
#4358 = CARTESIAN_POINT('',(4.,64.,-90.75));
#4359 = ADVANCED_FACE('',(#4360),#4383,.F.);
#4360 = FACE_BOUND('',#4361,.F.);
#4361 = EDGE_LOOP('',(#4362,#4371,#4381,#4382));
#4362 = ORIENTED_EDGE('',*,*,#4363,.T.);
#4363 = EDGE_CURVE('',#1684,#4364,#4366,.T.);
#4364 = VERTEX_POINT('',#4365);
#4365 = CARTESIAN_POINT('',(4.,64.,-89.25));
#4366 = CIRCLE('',#4367,2.);
#4367 = AXIS2_PLACEMENT_3D('',#4368,#4369,#4370);
#4368 = CARTESIAN_POINT('',(4.,62.,-89.25));
#4369 = DIRECTION('',(0.,0.,-1.));
#4370 = DIRECTION('',(-1.,-0.,-0.));
#4371 = ORIENTED_EDGE('',*,*,#4372,.T.);
#4372 = EDGE_CURVE('',#4364,#4319,#4373,.T.);
#4373 = ( BOUNDED_CURVE() B_SPLINE_CURVE(6,(#4374,#4375,#4376,#4377,
#4378,#4379,#4380),.UNSPECIFIED.,.F.,.F.) B_SPLINE_CURVE_WITH_KNOTS((7,7
),(2.25,3.),.PIECEWISE_BEZIER_KNOTS.) CURVE() 
GEOMETRIC_REPRESENTATION_ITEM() RATIONAL_B_SPLINE_CURVE((1.,1.,1.,1.,1.,
1.,1.)) REPRESENTATION_ITEM('') );
#4374 = CARTESIAN_POINT('',(4.,64.,-89.25));
#4375 = CARTESIAN_POINT('',(3.90625,64.,-89.375));
#4376 = CARTESIAN_POINT('',(3.84169026803,64.,-89.5));
#4377 = CARTESIAN_POINT('',(3.79480529358,64.,-89.625));
#4378 = CARTESIAN_POINT('',(3.765058092871,64.,-89.75));
#4379 = CARTESIAN_POINT('',(3.75,64.,-89.875));
#4380 = CARTESIAN_POINT('',(3.75,64.,-90.));
#4381 = ORIENTED_EDGE('',*,*,#4318,.F.);
#4382 = ORIENTED_EDGE('',*,*,#1683,.F.);
#4383 = ( BOUNDED_SURFACE() B_SPLINE_SURFACE(2,6,(
    (#4384,#4385,#4386,#4387,#4388,#4389,#4390)
    ,(#4391,#4392,#4393,#4394,#4395,#4396,#4397)
    ,(#4398,#4399,#4400,#4401,#4402,#4403,#4404
)),.UNSPECIFIED.,.F.,.F.,.F.) B_SPLINE_SURFACE_WITH_KNOTS((3,3),(7,7),(
    0.,0.75),(2.25,3.),.PIECEWISE_BEZIER_KNOTS.) 
GEOMETRIC_REPRESENTATION_ITEM() RATIONAL_B_SPLINE_SURFACE((
    (1.,1.,1.,1.,1.,1.,1.)
    ,(0.707106781187,0.723679596371,0.734632527259,0.74254584352
      ,0.747486310364,0.75,0.75)
,(1.,1.,1.,1.,1.,1.,1.))) REPRESENTATION_ITEM('') SURFACE() );
#4384 = CARTESIAN_POINT('',(2.,62.,-89.25));
#4385 = CARTESIAN_POINT('',(2.,62.,-89.375));
#4386 = CARTESIAN_POINT('',(2.,62.005217605905,-89.5));
#4387 = CARTESIAN_POINT('',(2.,62.009915946019,-89.625));
#4388 = CARTESIAN_POINT('',(2.,62.013826901056,-89.75));
#4389 = CARTESIAN_POINT('',(2.,62.015686516702,-89.875));
#4390 = CARTESIAN_POINT('',(2.,62.015686516702,-90.));
#4391 = CARTESIAN_POINT('',(2.,64.,-89.25));
#4392 = CARTESIAN_POINT('',(2.,63.908396946565,-89.37213740458));
#4393 = CARTESIAN_POINT('',(2.,63.852652862831,-89.49737557127));
#4394 = CARTESIAN_POINT('',(2.,63.814262047834,-89.62303280007));
#4395 = CARTESIAN_POINT('',(2.,63.791183511995,-89.74918747808));
#4396 = CARTESIAN_POINT('',(2.,63.779520724078,-89.875));
#4397 = CARTESIAN_POINT('',(2.,63.779520724078,-90.));
#4398 = CARTESIAN_POINT('',(4.,64.,-89.25));
#4399 = CARTESIAN_POINT('',(3.90625,64.,-89.375));
#4400 = CARTESIAN_POINT('',(3.84169026803,64.,-89.5));
#4401 = CARTESIAN_POINT('',(3.79480529358,64.,-89.625));
#4402 = CARTESIAN_POINT('',(3.765058092871,64.,-89.75));
#4403 = CARTESIAN_POINT('',(3.75,64.,-89.875));
#4404 = CARTESIAN_POINT('',(3.75,64.,-90.));
#4405 = ADVANCED_FACE('',(#4406),#4429,.F.);
#4406 = FACE_BOUND('',#4407,.F.);
#4407 = EDGE_LOOP('',(#4408,#4409,#4422,#4428));
#4408 = ORIENTED_EDGE('',*,*,#1695,.F.);
#4409 = ORIENTED_EDGE('',*,*,#4410,.T.);
#4410 = EDGE_CURVE('',#1696,#4411,#4413,.T.);
#4411 = VERTEX_POINT('',#4412);
#4412 = CARTESIAN_POINT('',(4.,64.,-89.));
#4413 = B_SPLINE_CURVE_WITH_KNOTS('',7,(#4414,#4415,#4416,#4417,#4418,
    #4419,#4420,#4421),.UNSPECIFIED.,.F.,.F.,(8,8),(0.,1.),
  .PIECEWISE_BEZIER_KNOTS.);
#4414 = CARTESIAN_POINT('',(2.,62.,-89.));
#4415 = CARTESIAN_POINT('',(2.,62.448798950513,-89.));
#4416 = CARTESIAN_POINT('',(2.117497773103,62.897595729966,
    -88.99999999999));
#4417 = CARTESIAN_POINT('',(2.352474555596,63.309493881648,-89.));
#4418 = CARTESIAN_POINT('',(2.690506118354,63.647525444403,
    -88.99999999999));
#4419 = CARTESIAN_POINT('',(3.102404270033,63.882502226898,-89.));
#4420 = CARTESIAN_POINT('',(3.551201049487,64.,-89.));
#4421 = CARTESIAN_POINT('',(4.,64.,-89.));
#4422 = ORIENTED_EDGE('',*,*,#4423,.T.);
#4423 = EDGE_CURVE('',#4411,#4364,#4424,.T.);
#4424 = LINE('',#4425,#4426);
#4425 = CARTESIAN_POINT('',(4.,64.,-87.));
#4426 = VECTOR('',#4427,1.);
#4427 = DIRECTION('',(0.,0.,-1.));
#4428 = ORIENTED_EDGE('',*,*,#4363,.F.);
#4429 = CYLINDRICAL_SURFACE('',#4430,2.);
#4430 = AXIS2_PLACEMENT_3D('',#4431,#4432,#4433);
#4431 = CARTESIAN_POINT('',(4.,62.,-87.));
#4432 = DIRECTION('',(0.,0.,-1.));
#4433 = DIRECTION('',(-1.,-0.,-0.));
#4434 = ADVANCED_FACE('',(#4435),#4465,.T.);
#4435 = FACE_BOUND('',#4436,.T.);
#4436 = EDGE_LOOP('',(#4437,#4438,#4439));
#4437 = ORIENTED_EDGE('',*,*,#1703,.F.);
#4438 = ORIENTED_EDGE('',*,*,#4410,.T.);
#4439 = ORIENTED_EDGE('',*,*,#4440,.T.);
#4440 = EDGE_CURVE('',#4411,#1704,#4441,.T.);
#4441 = B_SPLINE_CURVE_WITH_KNOTS('',8,(#4442,#4443,#4444,#4445,#4446,
    #4447,#4448,#4449,#4450,#4451,#4452,#4453,#4454,#4455,#4456,#4457,
    #4458,#4459,#4460,#4461,#4462,#4463,#4464),.UNSPECIFIED.,.F.,.F.,(9,
    7,7,9),(0.,0.25,0.5,1.),.UNSPECIFIED.);
#4442 = CARTESIAN_POINT('',(4.,64.,-89.));
#4443 = CARTESIAN_POINT('',(3.9375,64.,-88.90182522957));
#4444 = CARTESIAN_POINT('',(3.875,64.005507591743,-88.80365045915));
#4445 = CARTESIAN_POINT('',(3.8125,64.016522775223,-88.70583615976));
#4446 = CARTESIAN_POINT('',(3.75,64.033017239126,-88.60874280244));
#4447 = CARTESIAN_POINT('',(3.6875,64.054934360768,-88.5127280788));
#4448 = CARTESIAN_POINT('',(3.625,64.082189570027,-88.41814412139));
#4449 = CARTESIAN_POINT('',(3.5625,64.11467107686,-88.32533479627));
#4450 = CARTESIAN_POINT('',(3.4375,64.189810793097,-88.14393147426));
#4451 = CARTESIAN_POINT('',(3.375,64.2324689328,-88.05533743316));
#4452 = CARTESIAN_POINT('',(3.3125,64.280077632258,-87.9691841829));
#4453 = CARTESIAN_POINT('',(3.25,64.33247261074,-87.88579382035));
#4454 = CARTESIAN_POINT('',(3.1875,64.389464569711,-87.80547506195));
#4455 = CARTESIAN_POINT('',(3.125,64.450840733758,-87.72852093744));
#4456 = CARTESIAN_POINT('',(3.0625,64.51636639172,-87.65520648353));
#4457 = CARTESIAN_POINT('',(2.875,64.724626529445,-87.44694634581));
#4458 = CARTESIAN_POINT('',(2.75,64.879044216388,-87.3236841804));
#4459 = CARTESIAN_POINT('',(2.625,65.047001402365,-87.21803857861));
#4460 = CARTESIAN_POINT('',(2.5,65.226136922393,-87.13172926262));
#4461 = CARTESIAN_POINT('',(2.375,65.413834765972,-87.06609122427));
#4462 = CARTESIAN_POINT('',(2.25,65.607301152557,-87.02203028055));
#4463 = CARTESIAN_POINT('',(2.125,65.803650459151,-87.));
#4464 = CARTESIAN_POINT('',(2.,66.,-87.));
#4465 = B_SPLINE_SURFACE_WITH_KNOTS('',7,8,(
    (#4466,#4467,#4468,#4469,#4470,#4471,#4472,#4473,#4474,#4475,#4476
      ,#4477,#4478,#4479,#4480,#4481,#4482,#4483,#4484,#4485,#4486,#4487
      ,#4488)
    ,(#4489,#4490,#4491,#4492,#4493,#4494,#4495,#4496,#4497,#4498,#4499
      ,#4500,#4501,#4502,#4503,#4504,#4505,#4506,#4507,#4508,#4509,#4510
      ,#4511)
    ,(#4512,#4513,#4514,#4515,#4516,#4517,#4518,#4519,#4520,#4521,#4522
      ,#4523,#4524,#4525,#4526,#4527,#4528,#4529,#4530,#4531,#4532,#4533
      ,#4534)
    ,(#4535,#4536,#4537,#4538,#4539,#4540,#4541,#4542,#4543,#4544,#4545
      ,#4546,#4547,#4548,#4549,#4550,#4551,#4552,#4553,#4554,#4555,#4556
      ,#4557)
    ,(#4558,#4559,#4560,#4561,#4562,#4563,#4564,#4565,#4566,#4567,#4568
      ,#4569,#4570,#4571,#4572,#4573,#4574,#4575,#4576,#4577,#4578,#4579
      ,#4580)
    ,(#4581,#4582,#4583,#4584,#4585,#4586,#4587,#4588,#4589,#4590,#4591
      ,#4592,#4593,#4594,#4595,#4596,#4597,#4598,#4599,#4600,#4601,#4602
      ,#4603)
    ,(#4604,#4605,#4606,#4607,#4608,#4609,#4610,#4611,#4612,#4613,#4614
      ,#4615,#4616,#4617,#4618,#4619,#4620,#4621,#4622,#4623,#4624,#4625
      ,#4626)
    ,(#4627,#4628,#4629,#4630,#4631,#4632,#4633,#4634,#4635,#4636,#4637
      ,#4638,#4639,#4640,#4641,#4642,#4643,#4644,#4645,#4646,#4647,#4648
      ,#4649
    )),.UNSPECIFIED.,.F.,.F.,.F.,(8,8),(9,7,7,9),(0.,1.),(0.,0.25,0.5,1.
    ),.UNSPECIFIED.);
#4466 = CARTESIAN_POINT('',(2.,62.,-89.));
#4467 = CARTESIAN_POINT('',(2.,62.,-88.8496423229));
#4468 = CARTESIAN_POINT('',(2.,62.034355436851,-88.70215927075));
#4469 = CARTESIAN_POINT('',(2.,62.099429774304,-88.55924708554));
#4470 = CARTESIAN_POINT('',(2.,62.185522078229,-88.43508438356));
#4471 = CARTESIAN_POINT('',(2.,62.278540888347,-88.31818804492));
#4472 = CARTESIAN_POINT('',(2.,62.385671842537,-88.21053159885));
#4473 = CARTESIAN_POINT('',(2.,62.49738907522,-88.1114240911));
#4474 = CARTESIAN_POINT('',(2.,62.733073738628,-87.92680880572));
#4475 = CARTESIAN_POINT('',(2.,62.856521673336,-87.84149849522));
#4476 = CARTESIAN_POINT('',(2.,62.984056048775,-87.76240759405));
#4477 = CARTESIAN_POINT('',(2.,63.114720599783,-87.68890077423));
#4478 = CARTESIAN_POINT('',(2.,63.24795882958,-87.62047384118));
#4479 = CARTESIAN_POINT('',(2.,63.383450880983,-87.55674227239));
#4480 = CARTESIAN_POINT('',(2.,63.520950407691,-87.497429756));
#4481 = CARTESIAN_POINT('',(2.,63.938463521124,-87.3322106761));
#4482 = CARTESIAN_POINT('',(2.,64.223672955681,-87.23896576572));
#4483 = CARTESIAN_POINT('',(2.,64.51341689927,-87.16120501728));
#4484 = CARTESIAN_POINT('',(2.,64.806738571489,-87.09826351308));
#4485 = CARTESIAN_POINT('',(2.,65.102999645784,-87.05007728607));
#4486 = CARTESIAN_POINT('',(2.,65.401336816134,-87.0170589397));
#4487 = CARTESIAN_POINT('',(2.,65.700632546062,-87.));
#4488 = CARTESIAN_POINT('',(2.,66.,-87.));
#4489 = CARTESIAN_POINT('',(2.,62.448798950513,-89.));
#4490 = CARTESIAN_POINT('',(2.,62.443702554738,-88.85709702385));
#4491 = CARTESIAN_POINT('',(2.,62.468840475084,-88.71665801195));
#4492 = CARTESIAN_POINT('',(2.,62.52109568048,-88.58018838186));
#4493 = CARTESIAN_POINT('',(2.,62.592149040056,-88.45989272912));
#4494 = CARTESIAN_POINT('',(2.,62.669914070331,-88.34597947833));
#4495 = CARTESIAN_POINT('',(2.,62.760537808041,-88.24019053064));
#4496 = CARTESIAN_POINT('',(2.,62.855839255543,-88.14198276326));
#4497 = CARTESIAN_POINT('',(2.,63.058396134947,-87.9578263298));
#4498 = CARTESIAN_POINT('',(2.,63.165206274594,-87.87204691492));
#4499 = CARTESIAN_POINT('',(2.,63.276226300546,-87.79194710675));
#4500 = CARTESIAN_POINT('',(2.,63.390613088277,-87.71702835224));
#4501 = CARTESIAN_POINT('',(2.,63.507862597893,-87.646902587));
#4502 = CARTESIAN_POINT('',(2.,63.627670269615,-87.58128208168));
#4503 = CARTESIAN_POINT('',(2.,63.749791419297,-87.5199692885));
#4504 = CARTESIAN_POINT('',(2.,64.122122063162,-87.34860148605));
#4505 = CARTESIAN_POINT('',(2.,64.378454170796,-87.25106839639));
#4506 = CARTESIAN_POINT('',(2.,64.640607214604,-87.16932409747));
#4507 = CARTESIAN_POINT('',(2.,64.907423787818,-87.10304433444));
#4508 = CARTESIAN_POINT('',(2.,65.177983037603,-87.05236499153));
#4509 = CARTESIAN_POINT('',(2.,65.451145875866,-87.01776913125));
#4510 = CARTESIAN_POINT('',(2.,65.725542182339,-87.));
#4511 = CARTESIAN_POINT('',(2.,66.,-87.));
#4512 = CARTESIAN_POINT('',(2.117497773103,62.897595729966,
    -88.99999999999));
#4513 = CARTESIAN_POINT('',(2.11482617868,62.889721340035,-88.8645517248
    ));
#4514 = CARTESIAN_POINT('',(2.129673772536,62.919913163877,
    -88.73214343634));
#4515 = CARTESIAN_POINT('',(2.133603353811,62.960642423574,
    -88.6036292699));
#4516 = CARTESIAN_POINT('',(2.136219115165,63.01525928003,
    -88.48697198995));
#4517 = CARTESIAN_POINT('',(2.137614900878,63.076126664495,
    -88.37581002602));
#4518 = CARTESIAN_POINT('',(2.137884555231,63.14710383908,
    -88.27121445195));
#4519 = CARTESIAN_POINT('',(2.137121922503,63.222992672456,
    -88.17294836065));
#4520 = CARTESIAN_POINT('',(2.133719771447,63.386138787308,-87.987172867
    ));
#4521 = CARTESIAN_POINT('',(2.131080253118,63.473115252167,
    -87.89978079843));
#4522 = CARTESIAN_POINT('',(2.127596136268,63.564611709545,
    -87.81752253723));
#4523 = CARTESIAN_POINT('',(2.123361265178,63.660034677165,
    -87.74011561719));
#4524 = CARTESIAN_POINT('',(2.118469484128,63.758993464922,
    -87.66734843611));
#4525 = CARTESIAN_POINT('',(2.113014637398,63.861213034342,
    -87.59907171522));
#4526 = CARTESIAN_POINT('',(2.107090569267,63.966446858127,
    -87.53518995858));
#4527 = CARTESIAN_POINT('',(2.088192233514,64.290275622615,
    -87.35657882014));
#4528 = CARTESIAN_POINT('',(2.074091834531,64.517096529096,
    -87.25485075477));
#4529 = CARTESIAN_POINT('',(2.059240681308,64.752593880909,
    -87.17008735904));
#4530 = CARTESIAN_POINT('',(2.044389528085,64.995089122089,
    -87.10217524007));
#4531 = CARTESIAN_POINT('',(2.030289129102,65.242952164464,
    -87.05114118739));
#4532 = CARTESIAN_POINT('',(2.0176902386,65.494355123559,-87.0170602968)
  );
#4533 = CARTESIAN_POINT('',(2.026364307579,65.764325849929,-87.));
#4534 = CARTESIAN_POINT('',(2.,66.,-87.));
#4535 = CARTESIAN_POINT('',(2.352474555596,63.309493881648,-89.));
#4536 = CARTESIAN_POINT('',(2.344476344985,63.300107288322,
    -88.87200642576));
#4537 = CARTESIAN_POINT('',(2.344498879994,63.314292785319,
    -88.74671494087));
#4538 = CARTESIAN_POINT('',(2.338956995872,63.342262358792,
    -88.6246589837));
#4539 = CARTESIAN_POINT('',(2.332469170511,63.382657404271,
    -88.51273352471));
#4540 = CARTESIAN_POINT('',(2.325102971143,63.429252010295,
    -88.40545241316));
#4541 = CARTESIAN_POINT('',(2.316925964998,63.485189118238,
    -88.30363659175));
#4542 = CARTESIAN_POINT('',(2.308005719307,63.54621284756,
    -88.20725617952));
#4543 = CARTESIAN_POINT('',(2.2888138833,63.679641496399,-88.02370378275
    ));
#4544 = CARTESIAN_POINT('',(2.278542292983,63.751817776172,
    -87.93664416574));
#4545 = CARTESIAN_POINT('',(2.267662597583,63.828706638868,
    -87.85405168647));
#4546 = CARTESIAN_POINT('',(2.256242364332,63.90978648483,
    -87.77575125993));
#4547 = CARTESIAN_POINT('',(2.244349160462,63.994693338107,
    -87.70163273836));
#4548 = CARTESIAN_POINT('',(2.232050553204,64.083150697293,
    -87.63164148981));
#4549 = CARTESIAN_POINT('',(2.219414109789,64.174899386476,
    -87.56576897677));
#4550 = CARTESIAN_POINT('',(2.180693972767,64.459083445299,
    -87.38059205064));
#4551 = CARTESIAN_POINT('',(2.153799472385,64.660538184596,
    -87.27369803408));
#4552 = CARTESIAN_POINT('',(2.126364434151,64.871628288977,
    -87.18361885116));
#4553 = CARTESIAN_POINT('',(2.098929395917,65.090378464812,
    -87.11078368226));
#4554 = CARTESIAN_POINT('',(2.072034895534,65.31479512545,
    -87.05565189857));
#4555 = CARTESIAN_POINT('',(2.046221470853,65.542699316386,
    -87.01862329798));
#4556 = CARTESIAN_POINT('',(2.031131481046,65.777186882279,-87.));
#4557 = CARTESIAN_POINT('',(2.,66.,-87.));
#4558 = CARTESIAN_POINT('',(2.690506118354,63.647525444403,
    -88.99999999999));
#4559 = CARTESIAN_POINT('',(2.673518847055,63.636177638412,
    -88.87946112671));
#4560 = CARTESIAN_POINT('',(2.650872585818,63.632345894694,
    -88.76108910875));
#4561 = CARTESIAN_POINT('',(2.630666246008,63.648141784969,
    -88.64518877915));
#4562 = CARTESIAN_POINT('',(2.610222774476,63.675692157426,
    -88.53804087641));
#4563 = CARTESIAN_POINT('',(2.589559109203,63.709675299892,
    -88.43468697743));
#4564 = CARTESIAN_POINT('',(2.568692188169,63.752749597273,
    -88.33578573364));
#4565 = CARTESIAN_POINT('',(2.547638949353,63.801255749723,
    -88.24148261333));
#4566 = CARTESIAN_POINT('',(2.505193712121,63.910081259886,
    -88.06056889586));
#4567 = CARTESIAN_POINT('',(2.483801713703,63.97020610035,
    -87.97407044029));
#4568 = CARTESIAN_POINT('',(2.462257273465,64.03536141581,
    -87.89137365214));
#4569 = CARTESIAN_POINT('',(2.440577329386,64.105052118485,
    -87.81239496528));
#4570 = CARTESIAN_POINT('',(2.418778819446,64.178910697576,
    -87.73711361995));
#4571 = CARTESIAN_POINT('',(2.396878681625,64.256638273542,
    -87.66556129955));
#4572 = CARTESIAN_POINT('',(2.374893853904,64.337945652496,
    -87.59781176745));
#4573 = CARTESIAN_POINT('',(2.30873611498,64.591591836478,
    -87.40628797631));
#4574 = CARTESIAN_POINT('',(2.264359948015,64.773724942763,
    -87.29420936783));
#4575 = CARTESIAN_POINT('',(2.21984827721,64.966283080855,-87.198621507)
  );
#4576 = CARTESIAN_POINT('',(2.175336606405,65.166913760653,
    -87.12052210759));
#4577 = CARTESIAN_POINT('',(2.13096043944,65.373200675459,
    -87.06086491167));
#4578 = CARTESIAN_POINT('',(2.086855280158,65.582551840226,
    -87.02047010434));
#4579 = CARTESIAN_POINT('',(2.03776865014,65.783195991748,-87.));
#4580 = CARTESIAN_POINT('',(2.,66.,-87.));
#4581 = CARTESIAN_POINT('',(3.102404270033,63.882502226898,-89.));
#4582 = CARTESIAN_POINT('',(3.070613519434,63.871128293733,
    -88.88691582767));
#4583 = CARTESIAN_POINT('',(3.022643710804,63.855608792554,
    -88.77532822666));
#4584 = CARTESIAN_POINT('',(2.983964328902,63.86315217252,-88.6654244067
    ));
#4585 = CARTESIAN_POINT('',(2.946015928215,63.881620332491,
    -88.56264454198));
#4586 = CARTESIAN_POINT('',(2.9087462958,63.906651721471,-88.46279215342
    ));
#4587 = CARTESIAN_POINT('',(2.872103218714,63.940387440987,
    -88.36641677259));
#4588 = CARTESIAN_POINT('',(2.836034484011,63.979805776551,
    -88.27379378129));
#4589 = CARTESIAN_POINT('',(2.764941273486,64.070692203695,
    -88.09484441183));
#4590 = CARTESIAN_POINT('',(2.729916797664,64.122001886777,
    -88.00862069466));
#4591 = CARTESIAN_POINT('',(2.695362238337,64.17857523503,
    -87.92559720777));
#4592 = CARTESIAN_POINT('',(2.661225382563,64.239954147325,
    -87.84578866959));
#4593 = CARTESIAN_POINT('',(2.627454017396,64.305777856035,
    -87.76926501301));
#4594 = CARTESIAN_POINT('',(2.593995929894,64.375735557189,
    -87.69614114422));
#4595 = CARTESIAN_POINT('',(2.560798907111,64.449519040783,
    -87.62656670153));
#4596 = CARTESIAN_POINT('',(2.461834394092,64.6812878813,-87.4290140393)
  );
#4597 = CARTESIAN_POINT('',(2.396693459182,64.849749542054,
    -87.3121804045));
#4598 = CARTESIAN_POINT('',(2.331970227825,65.029404779347,
    -87.21165353874));
#4599 = CARTESIAN_POINT('',(2.267246996468,65.217631982021,
    -87.12891171409));
#4600 = CARTESIAN_POINT('',(2.202106061559,65.411703247826,
    -87.06531757287));
#4601 = CARTESIAN_POINT('',(2.136129719546,65.608720474068,
    -87.0220324085));
#4602 = CARTESIAN_POINT('',(2.051885801743,65.786707045963,-87.));
#4603 = CARTESIAN_POINT('',(2.,66.,-87.));
#4604 = CARTESIAN_POINT('',(3.551201049487,64.,-89.));
#4605 = CARTESIAN_POINT('',(3.502726016691,63.992987516398,
    -88.89437052862));
#4606 = CARTESIAN_POINT('',(3.454250983894,63.99332203819,
    -88.79014887781));
#4607 = CARTESIAN_POINT('',(3.405775951098,64.000663177247,
    -88.68727712222));
#4608 = CARTESIAN_POINT('',(3.357300918301,64.01476247263,
    -88.58740806444));
#4609 = CARTESIAN_POINT('',(3.308825885505,64.034843003811,
    -88.48954827882));
#4610 = CARTESIAN_POINT('',(3.260350852708,64.061193380359,
    -88.39385849217));
#4611 = CARTESIAN_POINT('',(3.211875819912,64.093202631202,
    -88.30076607684));
#4612 = CARTESIAN_POINT('',(3.114925754319,64.168388810758,
    -88.1196801495));
#4613 = CARTESIAN_POINT('',(3.066450721522,64.211539670372,
    -88.03172835228));
#4614 = CARTESIAN_POINT('',(3.017975688726,64.260010629289,
    -87.94656145104));
#4615 = CARTESIAN_POINT('',(2.969500655929,64.313560644658,
    -87.86439205765));
#4616 = CARTESIAN_POINT('',(2.921025623133,64.371939564629,
    -87.78544504372));
#4617 = CARTESIAN_POINT('',(2.872550590337,64.434882391499,
    -87.70995091791));
#4618 = CARTESIAN_POINT('',(2.82407555754,64.502103545067,
    -87.63813920338));
#4619 = CARTESIAN_POINT('',(2.678650459151,64.715666287271,
    -87.43441703837));
#4620 = CARTESIAN_POINT('',(2.581700393558,64.873918233959,
    -87.31421027763));
#4621 = CARTESIAN_POINT('',(2.484750327965,65.045540852643,
    -87.21141787956));
#4622 = CARTESIAN_POINT('',(2.387800262372,65.227744279844,
    -87.12760494833));
#4623 = CARTESIAN_POINT('',(2.290850196779,65.417492847497,
    -87.06397766876));
#4624 = CARTESIAN_POINT('',(2.193900131186,65.611587224945,
    -87.02132218003));
#4625 = CARTESIAN_POINT('',(2.096950065593,65.806790757281,-87.));
#4626 = CARTESIAN_POINT('',(2.,66.,-87.));
#4627 = CARTESIAN_POINT('',(4.,64.,-89.));
#4628 = CARTESIAN_POINT('',(3.9375,64.,-88.90182522957));
#4629 = CARTESIAN_POINT('',(3.875,64.005507591743,-88.80365045915));
#4630 = CARTESIAN_POINT('',(3.8125,64.016522775223,-88.70583615976));
#4631 = CARTESIAN_POINT('',(3.75,64.033017239126,-88.60874280244));
#4632 = CARTESIAN_POINT('',(3.6875,64.054934360768,-88.5127280788));
#4633 = CARTESIAN_POINT('',(3.625,64.082189570027,-88.41814412139));
#4634 = CARTESIAN_POINT('',(3.5625,64.11467107686,-88.32533479627));
#4635 = CARTESIAN_POINT('',(3.4375,64.189810793097,-88.14393147426));
#4636 = CARTESIAN_POINT('',(3.375,64.2324689328,-88.05533743316));
#4637 = CARTESIAN_POINT('',(3.3125,64.280077632258,-87.9691841829));
#4638 = CARTESIAN_POINT('',(3.25,64.33247261074,-87.88579382035));
#4639 = CARTESIAN_POINT('',(3.1875,64.389464569711,-87.80547506195));
#4640 = CARTESIAN_POINT('',(3.125,64.450840733758,-87.72852093744));
#4641 = CARTESIAN_POINT('',(3.0625,64.51636639172,-87.65520648353));
#4642 = CARTESIAN_POINT('',(2.875,64.724626529445,-87.44694634581));
#4643 = CARTESIAN_POINT('',(2.75,64.879044216388,-87.3236841804));
#4644 = CARTESIAN_POINT('',(2.625,65.047001402365,-87.21803857861));
#4645 = CARTESIAN_POINT('',(2.5,65.226136922393,-87.13172926262));
#4646 = CARTESIAN_POINT('',(2.375,65.413834765972,-87.06609122427));
#4647 = CARTESIAN_POINT('',(2.25,65.607301152557,-87.02203028055));
#4648 = CARTESIAN_POINT('',(2.125,65.803650459151,-87.));
#4649 = CARTESIAN_POINT('',(2.,66.,-87.));
#4650 = ADVANCED_FACE('',(#4651),#4698,.F.);
#4651 = FACE_BOUND('',#4652,.F.);
#4652 = EDGE_LOOP('',(#4653,#4661,#4669,#4677,#4691,#4697));
#4653 = ORIENTED_EDGE('',*,*,#4654,.T.);
#4654 = EDGE_CURVE('',#1732,#4655,#4657,.T.);
#4655 = VERTEX_POINT('',#4656);
#4656 = CARTESIAN_POINT('',(6.,72.,-87.));
#4657 = LINE('',#4658,#4659);
#4658 = CARTESIAN_POINT('',(2.,72.,-87.));
#4659 = VECTOR('',#4660,1.);
#4660 = DIRECTION('',(1.,0.,0.));
#4661 = ORIENTED_EDGE('',*,*,#4662,.T.);
#4662 = EDGE_CURVE('',#4655,#4663,#4665,.T.);
#4663 = VERTEX_POINT('',#4664);
#4664 = CARTESIAN_POINT('',(6.,66.,-87.));
#4665 = LINE('',#4666,#4667);
#4666 = CARTESIAN_POINT('',(6.,72.,-87.));
#4667 = VECTOR('',#4668,1.);
#4668 = DIRECTION('',(0.,-1.,0.));
#4669 = ORIENTED_EDGE('',*,*,#4670,.F.);
#4670 = EDGE_CURVE('',#4671,#4663,#4673,.T.);
#4671 = VERTEX_POINT('',#4672);
#4672 = CARTESIAN_POINT('',(5.75,66.,-87.));
#4673 = LINE('',#4674,#4675);
#4674 = CARTESIAN_POINT('',(2.,66.,-87.));
#4675 = VECTOR('',#4676,1.);
#4676 = DIRECTION('',(1.,0.,0.));
#4677 = ORIENTED_EDGE('',*,*,#4678,.F.);
#4678 = EDGE_CURVE('',#4679,#4671,#4681,.T.);
#4679 = VERTEX_POINT('',#4680);
#4680 = CARTESIAN_POINT('',(4.25,66.,-87.));
#4681 = ( BOUNDED_CURVE() B_SPLINE_CURVE(8,(#4682,#4683,#4684,#4685,
    #4686,#4687,#4688,#4689,#4690),.UNSPECIFIED.,.F.,.F.) 
B_SPLINE_CURVE_WITH_KNOTS((9,9),(2.25,3.75),.PIECEWISE_BEZIER_KNOTS.) 
CURVE() GEOMETRIC_REPRESENTATION_ITEM() RATIONAL_B_SPLINE_CURVE((1.,1.,
1.,1.,1.,1.,1.,1.,1.)) REPRESENTATION_ITEM('') );
#4682 = CARTESIAN_POINT('',(4.25,66.,-87.));
#4683 = CARTESIAN_POINT('',(4.4375,66.,-87.));
#4684 = CARTESIAN_POINT('',(4.625,65.988771807276,-87.));
#4685 = CARTESIAN_POINT('',(4.8125,65.98318514065,-87.));
#4686 = CARTESIAN_POINT('',(5.,65.978515288219,-87.));
#4687 = CARTESIAN_POINT('',(5.1875,65.98318514065,-87.));
#4688 = CARTESIAN_POINT('',(5.375,65.988771807276,-87.));
#4689 = CARTESIAN_POINT('',(5.5625,66.,-87.));
#4690 = CARTESIAN_POINT('',(5.75,66.,-87.));
#4691 = ORIENTED_EDGE('',*,*,#4692,.F.);
#4692 = EDGE_CURVE('',#1704,#4679,#4693,.T.);
#4693 = LINE('',#4694,#4695);
#4694 = CARTESIAN_POINT('',(2.,66.,-87.));
#4695 = VECTOR('',#4696,1.);
#4696 = DIRECTION('',(1.,0.,0.));
#4697 = ORIENTED_EDGE('',*,*,#1731,.F.);
#4698 = PLANE('',#4699);
#4699 = AXIS2_PLACEMENT_3D('',#4700,#4701,#4702);
#4700 = CARTESIAN_POINT('',(2.,72.,-87.));
#4701 = DIRECTION('',(0.,0.,-1.));
#4702 = DIRECTION('',(0.,-1.,0.));
#4703 = ADVANCED_FACE('',(#4704,#4724),#4735,.F.);
#4704 = FACE_BOUND('',#4705,.F.);
#4705 = EDGE_LOOP('',(#4706,#4714,#4721,#4722,#4723));
#4706 = ORIENTED_EDGE('',*,*,#4707,.T.);
#4707 = EDGE_CURVE('',#3057,#4708,#4710,.T.);
#4708 = VERTEX_POINT('',#4709);
#4709 = CARTESIAN_POINT('',(8.,72.,-89.));
#4710 = LINE('',#4711,#4712);
#4711 = CARTESIAN_POINT('',(8.,72.,-93.));
#4712 = VECTOR('',#4713,1.);
#4713 = DIRECTION('',(0.,0.,1.));
#4714 = ORIENTED_EDGE('',*,*,#4715,.F.);
#4715 = EDGE_CURVE('',#4655,#4708,#4716,.T.);
#4716 = CIRCLE('',#4717,2.);
#4717 = AXIS2_PLACEMENT_3D('',#4718,#4719,#4720);
#4718 = CARTESIAN_POINT('',(6.,72.,-89.));
#4719 = DIRECTION('',(0.,1.,0.));
#4720 = DIRECTION('',(0.,0.,-1.));
#4721 = ORIENTED_EDGE('',*,*,#4654,.F.);
#4722 = ORIENTED_EDGE('',*,*,#1739,.F.);
#4723 = ORIENTED_EDGE('',*,*,#3056,.T.);
#4724 = FACE_BOUND('',#4725,.F.);
#4725 = EDGE_LOOP('',(#4726));
#4726 = ORIENTED_EDGE('',*,*,#4727,.T.);
#4727 = EDGE_CURVE('',#4728,#4728,#4730,.T.);
#4728 = VERTEX_POINT('',#4729);
#4729 = CARTESIAN_POINT('',(3.75,72.,-90.));
#4730 = CIRCLE('',#4731,1.25);
#4731 = AXIS2_PLACEMENT_3D('',#4732,#4733,#4734);
#4732 = CARTESIAN_POINT('',(5.,72.,-90.));
#4733 = DIRECTION('',(0.,1.,-0.));
#4734 = DIRECTION('',(-1.,0.,0.));
#4735 = PLANE('',#4736);
#4736 = AXIS2_PLACEMENT_3D('',#4737,#4738,#4739);
#4737 = CARTESIAN_POINT('',(2.,72.,-93.));
#4738 = DIRECTION('',(0.,-1.,0.));
#4739 = DIRECTION('',(0.,0.,1.));
#4740 = ADVANCED_FACE('',(#4741),#4781,.T.);
#4741 = FACE_BOUND('',#4742,.T.);
#4742 = EDGE_LOOP('',(#4743,#4744,#4752,#4760,#4774,#4780));
#4743 = ORIENTED_EDGE('',*,*,#2391,.T.);
#4744 = ORIENTED_EDGE('',*,*,#4745,.T.);
#4745 = EDGE_CURVE('',#2383,#4746,#4748,.T.);
#4746 = VERTEX_POINT('',#4747);
#4747 = CARTESIAN_POINT('',(6.,66.,-12.4));
#4748 = LINE('',#4749,#4750);
#4749 = CARTESIAN_POINT('',(6.,72.,-12.4));
#4750 = VECTOR('',#4751,1.);
#4751 = DIRECTION('',(0.,-1.,0.));
#4752 = ORIENTED_EDGE('',*,*,#4753,.F.);
#4753 = EDGE_CURVE('',#4754,#4746,#4756,.T.);
#4754 = VERTEX_POINT('',#4755);
#4755 = CARTESIAN_POINT('',(5.75,66.,-12.4));
#4756 = LINE('',#4757,#4758);
#4757 = CARTESIAN_POINT('',(2.,66.,-12.4));
#4758 = VECTOR('',#4759,1.);
#4759 = DIRECTION('',(1.,0.,0.));
#4760 = ORIENTED_EDGE('',*,*,#4761,.F.);
#4761 = EDGE_CURVE('',#4762,#4754,#4764,.T.);
#4762 = VERTEX_POINT('',#4763);
#4763 = CARTESIAN_POINT('',(4.25,66.,-12.4));
#4764 = ( BOUNDED_CURVE() B_SPLINE_CURVE(8,(#4765,#4766,#4767,#4768,
    #4769,#4770,#4771,#4772,#4773),.UNSPECIFIED.,.F.,.F.) 
B_SPLINE_CURVE_WITH_KNOTS((9,9),(2.25,3.75),.PIECEWISE_BEZIER_KNOTS.) 
CURVE() GEOMETRIC_REPRESENTATION_ITEM() RATIONAL_B_SPLINE_CURVE((1.,1.,
1.,1.,1.,1.,1.,1.,1.)) REPRESENTATION_ITEM('') );
#4765 = CARTESIAN_POINT('',(4.25,66.,-12.4));
#4766 = CARTESIAN_POINT('',(4.4375,66.,-12.4));
#4767 = CARTESIAN_POINT('',(4.625,65.988771807277,-12.4));
#4768 = CARTESIAN_POINT('',(4.8125,65.98318514065,-12.4));
#4769 = CARTESIAN_POINT('',(5.,65.978515288219,-12.4));
#4770 = CARTESIAN_POINT('',(5.1875,65.98318514065,-12.4));
#4771 = CARTESIAN_POINT('',(5.375,65.988771807277,-12.4));
#4772 = CARTESIAN_POINT('',(5.5625,66.,-12.4));
#4773 = CARTESIAN_POINT('',(5.75,66.,-12.4));
#4774 = ORIENTED_EDGE('',*,*,#4775,.F.);
#4775 = EDGE_CURVE('',#1764,#4762,#4776,.T.);
#4776 = LINE('',#4777,#4778);
#4777 = CARTESIAN_POINT('',(2.,66.,-12.4));
#4778 = VECTOR('',#4779,1.);
#4779 = DIRECTION('',(1.,0.,0.));
#4780 = ORIENTED_EDGE('',*,*,#1763,.F.);
#4781 = PLANE('',#4782);
#4782 = AXIS2_PLACEMENT_3D('',#4783,#4784,#4785);
#4783 = CARTESIAN_POINT('',(2.,72.,-12.4));
#4784 = DIRECTION('',(0.,0.,-1.));
#4785 = DIRECTION('',(0.,-1.,0.));
#4786 = ADVANCED_FACE('',(#4787),#4829,.F.);
#4787 = FACE_BOUND('',#4788,.F.);
#4788 = EDGE_LOOP('',(#4789,#4790,#4803));
#4789 = ORIENTED_EDGE('',*,*,#1771,.F.);
#4790 = ORIENTED_EDGE('',*,*,#4791,.T.);
#4791 = EDGE_CURVE('',#1772,#4792,#4794,.T.);
#4792 = VERTEX_POINT('',#4793);
#4793 = CARTESIAN_POINT('',(4.,64.,-10.4));
#4794 = B_SPLINE_CURVE_WITH_KNOTS('',7,(#4795,#4796,#4797,#4798,#4799,
    #4800,#4801,#4802),.UNSPECIFIED.,.F.,.F.,(8,8),(0.,1.),
  .PIECEWISE_BEZIER_KNOTS.);
#4795 = CARTESIAN_POINT('',(2.,62.,-10.4));
#4796 = CARTESIAN_POINT('',(2.,62.448798950513,-10.4));
#4797 = CARTESIAN_POINT('',(2.117497773103,62.897595729966,-10.4));
#4798 = CARTESIAN_POINT('',(2.352474555596,63.309493881647,-10.4));
#4799 = CARTESIAN_POINT('',(2.690506118354,63.647525444403,-10.4));
#4800 = CARTESIAN_POINT('',(3.102404270033,63.882502226898,-10.4));
#4801 = CARTESIAN_POINT('',(3.551201049487,64.,-10.4));
#4802 = CARTESIAN_POINT('',(4.,64.,-10.4));
#4803 = ORIENTED_EDGE('',*,*,#4804,.T.);
#4804 = EDGE_CURVE('',#4792,#1764,#4805,.T.);
#4805 = B_SPLINE_CURVE_WITH_KNOTS('',8,(#4806,#4807,#4808,#4809,#4810,
    #4811,#4812,#4813,#4814,#4815,#4816,#4817,#4818,#4819,#4820,#4821,
    #4822,#4823,#4824,#4825,#4826,#4827,#4828),.UNSPECIFIED.,.F.,.F.,(9,
    7,7,9),(0.,0.25,0.5,1.),.UNSPECIFIED.);
#4806 = CARTESIAN_POINT('',(4.,64.,-10.4));
#4807 = CARTESIAN_POINT('',(3.9375,64.,-10.49817477042));
#4808 = CARTESIAN_POINT('',(3.875,64.005507591742,-10.59634954085));
#4809 = CARTESIAN_POINT('',(3.8125,64.016522775224,-10.69416384023));
#4810 = CARTESIAN_POINT('',(3.75,64.033017239124,-10.79125719756));
#4811 = CARTESIAN_POINT('',(3.6875,64.054934360768,-10.88727192119));
#4812 = CARTESIAN_POINT('',(3.625,64.082189570026,-10.9818558786));
#4813 = CARTESIAN_POINT('',(3.5625,64.11467107686,-11.07466520372));
#4814 = CARTESIAN_POINT('',(3.4375,64.189810793096,-11.25606852573));
#4815 = CARTESIAN_POINT('',(3.375,64.232468932799,-11.34466256684));
#4816 = CARTESIAN_POINT('',(3.3125,64.280077632257,-11.43081581709));
#4817 = CARTESIAN_POINT('',(3.25,64.332472610739,-11.51420617964));
#4818 = CARTESIAN_POINT('',(3.1875,64.38946456971,-11.59452493804));
#4819 = CARTESIAN_POINT('',(3.125,64.450840733757,-11.67147906255));
#4820 = CARTESIAN_POINT('',(3.0625,64.516366391719,-11.74479351646));
#4821 = CARTESIAN_POINT('',(2.875,64.724626529444,-11.95305365419));
#4822 = CARTESIAN_POINT('',(2.75,64.879044216388,-12.07631581959));
#4823 = CARTESIAN_POINT('',(2.625,65.047001402365,-12.18196142139));
#4824 = CARTESIAN_POINT('',(2.5,65.226136922393,-12.26827073737));
#4825 = CARTESIAN_POINT('',(2.375,65.413834765972,-12.33390877572));
#4826 = CARTESIAN_POINT('',(2.25,65.607301152557,-12.37796971944));
#4827 = CARTESIAN_POINT('',(2.125,65.803650459151,-12.4));
#4828 = CARTESIAN_POINT('',(2.,66.,-12.4));
#4829 = B_SPLINE_SURFACE_WITH_KNOTS('',7,8,(
    (#4830,#4831,#4832,#4833,#4834,#4835,#4836,#4837,#4838,#4839,#4840
      ,#4841,#4842,#4843,#4844,#4845,#4846,#4847,#4848,#4849,#4850,#4851
      ,#4852)
    ,(#4853,#4854,#4855,#4856,#4857,#4858,#4859,#4860,#4861,#4862,#4863
      ,#4864,#4865,#4866,#4867,#4868,#4869,#4870,#4871,#4872,#4873,#4874
      ,#4875)
    ,(#4876,#4877,#4878,#4879,#4880,#4881,#4882,#4883,#4884,#4885,#4886
      ,#4887,#4888,#4889,#4890,#4891,#4892,#4893,#4894,#4895,#4896,#4897
      ,#4898)
    ,(#4899,#4900,#4901,#4902,#4903,#4904,#4905,#4906,#4907,#4908,#4909
      ,#4910,#4911,#4912,#4913,#4914,#4915,#4916,#4917,#4918,#4919,#4920
      ,#4921)
    ,(#4922,#4923,#4924,#4925,#4926,#4927,#4928,#4929,#4930,#4931,#4932
      ,#4933,#4934,#4935,#4936,#4937,#4938,#4939,#4940,#4941,#4942,#4943
      ,#4944)
    ,(#4945,#4946,#4947,#4948,#4949,#4950,#4951,#4952,#4953,#4954,#4955
      ,#4956,#4957,#4958,#4959,#4960,#4961,#4962,#4963,#4964,#4965,#4966
      ,#4967)
    ,(#4968,#4969,#4970,#4971,#4972,#4973,#4974,#4975,#4976,#4977,#4978
      ,#4979,#4980,#4981,#4982,#4983,#4984,#4985,#4986,#4987,#4988,#4989
      ,#4990)
    ,(#4991,#4992,#4993,#4994,#4995,#4996,#4997,#4998,#4999,#5000,#5001
      ,#5002,#5003,#5004,#5005,#5006,#5007,#5008,#5009,#5010,#5011,#5012
      ,#5013
    )),.UNSPECIFIED.,.F.,.F.,.F.,(8,8),(9,7,7,9),(0.,1.),(0.,0.25,0.5,1.
    ),.UNSPECIFIED.);
#4830 = CARTESIAN_POINT('',(2.,62.,-10.4));
#4831 = CARTESIAN_POINT('',(2.,62.,-10.55035767709));
#4832 = CARTESIAN_POINT('',(2.,62.034355436851,-10.69784072924));
#4833 = CARTESIAN_POINT('',(2.,62.099429774304,-10.84075291445));
#4834 = CARTESIAN_POINT('',(2.,62.185522078228,-10.96491561642));
#4835 = CARTESIAN_POINT('',(2.,62.278540888347,-11.08181195508));
#4836 = CARTESIAN_POINT('',(2.,62.385671842536,-11.18946840113));
#4837 = CARTESIAN_POINT('',(2.,62.49738907522,-11.28857590889));
#4838 = CARTESIAN_POINT('',(2.,62.733073738627,-11.47319119427));
#4839 = CARTESIAN_POINT('',(2.,62.856521673335,-11.55850150477));
#4840 = CARTESIAN_POINT('',(2.,62.984056048775,-11.63759240593));
#4841 = CARTESIAN_POINT('',(2.,63.114720599783,-11.71109922576));
#4842 = CARTESIAN_POINT('',(2.,63.247958829579,-11.77952615881));
#4843 = CARTESIAN_POINT('',(2.,63.383450880983,-11.8432577276));
#4844 = CARTESIAN_POINT('',(2.,63.52095040769,-11.90257024399));
#4845 = CARTESIAN_POINT('',(2.,63.938463521124,-12.06778932389));
#4846 = CARTESIAN_POINT('',(2.,64.223672955681,-12.16103423427));
#4847 = CARTESIAN_POINT('',(2.,64.513416899269,-12.23879498271));
#4848 = CARTESIAN_POINT('',(2.,64.80673857149,-12.30173648692));
#4849 = CARTESIAN_POINT('',(2.,65.102999645783,-12.34992271392));
#4850 = CARTESIAN_POINT('',(2.,65.401336816135,-12.38294106029));
#4851 = CARTESIAN_POINT('',(2.,65.700632546062,-12.4));
#4852 = CARTESIAN_POINT('',(2.,66.,-12.4));
#4853 = CARTESIAN_POINT('',(2.,62.448798950513,-10.4));
#4854 = CARTESIAN_POINT('',(2.,62.443702554738,-10.54290297614));
#4855 = CARTESIAN_POINT('',(2.,62.468840475084,-10.68334198804));
#4856 = CARTESIAN_POINT('',(2.,62.521095680481,-10.81981161813));
#4857 = CARTESIAN_POINT('',(2.,62.592149040054,-10.94010727087));
#4858 = CARTESIAN_POINT('',(2.,62.669914070331,-11.05402052166));
#4859 = CARTESIAN_POINT('',(2.,62.76053780804,-11.15980946934));
#4860 = CARTESIAN_POINT('',(2.,62.855839255542,-11.25801723673));
#4861 = CARTESIAN_POINT('',(2.,63.058396134947,-11.44217367019));
#4862 = CARTESIAN_POINT('',(2.,63.165206274593,-11.52795308507));
#4863 = CARTESIAN_POINT('',(2.,63.276226300546,-11.60805289324));
#4864 = CARTESIAN_POINT('',(2.,63.390613088276,-11.68297164775));
#4865 = CARTESIAN_POINT('',(2.,63.507862597893,-11.75309741299));
#4866 = CARTESIAN_POINT('',(2.,63.627670269614,-11.81871791831));
#4867 = CARTESIAN_POINT('',(2.,63.749791419297,-11.88003071149));
#4868 = CARTESIAN_POINT('',(2.,64.122122063162,-12.05139851394));
#4869 = CARTESIAN_POINT('',(2.,64.378454170796,-12.14893160361));
#4870 = CARTESIAN_POINT('',(2.,64.640607214603,-12.23067590252));
#4871 = CARTESIAN_POINT('',(2.,64.907423787819,-12.29695566555));
#4872 = CARTESIAN_POINT('',(2.,65.177983037602,-12.34763500846));
#4873 = CARTESIAN_POINT('',(2.,65.451145875867,-12.38223086874));
#4874 = CARTESIAN_POINT('',(2.,65.725542182339,-12.4));
#4875 = CARTESIAN_POINT('',(2.,66.,-12.4));
#4876 = CARTESIAN_POINT('',(2.117497773103,62.897595729966,-10.4));
#4877 = CARTESIAN_POINT('',(2.11482617868,62.889721340035,
    -10.53544827519));
#4878 = CARTESIAN_POINT('',(2.129673772536,62.919913163877,
    -10.66785656365));
#4879 = CARTESIAN_POINT('',(2.133603353811,62.960642423575,
    -10.79637073009));
#4880 = CARTESIAN_POINT('',(2.136219115165,63.015259280029,
    -10.91302801004));
#4881 = CARTESIAN_POINT('',(2.137614900878,63.076126664496,
    -11.02418997397));
#4882 = CARTESIAN_POINT('',(2.137884555231,63.14710383908,
    -11.12878554804));
#4883 = CARTESIAN_POINT('',(2.137121922503,63.222992672456,
    -11.22705163934));
#4884 = CARTESIAN_POINT('',(2.133719771447,63.386138787308,
    -11.41282713298));
#4885 = CARTESIAN_POINT('',(2.131080253118,63.473115252167,
    -11.50021920156));
#4886 = CARTESIAN_POINT('',(2.127596136268,63.564611709545,
    -11.58247746276));
#4887 = CARTESIAN_POINT('',(2.123361265178,63.660034677164,
    -11.6598843828));
#4888 = CARTESIAN_POINT('',(2.118469484128,63.758993464922,
    -11.73265156388));
#4889 = CARTESIAN_POINT('',(2.113014637398,63.861213034342,
    -11.80092828477));
#4890 = CARTESIAN_POINT('',(2.107090569267,63.966446858127,
    -11.86481004141));
#4891 = CARTESIAN_POINT('',(2.088192233514,64.290275622615,
    -12.04342117985));
#4892 = CARTESIAN_POINT('',(2.074091834531,64.517096529096,
    -12.14514924522));
#4893 = CARTESIAN_POINT('',(2.059240681308,64.752593880908,
    -12.22991264095));
#4894 = CARTESIAN_POINT('',(2.044389528085,64.99508912209,
    -12.29782475992));
#4895 = CARTESIAN_POINT('',(2.030289129102,65.242952164463,
    -12.3488588126));
#4896 = CARTESIAN_POINT('',(2.0176902386,65.49435512356,-12.38293970319)
  );
#4897 = CARTESIAN_POINT('',(2.026364307579,65.764325849928,-12.4));
#4898 = CARTESIAN_POINT('',(2.,66.,-12.4));
#4899 = CARTESIAN_POINT('',(2.352474555596,63.309493881647,-10.4));
#4900 = CARTESIAN_POINT('',(2.344476344985,63.300107288322,
    -10.52799357423));
#4901 = CARTESIAN_POINT('',(2.344498879994,63.314292785318,
    -10.65328505913));
#4902 = CARTESIAN_POINT('',(2.338956995872,63.342262358793,
    -10.77534101629));
#4903 = CARTESIAN_POINT('',(2.332469170511,63.382657404269,
    -10.88726647528));
#4904 = CARTESIAN_POINT('',(2.325102971143,63.429252010295,
    -10.99454758684));
#4905 = CARTESIAN_POINT('',(2.316925964998,63.485189118237,
    -11.09636340824));
#4906 = CARTESIAN_POINT('',(2.308005719307,63.546212847559,
    -11.19274382047));
#4907 = CARTESIAN_POINT('',(2.2888138833,63.679641496399,-11.37629621724
    ));
#4908 = CARTESIAN_POINT('',(2.278542292983,63.751817776171,
    -11.46335583425));
#4909 = CARTESIAN_POINT('',(2.267662597583,63.828706638867,
    -11.54594831352));
#4910 = CARTESIAN_POINT('',(2.256242364332,63.909786484829,
    -11.62424874006));
#4911 = CARTESIAN_POINT('',(2.244349160462,63.994693338106,
    -11.69836726163));
#4912 = CARTESIAN_POINT('',(2.232050553204,64.083150697293,
    -11.76835851018));
#4913 = CARTESIAN_POINT('',(2.219414109789,64.174899386475,
    -11.83423102322));
#4914 = CARTESIAN_POINT('',(2.180693972767,64.459083445298,
    -12.01940794935));
#4915 = CARTESIAN_POINT('',(2.153799472385,64.660538184596,
    -12.12630196592));
#4916 = CARTESIAN_POINT('',(2.126364434151,64.871628288976,
    -12.21638114883));
#4917 = CARTESIAN_POINT('',(2.098929395917,65.090378464813,
    -12.28921631773));
#4918 = CARTESIAN_POINT('',(2.072034895534,65.314795125449,
    -12.34434810142));
#4919 = CARTESIAN_POINT('',(2.046221470853,65.542699316387,
    -12.38137670202));
#4920 = CARTESIAN_POINT('',(2.031131481046,65.777186882279,-12.4));
#4921 = CARTESIAN_POINT('',(2.,66.,-12.4));
#4922 = CARTESIAN_POINT('',(2.690506118354,63.647525444403,-10.4));
#4923 = CARTESIAN_POINT('',(2.673518847055,63.636177638413,
    -10.52053887328));
#4924 = CARTESIAN_POINT('',(2.650872585818,63.632345894694,
    -10.63891089124));
#4925 = CARTESIAN_POINT('',(2.630666246008,63.648141784969,
    -10.75481122083));
#4926 = CARTESIAN_POINT('',(2.610222774476,63.675692157425,
    -10.86195912358));
#4927 = CARTESIAN_POINT('',(2.589559109203,63.709675299893,
    -10.96531302256));
#4928 = CARTESIAN_POINT('',(2.568692188169,63.752749597273,
    -11.06421426635));
#4929 = CARTESIAN_POINT('',(2.547638949353,63.801255749723,
    -11.15851738666));
#4930 = CARTESIAN_POINT('',(2.505193712121,63.910081259885,
    -11.33943110413));
#4931 = CARTESIAN_POINT('',(2.483801713703,63.970206100349,
    -11.4259295597));
#4932 = CARTESIAN_POINT('',(2.462257273465,64.03536141581,
    -11.50862634785));
#4933 = CARTESIAN_POINT('',(2.440577329386,64.105052118484,
    -11.58760503471));
#4934 = CARTESIAN_POINT('',(2.418778819446,64.178910697576,
    -11.66288638004));
#4935 = CARTESIAN_POINT('',(2.396878681625,64.256638273542,
    -11.73443870044));
#4936 = CARTESIAN_POINT('',(2.374893853904,64.337945652496,
    -11.80218823254));
#4937 = CARTESIAN_POINT('',(2.30873611498,64.591591836477,
    -11.99371202368));
#4938 = CARTESIAN_POINT('',(2.264359948015,64.773724942763,
    -12.10579063216));
#4939 = CARTESIAN_POINT('',(2.21984827721,64.966283080855,
    -12.20137849299));
#4940 = CARTESIAN_POINT('',(2.175336606405,65.166913760654,
    -12.2794778924));
#4941 = CARTESIAN_POINT('',(2.13096043944,65.373200675458,
    -12.33913508832));
#4942 = CARTESIAN_POINT('',(2.086855280158,65.582551840227,
    -12.37952989565));
#4943 = CARTESIAN_POINT('',(2.03776865014,65.783195991748,-12.4));
#4944 = CARTESIAN_POINT('',(2.,66.,-12.4));
#4945 = CARTESIAN_POINT('',(3.102404270033,63.882502226898,-10.4));
#4946 = CARTESIAN_POINT('',(3.070613519434,63.871128293733,
    -10.51308417233));
#4947 = CARTESIAN_POINT('',(3.022643710804,63.855608792553,
    -10.62467177333));
#4948 = CARTESIAN_POINT('',(2.983964328902,63.86315217252,
    -10.73457559329));
#4949 = CARTESIAN_POINT('',(2.946015928215,63.881620332489,
    -10.83735545801));
#4950 = CARTESIAN_POINT('',(2.9087462958,63.906651721471,-10.93720784657
    ));
#4951 = CARTESIAN_POINT('',(2.872103218714,63.940387440986,
    -11.03358322741));
#4952 = CARTESIAN_POINT('',(2.836034484011,63.97980577655,
    -11.12620621871));
#4953 = CARTESIAN_POINT('',(2.764941273486,64.070692203694,
    -11.30515558816));
#4954 = CARTESIAN_POINT('',(2.729916797664,64.122001886776,
    -11.39137930533));
#4955 = CARTESIAN_POINT('',(2.695362238337,64.178575235029,
    -11.47440279222));
#4956 = CARTESIAN_POINT('',(2.661225382563,64.239954147324,
    -11.55421133041));
#4957 = CARTESIAN_POINT('',(2.627454017396,64.305777856034,
    -11.63073498699));
#4958 = CARTESIAN_POINT('',(2.593995929894,64.375735557188,
    -11.70385885577));
#4959 = CARTESIAN_POINT('',(2.560798907111,64.449519040782,
    -11.77343329846));
#4960 = CARTESIAN_POINT('',(2.461834394092,64.6812878813,-11.97098596069
    ));
#4961 = CARTESIAN_POINT('',(2.396693459182,64.849749542054,
    -12.08781959549));
#4962 = CARTESIAN_POINT('',(2.331970227825,65.029404779346,
    -12.18834646125));
#4963 = CARTESIAN_POINT('',(2.267246996468,65.217631982021,
    -12.2710882859));
#4964 = CARTESIAN_POINT('',(2.202106061559,65.411703247826,
    -12.33468242712));
#4965 = CARTESIAN_POINT('',(2.136129719546,65.608720474069,
    -12.37796759149));
#4966 = CARTESIAN_POINT('',(2.051885801743,65.786707045963,-12.4));
#4967 = CARTESIAN_POINT('',(2.,66.,-12.4));
#4968 = CARTESIAN_POINT('',(3.551201049487,64.,-10.4));
#4969 = CARTESIAN_POINT('',(3.502726016691,63.992987516398,
    -10.50562947137));
#4970 = CARTESIAN_POINT('',(3.454250983894,63.99332203819,
    -10.60985112218));
#4971 = CARTESIAN_POINT('',(3.405775951098,64.000663177247,
    -10.71272287777));
#4972 = CARTESIAN_POINT('',(3.357300918301,64.014762472629,
    -10.81259193555));
#4973 = CARTESIAN_POINT('',(3.308825885505,64.034843003811,
    -10.91045172117));
#4974 = CARTESIAN_POINT('',(3.260350852708,64.061193380358,
    -11.00614150782));
#4975 = CARTESIAN_POINT('',(3.211875819912,64.093202631202,
    -11.09923392315));
#4976 = CARTESIAN_POINT('',(3.114925754319,64.168388810757,
    -11.2803198505));
#4977 = CARTESIAN_POINT('',(3.066450721522,64.211539670371,
    -11.36827164771));
#4978 = CARTESIAN_POINT('',(3.017975688726,64.260010629288,
    -11.45343854895));
#4979 = CARTESIAN_POINT('',(2.96950065593,64.313560644658,
    -11.53560794234));
#4980 = CARTESIAN_POINT('',(2.921025623133,64.371939564628,
    -11.61455495627));
#4981 = CARTESIAN_POINT('',(2.872550590337,64.434882391498,
    -11.69004908208));
#4982 = CARTESIAN_POINT('',(2.82407555754,64.502103545067,
    -11.76186079662));
#4983 = CARTESIAN_POINT('',(2.678650459151,64.715666287271,
    -11.96558296162));
#4984 = CARTESIAN_POINT('',(2.581700393558,64.873918233958,
    -12.08578972237));
#4985 = CARTESIAN_POINT('',(2.484750327965,65.045540852643,
    -12.18858212044));
#4986 = CARTESIAN_POINT('',(2.387800262372,65.227744279844,
    -12.27239505166));
#4987 = CARTESIAN_POINT('',(2.290850196779,65.417492847497,
    -12.33602233123));
#4988 = CARTESIAN_POINT('',(2.193900131186,65.611587224945,
    -12.37867781996));
#4989 = CARTESIAN_POINT('',(2.096950065593,65.806790757281,-12.4));
#4990 = CARTESIAN_POINT('',(2.,66.,-12.4));
#4991 = CARTESIAN_POINT('',(4.,64.,-10.4));
#4992 = CARTESIAN_POINT('',(3.9375,64.,-10.49817477042));
#4993 = CARTESIAN_POINT('',(3.875,64.005507591742,-10.59634954085));
#4994 = CARTESIAN_POINT('',(3.8125,64.016522775224,-10.69416384023));
#4995 = CARTESIAN_POINT('',(3.75,64.033017239124,-10.79125719756));
#4996 = CARTESIAN_POINT('',(3.6875,64.054934360768,-10.88727192119));
#4997 = CARTESIAN_POINT('',(3.625,64.082189570026,-10.9818558786));
#4998 = CARTESIAN_POINT('',(3.5625,64.11467107686,-11.07466520372));
#4999 = CARTESIAN_POINT('',(3.4375,64.189810793096,-11.25606852573));
#5000 = CARTESIAN_POINT('',(3.375,64.232468932799,-11.34466256684));
#5001 = CARTESIAN_POINT('',(3.3125,64.280077632257,-11.43081581709));
#5002 = CARTESIAN_POINT('',(3.25,64.332472610739,-11.51420617964));
#5003 = CARTESIAN_POINT('',(3.1875,64.38946456971,-11.59452493804));
#5004 = CARTESIAN_POINT('',(3.125,64.450840733757,-11.67147906255));
#5005 = CARTESIAN_POINT('',(3.0625,64.516366391719,-11.74479351646));
#5006 = CARTESIAN_POINT('',(2.875,64.724626529444,-11.95305365419));
#5007 = CARTESIAN_POINT('',(2.75,64.879044216388,-12.07631581959));
#5008 = CARTESIAN_POINT('',(2.625,65.047001402365,-12.18196142139));
#5009 = CARTESIAN_POINT('',(2.5,65.226136922393,-12.26827073737));
#5010 = CARTESIAN_POINT('',(2.375,65.413834765972,-12.33390877572));
#5011 = CARTESIAN_POINT('',(2.25,65.607301152557,-12.37796971944));
#5012 = CARTESIAN_POINT('',(2.125,65.803650459151,-12.4));
#5013 = CARTESIAN_POINT('',(2.,66.,-12.4));
#5014 = ADVANCED_FACE('',(#5015),#5034,.F.);
#5015 = FACE_BOUND('',#5016,.T.);
#5016 = EDGE_LOOP('',(#5017,#5018,#5019,#5027));
#5017 = ORIENTED_EDGE('',*,*,#1799,.F.);
#5018 = ORIENTED_EDGE('',*,*,#4791,.T.);
#5019 = ORIENTED_EDGE('',*,*,#5020,.T.);
#5020 = EDGE_CURVE('',#4792,#5021,#5023,.T.);
#5021 = VERTEX_POINT('',#5022);
#5022 = CARTESIAN_POINT('',(4.,64.,-10.15));
#5023 = LINE('',#5024,#5025);
#5024 = CARTESIAN_POINT('',(4.,64.,-12.4));
#5025 = VECTOR('',#5026,1.);
#5026 = DIRECTION('',(0.,0.,1.));
#5027 = ORIENTED_EDGE('',*,*,#5028,.F.);
#5028 = EDGE_CURVE('',#1800,#5021,#5029,.T.);
#5029 = CIRCLE('',#5030,2.);
#5030 = AXIS2_PLACEMENT_3D('',#5031,#5032,#5033);
#5031 = CARTESIAN_POINT('',(4.,62.,-10.15));
#5032 = DIRECTION('',(0.,0.,-1.));
#5033 = DIRECTION('',(-1.,0.,0.));
#5034 = CYLINDRICAL_SURFACE('',#5035,2.);
#5035 = AXIS2_PLACEMENT_3D('',#5036,#5037,#5038);
#5036 = CARTESIAN_POINT('',(4.,62.,-12.4));
#5037 = DIRECTION('',(0.,0.,1.));
#5038 = DIRECTION('',(-1.,0.,0.));
#5039 = ADVANCED_FACE('',(#5040),#5062,.T.);
#5040 = FACE_BOUND('',#5041,.T.);
#5041 = EDGE_LOOP('',(#5042,#5043,#5055,#5061));
#5042 = ORIENTED_EDGE('',*,*,#5028,.T.);
#5043 = ORIENTED_EDGE('',*,*,#5044,.T.);
#5044 = EDGE_CURVE('',#5021,#5045,#5047,.T.);
#5045 = VERTEX_POINT('',#5046);
#5046 = CARTESIAN_POINT('',(3.75,64.,-9.4));
#5047 = ( BOUNDED_CURVE() B_SPLINE_CURVE(6,(#5048,#5049,#5050,#5051,
#5052,#5053,#5054),.UNSPECIFIED.,.F.,.F.) B_SPLINE_CURVE_WITH_KNOTS((7,7
),(2.25,3.),.PIECEWISE_BEZIER_KNOTS.) CURVE() 
GEOMETRIC_REPRESENTATION_ITEM() RATIONAL_B_SPLINE_CURVE((1.,1.,1.,1.,1.,
1.,1.)) REPRESENTATION_ITEM('') );
#5048 = CARTESIAN_POINT('',(4.,64.,-10.15));
#5049 = CARTESIAN_POINT('',(3.90625,64.,-10.025));
#5050 = CARTESIAN_POINT('',(3.84169026803,64.,-9.9));
#5051 = CARTESIAN_POINT('',(3.79480529358,64.,-9.775));
#5052 = CARTESIAN_POINT('',(3.765058092871,64.,-9.65));
#5053 = CARTESIAN_POINT('',(3.75,64.,-9.525));
#5054 = CARTESIAN_POINT('',(3.75,64.,-9.4));
#5055 = ORIENTED_EDGE('',*,*,#5056,.F.);
#5056 = EDGE_CURVE('',#1808,#5045,#5057,.T.);
#5057 = ( BOUNDED_CURVE() B_SPLINE_CURVE(2,(#5058,#5059,#5060),
.UNSPECIFIED.,.F.,.F.) B_SPLINE_CURVE_WITH_KNOTS((3,3),(0.,0.75),
.PIECEWISE_BEZIER_KNOTS.) CURVE() GEOMETRIC_REPRESENTATION_ITEM() 
RATIONAL_B_SPLINE_CURVE((1.,0.75,1.)) REPRESENTATION_ITEM('') );
#5058 = CARTESIAN_POINT('',(2.,62.015686516702,-9.4));
#5059 = CARTESIAN_POINT('',(2.,63.779520724078,-9.4));
#5060 = CARTESIAN_POINT('',(3.75,64.,-9.4));
#5061 = ORIENTED_EDGE('',*,*,#1807,.F.);
#5062 = ( BOUNDED_SURFACE() B_SPLINE_SURFACE(2,6,(
    (#5063,#5064,#5065,#5066,#5067,#5068,#5069)
    ,(#5070,#5071,#5072,#5073,#5074,#5075,#5076)
    ,(#5077,#5078,#5079,#5080,#5081,#5082,#5083
)),.UNSPECIFIED.,.F.,.F.,.F.) B_SPLINE_SURFACE_WITH_KNOTS((3,3),(7,7),(
    0.,0.75),(2.25,3.),.PIECEWISE_BEZIER_KNOTS.) 
GEOMETRIC_REPRESENTATION_ITEM() RATIONAL_B_SPLINE_SURFACE((
    (1.,1.,1.,1.,1.,1.,1.)
    ,(0.707106781187,0.723679596371,0.734632527259,0.74254584352
      ,0.747486310364,0.75,0.75)
,(1.,1.,1.,1.,1.,1.,1.))) REPRESENTATION_ITEM('') SURFACE() );
#5063 = CARTESIAN_POINT('',(2.,62.,-10.15));
#5064 = CARTESIAN_POINT('',(2.,62.,-10.025));
#5065 = CARTESIAN_POINT('',(2.,62.005217605905,-9.9));
#5066 = CARTESIAN_POINT('',(2.,62.009915946019,-9.775));
#5067 = CARTESIAN_POINT('',(2.,62.013826901056,-9.65));
#5068 = CARTESIAN_POINT('',(2.,62.015686516702,-9.525));
#5069 = CARTESIAN_POINT('',(2.,62.015686516702,-9.4));
#5070 = CARTESIAN_POINT('',(2.,64.,-10.15));
#5071 = CARTESIAN_POINT('',(2.,63.908396946565,-10.02786259542));
#5072 = CARTESIAN_POINT('',(2.,63.852652862831,-9.902624428729));
#5073 = CARTESIAN_POINT('',(2.,63.814262047834,-9.776967199926));
#5074 = CARTESIAN_POINT('',(2.,63.791183511996,-9.650812521919));
#5075 = CARTESIAN_POINT('',(2.,63.779520724078,-9.525));
#5076 = CARTESIAN_POINT('',(2.,63.779520724078,-9.4));
#5077 = CARTESIAN_POINT('',(4.,64.,-10.15));
#5078 = CARTESIAN_POINT('',(3.90625,64.,-10.025));
#5079 = CARTESIAN_POINT('',(3.84169026803,64.,-9.9));
#5080 = CARTESIAN_POINT('',(3.79480529358,64.,-9.775));
#5081 = CARTESIAN_POINT('',(3.765058092871,64.,-9.65));
#5082 = CARTESIAN_POINT('',(3.75,64.,-9.525));
#5083 = CARTESIAN_POINT('',(3.75,64.,-9.4));
#5084 = ADVANCED_FACE('',(#5085),#5107,.T.);
#5085 = FACE_BOUND('',#5086,.T.);
#5086 = EDGE_LOOP('',(#5087,#5088,#5100,#5106));
#5087 = ORIENTED_EDGE('',*,*,#5056,.T.);
#5088 = ORIENTED_EDGE('',*,*,#5089,.T.);
#5089 = EDGE_CURVE('',#5045,#5090,#5092,.T.);
#5090 = VERTEX_POINT('',#5091);
#5091 = CARTESIAN_POINT('',(4.,64.,-8.65));
#5092 = ( BOUNDED_CURVE() B_SPLINE_CURVE(6,(#5093,#5094,#5095,#5096,
#5097,#5098,#5099),.UNSPECIFIED.,.F.,.F.) B_SPLINE_CURVE_WITH_KNOTS((7,7
),(3.,3.75),.PIECEWISE_BEZIER_KNOTS.) CURVE() 
GEOMETRIC_REPRESENTATION_ITEM() RATIONAL_B_SPLINE_CURVE((1.,1.,1.,1.,1.,
1.,1.)) REPRESENTATION_ITEM('') );
#5093 = CARTESIAN_POINT('',(3.75,64.,-9.4));
#5094 = CARTESIAN_POINT('',(3.75,64.,-9.275));
#5095 = CARTESIAN_POINT('',(3.765058092871,64.,-9.15));
#5096 = CARTESIAN_POINT('',(3.79480529358,64.,-9.025));
#5097 = CARTESIAN_POINT('',(3.84169026803,64.,-8.9));
#5098 = CARTESIAN_POINT('',(3.90625,64.,-8.775));
#5099 = CARTESIAN_POINT('',(4.,64.,-8.65));
#5100 = ORIENTED_EDGE('',*,*,#5101,.F.);
#5101 = EDGE_CURVE('',#1820,#5090,#5102,.T.);
#5102 = ( BOUNDED_CURVE() B_SPLINE_CURVE(2,(#5103,#5104,#5105),
.UNSPECIFIED.,.F.,.F.) B_SPLINE_CURVE_WITH_KNOTS((3,3),(0.,0.75),
.PIECEWISE_BEZIER_KNOTS.) CURVE() GEOMETRIC_REPRESENTATION_ITEM() 
RATIONAL_B_SPLINE_CURVE((1.,0.707106781187,1.)) REPRESENTATION_ITEM('') 
  );
#5103 = CARTESIAN_POINT('',(2.,62.,-8.65));
#5104 = CARTESIAN_POINT('',(2.,64.,-8.65));
#5105 = CARTESIAN_POINT('',(4.,64.,-8.65));
#5106 = ORIENTED_EDGE('',*,*,#1819,.F.);
#5107 = ( BOUNDED_SURFACE() B_SPLINE_SURFACE(2,6,(
    (#5108,#5109,#5110,#5111,#5112,#5113,#5114)
    ,(#5115,#5116,#5117,#5118,#5119,#5120,#5121)
    ,(#5122,#5123,#5124,#5125,#5126,#5127,#5128
)),.UNSPECIFIED.,.F.,.F.,.F.) B_SPLINE_SURFACE_WITH_KNOTS((3,3),(7,7),(
    0.,0.75),(3.,3.75),.PIECEWISE_BEZIER_KNOTS.) 
GEOMETRIC_REPRESENTATION_ITEM() RATIONAL_B_SPLINE_SURFACE((
    (1.,1.,1.,1.,1.,1.,1.)
    ,(0.75,0.75,0.747486310364,0.74254584352,0.734632527259
      ,0.723679596371,0.707106781187)
,(1.,1.,1.,1.,1.,1.,1.))) REPRESENTATION_ITEM('') SURFACE() );
#5108 = CARTESIAN_POINT('',(2.,62.015686516702,-9.4));
#5109 = CARTESIAN_POINT('',(2.,62.015686516702,-9.275));
#5110 = CARTESIAN_POINT('',(2.,62.013826901056,-9.15));
#5111 = CARTESIAN_POINT('',(2.,62.009915946019,-9.025));
#5112 = CARTESIAN_POINT('',(2.,62.005217605905,-8.9));
#5113 = CARTESIAN_POINT('',(2.,62.,-8.775));
#5114 = CARTESIAN_POINT('',(2.,62.,-8.65));
#5115 = CARTESIAN_POINT('',(2.,63.779520724078,-9.4));
#5116 = CARTESIAN_POINT('',(2.,63.779520724078,-9.275));
#5117 = CARTESIAN_POINT('',(2.,63.791183511996,-9.149187478081));
#5118 = CARTESIAN_POINT('',(2.,63.814262047834,-9.023032800074));
#5119 = CARTESIAN_POINT('',(2.,63.852652862831,-8.89737557127));
#5120 = CARTESIAN_POINT('',(2.,63.908396946565,-8.77213740458));
#5121 = CARTESIAN_POINT('',(2.,64.,-8.65));
#5122 = CARTESIAN_POINT('',(3.75,64.,-9.4));
#5123 = CARTESIAN_POINT('',(3.75,64.,-9.275));
#5124 = CARTESIAN_POINT('',(3.765058092871,64.,-9.15));
#5125 = CARTESIAN_POINT('',(3.79480529358,64.,-9.025));
#5126 = CARTESIAN_POINT('',(3.84169026803,64.,-8.9));
#5127 = CARTESIAN_POINT('',(3.90625,64.,-8.775));
#5128 = CARTESIAN_POINT('',(4.,64.,-8.65));
#5129 = ADVANCED_FACE('',(#5130),#5141,.F.);
#5130 = FACE_BOUND('',#5131,.T.);
#5131 = EDGE_LOOP('',(#5132,#5133,#5139,#5140));
#5132 = ORIENTED_EDGE('',*,*,#5101,.T.);
#5133 = ORIENTED_EDGE('',*,*,#5134,.T.);
#5134 = EDGE_CURVE('',#5090,#1998,#5135,.T.);
#5135 = LINE('',#5136,#5137);
#5136 = CARTESIAN_POINT('',(4.,64.,-12.4));
#5137 = VECTOR('',#5138,1.);
#5138 = DIRECTION('',(0.,0.,1.));
#5139 = ORIENTED_EDGE('',*,*,#1997,.F.);
#5140 = ORIENTED_EDGE('',*,*,#1831,.F.);
#5141 = CYLINDRICAL_SURFACE('',#5142,2.);
#5142 = AXIS2_PLACEMENT_3D('',#5143,#5144,#5145);
#5143 = CARTESIAN_POINT('',(4.,62.,-12.4));
#5144 = DIRECTION('',(0.,0.,1.));
#5145 = DIRECTION('',(-1.,0.,0.));
#5146 = ADVANCED_FACE('',(#5147),#5159,.F.);
#5147 = FACE_BOUND('',#5148,.F.);
#5148 = EDGE_LOOP('',(#5149,#5150,#5157,#5158));
#5149 = ORIENTED_EDGE('',*,*,#1847,.T.);
#5150 = ORIENTED_EDGE('',*,*,#5151,.F.);
#5151 = EDGE_CURVE('',#3142,#1848,#5152,.T.);
#5152 = CIRCLE('',#5153,1.);
#5153 = AXIS2_PLACEMENT_3D('',#5154,#5155,#5156);
#5154 = CARTESIAN_POINT('',(3.,10.3,-92.));
#5155 = DIRECTION('',(0.,1.,0.));
#5156 = DIRECTION('',(0.,0.,-1.));
#5157 = ORIENTED_EDGE('',*,*,#3149,.F.);
#5158 = ORIENTED_EDGE('',*,*,#4068,.T.);
#5159 = PLANE('',#5160);
#5160 = AXIS2_PLACEMENT_3D('',#5161,#5162,#5163);
#5161 = CARTESIAN_POINT('',(62.,10.3,-95.));
#5162 = DIRECTION('',(0.,1.,0.));
#5163 = DIRECTION('',(0.,0.,1.));
#5164 = ADVANCED_FACE('',(#5165),#5177,.F.);
#5165 = FACE_BOUND('',#5166,.F.);
#5166 = EDGE_LOOP('',(#5167,#5168,#5175,#5176));
#5167 = ORIENTED_EDGE('',*,*,#1855,.T.);
#5168 = ORIENTED_EDGE('',*,*,#5169,.F.);
#5169 = EDGE_CURVE('',#3134,#1856,#5170,.T.);
#5170 = CIRCLE('',#5171,1.);
#5171 = AXIS2_PLACEMENT_3D('',#5172,#5173,#5174);
#5172 = CARTESIAN_POINT('',(3.,18.53,-92.));
#5173 = DIRECTION('',(0.,1.,0.));
#5174 = DIRECTION('',(0.,0.,-1.));
#5175 = ORIENTED_EDGE('',*,*,#3141,.F.);
#5176 = ORIENTED_EDGE('',*,*,#5151,.T.);
#5177 = CYLINDRICAL_SURFACE('',#5178,1.);
#5178 = AXIS2_PLACEMENT_3D('',#5179,#5180,#5181);
#5179 = CARTESIAN_POINT('',(3.,-12.9058,-92.));
#5180 = DIRECTION('',(0.,1.,0.));
#5181 = DIRECTION('',(0.,0.,-1.));
#5182 = ADVANCED_FACE('',(#5183),#5188,.F.);
#5183 = FACE_BOUND('',#5184,.F.);
#5184 = EDGE_LOOP('',(#5185,#5186,#5187));
#5185 = ORIENTED_EDGE('',*,*,#5169,.T.);
#5186 = ORIENTED_EDGE('',*,*,#1863,.T.);
#5187 = ORIENTED_EDGE('',*,*,#3133,.T.);
#5188 = PLANE('',#5189);
#5189 = AXIS2_PLACEMENT_3D('',#5190,#5191,#5192);
#5190 = CARTESIAN_POINT('',(0.,18.53,-105.6));
#5191 = DIRECTION('',(0.,-1.,0.));
#5192 = DIRECTION('',(0.,0.,1.));
#5193 = ADVANCED_FACE('',(#5194),#5219,.T.);
#5194 = FACE_BOUND('',#5195,.F.);
#5195 = EDGE_LOOP('',(#5196,#5197,#5205,#5213));
#5196 = ORIENTED_EDGE('',*,*,#1871,.F.);
#5197 = ORIENTED_EDGE('',*,*,#5198,.F.);
#5198 = EDGE_CURVE('',#5199,#1872,#5201,.T.);
#5199 = VERTEX_POINT('',#5200);
#5200 = CARTESIAN_POINT('',(2.5,16.23,-71.15));
#5201 = LINE('',#5202,#5203);
#5202 = CARTESIAN_POINT('',(2.5,16.23,-71.15));
#5203 = VECTOR('',#5204,1.);
#5204 = DIRECTION('',(-0.57735026919,0.57735026919,-0.57735026919));
#5205 = ORIENTED_EDGE('',*,*,#5206,.T.);
#5206 = EDGE_CURVE('',#5199,#5207,#5209,.T.);
#5207 = VERTEX_POINT('',#5208);
#5208 = CARTESIAN_POINT('',(2.5,16.23,-48.15));
#5209 = LINE('',#5210,#5211);
#5210 = CARTESIAN_POINT('',(2.5,16.23,-71.15));
#5211 = VECTOR('',#5212,1.);
#5212 = DIRECTION('',(0.,0.,1.));
#5213 = ORIENTED_EDGE('',*,*,#5214,.T.);
#5214 = EDGE_CURVE('',#5207,#1874,#5215,.T.);
#5215 = LINE('',#5216,#5217);
#5216 = CARTESIAN_POINT('',(2.5,16.23,-48.15));
#5217 = VECTOR('',#5218,1.);
#5218 = DIRECTION('',(-0.57735026919,0.57735026919,0.57735026919));
#5219 = PLANE('',#5220);
#5220 = AXIS2_PLACEMENT_3D('',#5221,#5222,#5223);
#5221 = CARTESIAN_POINT('',(2.25,16.48,-59.65));
#5222 = DIRECTION('',(0.707106781187,0.707106781187,0.));
#5223 = DIRECTION('',(-0.707106781187,0.707106781187,0.));
#5224 = ADVANCED_FACE('',(#5225),#5243,.T.);
#5225 = FACE_BOUND('',#5226,.T.);
#5226 = EDGE_LOOP('',(#5227,#5228,#5229,#5237));
#5227 = ORIENTED_EDGE('',*,*,#1881,.T.);
#5228 = ORIENTED_EDGE('',*,*,#5198,.F.);
#5229 = ORIENTED_EDGE('',*,*,#5230,.F.);
#5230 = EDGE_CURVE('',#5231,#5199,#5233,.T.);
#5231 = VERTEX_POINT('',#5232);
#5232 = CARTESIAN_POINT('',(2.5,6.68,-71.15));
#5233 = LINE('',#5234,#5235);
#5234 = CARTESIAN_POINT('',(2.5,10.3,-71.15));
#5235 = VECTOR('',#5236,1.);
#5236 = DIRECTION('',(0.,1.,0.));
#5237 = ORIENTED_EDGE('',*,*,#5238,.T.);
#5238 = EDGE_CURVE('',#5231,#1882,#5239,.T.);
#5239 = LINE('',#5240,#5241);
#5240 = CARTESIAN_POINT('',(2.5,6.68,-71.15));
#5241 = VECTOR('',#5242,1.);
#5242 = DIRECTION('',(-0.408248290464,-0.816496580928,-0.408248290464));
#5243 = PLANE('',#5244);
#5244 = AXIS2_PLACEMENT_3D('',#5245,#5246,#5247);
#5245 = CARTESIAN_POINT('',(2.233473456588,11.240320133098,
    -71.41652654341));
#5246 = DIRECTION('',(0.707106781187,0.,-0.707106781187));
#5247 = DIRECTION('',(-0.707106781187,0.,-0.707106781187));
#5248 = ADVANCED_FACE('',(#5249),#5267,.T.);
#5249 = FACE_BOUND('',#5250,.F.);
#5250 = EDGE_LOOP('',(#5251,#5259,#5260,#5261));
#5251 = ORIENTED_EDGE('',*,*,#5252,.F.);
#5252 = EDGE_CURVE('',#5231,#5253,#5255,.T.);
#5253 = VERTEX_POINT('',#5254);
#5254 = CARTESIAN_POINT('',(2.5,6.68,-48.15));
#5255 = LINE('',#5256,#5257);
#5256 = CARTESIAN_POINT('',(2.5,6.68,-71.15));
#5257 = VECTOR('',#5258,1.);
#5258 = DIRECTION('',(0.,0.,1.));
#5259 = ORIENTED_EDGE('',*,*,#5238,.T.);
#5260 = ORIENTED_EDGE('',*,*,#1889,.T.);
#5261 = ORIENTED_EDGE('',*,*,#5262,.T.);
#5262 = EDGE_CURVE('',#1890,#5253,#5263,.T.);
#5263 = LINE('',#5264,#5265);
#5264 = CARTESIAN_POINT('',(2.,5.68,-47.65));
#5265 = VECTOR('',#5266,1.);
#5266 = DIRECTION('',(0.408248290464,0.816496580928,-0.408248290464));
#5267 = PLANE('',#5268);
#5268 = AXIS2_PLACEMENT_3D('',#5269,#5270,#5271);
#5269 = CARTESIAN_POINT('',(2.25,6.18,-59.65));
#5270 = DIRECTION('',(0.894427191,-0.4472135955,0.));
#5271 = DIRECTION('',(0.4472135955,0.894427191,0.));
#5272 = ADVANCED_FACE('',(#5273),#5284,.T.);
#5273 = FACE_BOUND('',#5274,.T.);
#5274 = EDGE_LOOP('',(#5275,#5276,#5277,#5283));
#5275 = ORIENTED_EDGE('',*,*,#1897,.F.);
#5276 = ORIENTED_EDGE('',*,*,#5262,.T.);
#5277 = ORIENTED_EDGE('',*,*,#5278,.F.);
#5278 = EDGE_CURVE('',#5207,#5253,#5279,.T.);
#5279 = LINE('',#5280,#5281);
#5280 = CARTESIAN_POINT('',(2.5,10.3,-48.15));
#5281 = VECTOR('',#5282,1.);
#5282 = DIRECTION('',(0.,-1.,0.));
#5283 = ORIENTED_EDGE('',*,*,#5214,.T.);
#5284 = PLANE('',#5285);
#5285 = AXIS2_PLACEMENT_3D('',#5286,#5287,#5288);
#5286 = CARTESIAN_POINT('',(2.233473456588,11.240320133098,
    -47.88347345658));
#5287 = DIRECTION('',(0.707106781187,0.,0.707106781187));
#5288 = DIRECTION('',(0.707106781187,0.,-0.707106781187));
#5289 = ADVANCED_FACE('',(#5290),#5315,.F.);
#5290 = FACE_BOUND('',#5291,.F.);
#5291 = EDGE_LOOP('',(#5292,#5300,#5308,#5314));
#5292 = ORIENTED_EDGE('',*,*,#5293,.F.);
#5293 = EDGE_CURVE('',#5294,#1908,#5296,.T.);
#5294 = VERTEX_POINT('',#5295);
#5295 = CARTESIAN_POINT('',(2.5,10.3,-75.05));
#5296 = LINE('',#5297,#5298);
#5297 = CARTESIAN_POINT('',(2.5,10.3,-75.05));
#5298 = VECTOR('',#5299,1.);
#5299 = DIRECTION('',(-0.707106781187,0.,0.707106781187));
#5300 = ORIENTED_EDGE('',*,*,#5301,.T.);
#5301 = EDGE_CURVE('',#5294,#5302,#5304,.T.);
#5302 = VERTEX_POINT('',#5303);
#5303 = CARTESIAN_POINT('',(2.5,10.3,-74.05));
#5304 = LINE('',#5305,#5306);
#5305 = CARTESIAN_POINT('',(2.5,10.3,-76.55));
#5306 = VECTOR('',#5307,1.);
#5307 = DIRECTION('',(0.,0.,1.));
#5308 = ORIENTED_EDGE('',*,*,#5309,.T.);
#5309 = EDGE_CURVE('',#5302,#1906,#5310,.T.);
#5310 = LINE('',#5311,#5312);
#5311 = CARTESIAN_POINT('',(2.5,10.3,-74.05));
#5312 = VECTOR('',#5313,1.);
#5313 = DIRECTION('',(-0.707106781187,0.,0.707106781187));
#5314 = ORIENTED_EDGE('',*,*,#1905,.T.);
#5315 = PLANE('',#5316);
#5316 = AXIS2_PLACEMENT_3D('',#5317,#5318,#5319);
#5317 = CARTESIAN_POINT('',(0.,10.3,-44.65));
#5318 = DIRECTION('',(0.,-1.,0.));
#5319 = DIRECTION('',(0.,0.,1.));
#5320 = ADVANCED_FACE('',(#5321),#5339,.T.);
#5321 = FACE_BOUND('',#5322,.F.);
#5322 = EDGE_LOOP('',(#5323,#5324,#5332,#5338));
#5323 = ORIENTED_EDGE('',*,*,#1915,.F.);
#5324 = ORIENTED_EDGE('',*,*,#5325,.F.);
#5325 = EDGE_CURVE('',#5326,#1916,#5328,.T.);
#5326 = VERTEX_POINT('',#5327);
#5327 = CARTESIAN_POINT('',(2.5,12.3,-75.05));
#5328 = LINE('',#5329,#5330);
#5329 = CARTESIAN_POINT('',(2.5,12.3,-75.05));
#5330 = VECTOR('',#5331,1.);
#5331 = DIRECTION('',(-0.57735026919,0.57735026919,0.57735026919));
#5332 = ORIENTED_EDGE('',*,*,#5333,.T.);
#5333 = EDGE_CURVE('',#5326,#5294,#5334,.T.);
#5334 = LINE('',#5335,#5336);
#5335 = CARTESIAN_POINT('',(2.5,12.3,-75.05));
#5336 = VECTOR('',#5337,1.);
#5337 = DIRECTION('',(0.,-1.,0.));
#5338 = ORIENTED_EDGE('',*,*,#5293,.T.);
#5339 = PLANE('',#5340);
#5340 = AXIS2_PLACEMENT_3D('',#5341,#5342,#5343);
#5341 = CARTESIAN_POINT('',(2.25,11.3,-74.8));
#5342 = DIRECTION('',(0.707106781187,0.,0.707106781187));
#5343 = DIRECTION('',(-0.707106781187,0.,0.707106781187));
#5344 = ADVANCED_FACE('',(#5345),#5363,.T.);
#5345 = FACE_BOUND('',#5346,.F.);
#5346 = EDGE_LOOP('',(#5347,#5348,#5356,#5362));
#5347 = ORIENTED_EDGE('',*,*,#1923,.F.);
#5348 = ORIENTED_EDGE('',*,*,#5349,.F.);
#5349 = EDGE_CURVE('',#5350,#1924,#5352,.T.);
#5350 = VERTEX_POINT('',#5351);
#5351 = CARTESIAN_POINT('',(2.5,12.3,-87.05));
#5352 = LINE('',#5353,#5354);
#5353 = CARTESIAN_POINT('',(2.5,12.3,-87.05));
#5354 = VECTOR('',#5355,1.);
#5355 = DIRECTION('',(-0.57735026919,0.57735026919,-0.57735026919));
#5356 = ORIENTED_EDGE('',*,*,#5357,.T.);
#5357 = EDGE_CURVE('',#5350,#5326,#5358,.T.);
#5358 = LINE('',#5359,#5360);
#5359 = CARTESIAN_POINT('',(2.5,12.3,-87.05));
#5360 = VECTOR('',#5361,1.);
#5361 = DIRECTION('',(0.,0.,1.));
#5362 = ORIENTED_EDGE('',*,*,#5325,.T.);
#5363 = PLANE('',#5364);
#5364 = AXIS2_PLACEMENT_3D('',#5365,#5366,#5367);
#5365 = CARTESIAN_POINT('',(2.25,12.55,-81.05));
#5366 = DIRECTION('',(0.707106781187,0.707106781187,0.));
#5367 = DIRECTION('',(-0.707106781187,0.707106781187,0.));
#5368 = ADVANCED_FACE('',(#5369),#5387,.T.);
#5369 = FACE_BOUND('',#5370,.F.);
#5370 = EDGE_LOOP('',(#5371,#5379,#5380,#5381));
#5371 = ORIENTED_EDGE('',*,*,#5372,.T.);
#5372 = EDGE_CURVE('',#5373,#5350,#5375,.T.);
#5373 = VERTEX_POINT('',#5374);
#5374 = CARTESIAN_POINT('',(2.5,10.3,-87.05));
#5375 = LINE('',#5376,#5377);
#5376 = CARTESIAN_POINT('',(2.5,10.3,-87.05));
#5377 = VECTOR('',#5378,1.);
#5378 = DIRECTION('',(0.,1.,0.));
#5379 = ORIENTED_EDGE('',*,*,#5349,.T.);
#5380 = ORIENTED_EDGE('',*,*,#1931,.F.);
#5381 = ORIENTED_EDGE('',*,*,#5382,.T.);
#5382 = EDGE_CURVE('',#1932,#5373,#5383,.T.);
#5383 = LINE('',#5384,#5385);
#5384 = CARTESIAN_POINT('',(2.,10.3,-87.55));
#5385 = VECTOR('',#5386,1.);
#5386 = DIRECTION('',(0.707106781187,0.,0.707106781187));
#5387 = PLANE('',#5388);
#5388 = AXIS2_PLACEMENT_3D('',#5389,#5390,#5391);
#5389 = CARTESIAN_POINT('',(2.25,11.3,-87.3));
#5390 = DIRECTION('',(0.707106781187,0.,-0.707106781187));
#5391 = DIRECTION('',(-0.707106781187,0.,-0.707106781187));
#5392 = ADVANCED_FACE('',(#5393),#5411,.F.);
#5393 = FACE_BOUND('',#5394,.F.);
#5394 = EDGE_LOOP('',(#5395,#5396,#5404,#5410));
#5395 = ORIENTED_EDGE('',*,*,#1939,.T.);
#5396 = ORIENTED_EDGE('',*,*,#5397,.F.);
#5397 = EDGE_CURVE('',#5398,#1940,#5400,.T.);
#5398 = VERTEX_POINT('',#5399);
#5399 = CARTESIAN_POINT('',(2.5,10.3,-88.05));
#5400 = LINE('',#5401,#5402);
#5401 = CARTESIAN_POINT('',(2.5,10.3,-88.05));
#5402 = VECTOR('',#5403,1.);
#5403 = DIRECTION('',(-0.707106781187,0.,-0.707106781187));
#5404 = ORIENTED_EDGE('',*,*,#5405,.T.);
#5405 = EDGE_CURVE('',#5398,#5373,#5406,.T.);
#5406 = LINE('',#5407,#5408);
#5407 = CARTESIAN_POINT('',(2.5,10.3,-88.05));
#5408 = VECTOR('',#5409,1.);
#5409 = DIRECTION('',(0.,0.,1.));
#5410 = ORIENTED_EDGE('',*,*,#5382,.F.);
#5411 = PLANE('',#5412);
#5412 = AXIS2_PLACEMENT_3D('',#5413,#5414,#5415);
#5413 = CARTESIAN_POINT('',(0.,10.3,-44.65));
#5414 = DIRECTION('',(0.,-1.,0.));
#5415 = DIRECTION('',(0.,0.,1.));
#5416 = ADVANCED_FACE('',(#5417),#5435,.T.);
#5417 = FACE_BOUND('',#5418,.F.);
#5418 = EDGE_LOOP('',(#5419,#5420,#5421,#5429));
#5419 = ORIENTED_EDGE('',*,*,#5397,.T.);
#5420 = ORIENTED_EDGE('',*,*,#1947,.F.);
#5421 = ORIENTED_EDGE('',*,*,#5422,.F.);
#5422 = EDGE_CURVE('',#5423,#1948,#5425,.T.);
#5423 = VERTEX_POINT('',#5424);
#5424 = CARTESIAN_POINT('',(2.5,5.05,-88.05));
#5425 = LINE('',#5426,#5427);
#5426 = CARTESIAN_POINT('',(2.5,5.05,-88.05));
#5427 = VECTOR('',#5428,1.);
#5428 = DIRECTION('',(-0.57735026919,-0.57735026919,-0.57735026919));
#5429 = ORIENTED_EDGE('',*,*,#5430,.T.);
#5430 = EDGE_CURVE('',#5423,#5398,#5431,.T.);
#5431 = LINE('',#5432,#5433);
#5432 = CARTESIAN_POINT('',(2.5,5.05,-88.05));
#5433 = VECTOR('',#5434,1.);
#5434 = DIRECTION('',(0.,1.,0.));
#5435 = PLANE('',#5436);
#5436 = AXIS2_PLACEMENT_3D('',#5437,#5438,#5439);
#5437 = CARTESIAN_POINT('',(2.25,9.1,-88.3));
#5438 = DIRECTION('',(0.707106781187,0.,-0.707106781187));
#5439 = DIRECTION('',(-0.707106781187,0.,-0.707106781187));
#5440 = ADVANCED_FACE('',(#5441),#5459,.T.);
#5441 = FACE_BOUND('',#5442,.F.);
#5442 = EDGE_LOOP('',(#5443,#5444,#5452,#5458));
#5443 = ORIENTED_EDGE('',*,*,#1955,.F.);
#5444 = ORIENTED_EDGE('',*,*,#5445,.F.);
#5445 = EDGE_CURVE('',#5446,#1956,#5448,.T.);
#5446 = VERTEX_POINT('',#5447);
#5447 = CARTESIAN_POINT('',(2.5,5.05,-74.05));
#5448 = LINE('',#5449,#5450);
#5449 = CARTESIAN_POINT('',(2.5,5.05,-74.05));
#5450 = VECTOR('',#5451,1.);
#5451 = DIRECTION('',(-0.57735026919,-0.57735026919,0.57735026919));
#5452 = ORIENTED_EDGE('',*,*,#5453,.T.);
#5453 = EDGE_CURVE('',#5446,#5423,#5454,.T.);
#5454 = LINE('',#5455,#5456);
#5455 = CARTESIAN_POINT('',(2.5,5.05,-74.05));
#5456 = VECTOR('',#5457,1.);
#5457 = DIRECTION('',(0.,0.,-1.));
#5458 = ORIENTED_EDGE('',*,*,#5422,.T.);
#5459 = PLANE('',#5460);
#5460 = AXIS2_PLACEMENT_3D('',#5461,#5462,#5463);
#5461 = CARTESIAN_POINT('',(2.25,4.8,-81.05));
#5462 = DIRECTION('',(0.707106781187,-0.707106781187,0.));
#5463 = DIRECTION('',(-0.707106781187,-0.707106781187,0.));
#5464 = ADVANCED_FACE('',(#5465),#5476,.T.);
#5465 = FACE_BOUND('',#5466,.F.);
#5466 = EDGE_LOOP('',(#5467,#5473,#5474,#5475));
#5467 = ORIENTED_EDGE('',*,*,#5468,.T.);
#5468 = EDGE_CURVE('',#5302,#5446,#5469,.T.);
#5469 = LINE('',#5470,#5471);
#5470 = CARTESIAN_POINT('',(2.5,10.3,-74.05));
#5471 = VECTOR('',#5472,1.);
#5472 = DIRECTION('',(0.,-1.,0.));
#5473 = ORIENTED_EDGE('',*,*,#5445,.T.);
#5474 = ORIENTED_EDGE('',*,*,#1963,.F.);
#5475 = ORIENTED_EDGE('',*,*,#5309,.F.);
#5476 = PLANE('',#5477);
#5477 = AXIS2_PLACEMENT_3D('',#5478,#5479,#5480);
#5478 = CARTESIAN_POINT('',(2.25,9.1,-73.8));
#5479 = DIRECTION('',(0.707106781187,0.,0.707106781187));
#5480 = DIRECTION('',(-0.707106781187,0.,0.707106781187));
#5481 = ADVANCED_FACE('',(#5482),#5510,.F.);
#5482 = FACE_BOUND('',#5483,.F.);
#5483 = EDGE_LOOP('',(#5484,#5485,#5486,#5493,#5502,#5509));
#5484 = ORIENTED_EDGE('',*,*,#1971,.T.);
#5485 = ORIENTED_EDGE('',*,*,#1982,.T.);
#5486 = ORIENTED_EDGE('',*,*,#5487,.T.);
#5487 = EDGE_CURVE('',#1972,#5488,#5490,.T.);
#5488 = VERTEX_POINT('',#5489);
#5489 = CARTESIAN_POINT('',(1.,10.3,-34.65));
#5490 = B_SPLINE_CURVE_WITH_KNOTS('',1,(#5491,#5492),.UNSPECIFIED.,.F.,
  .F.,(2,2),(-2.,-1.),.PIECEWISE_BEZIER_KNOTS.);
#5491 = CARTESIAN_POINT('',(2.,10.3,-34.65));
#5492 = CARTESIAN_POINT('',(1.,10.3,-34.65));
#5493 = ORIENTED_EDGE('',*,*,#5494,.F.);
#5494 = EDGE_CURVE('',#5495,#5488,#5497,.T.);
#5495 = VERTEX_POINT('',#5496);
#5496 = CARTESIAN_POINT('',(1.,10.3,-41.65));
#5497 = CIRCLE('',#5498,3.5);
#5498 = AXIS2_PLACEMENT_3D('',#5499,#5500,#5501);
#5499 = CARTESIAN_POINT('',(1.,10.3,-38.15));
#5500 = DIRECTION('',(-1.,0.,0.));
#5501 = DIRECTION('',(0.,0.,-1.));
#5502 = ORIENTED_EDGE('',*,*,#5503,.F.);
#5503 = EDGE_CURVE('',#5488,#5495,#5504,.T.);
#5504 = CIRCLE('',#5505,3.5);
#5505 = AXIS2_PLACEMENT_3D('',#5506,#5507,#5508);
#5506 = CARTESIAN_POINT('',(1.,10.3,-38.15));
#5507 = DIRECTION('',(-1.,0.,0.));
#5508 = DIRECTION('',(0.,0.,1.));
#5509 = ORIENTED_EDGE('',*,*,#5487,.F.);
#5510 = CYLINDRICAL_SURFACE('',#5511,3.5);
#5511 = AXIS2_PLACEMENT_3D('',#5512,#5513,#5514);
#5512 = CARTESIAN_POINT('',(0.,10.3,-38.15));
#5513 = DIRECTION('',(-1.,0.,0.));
#5514 = DIRECTION('',(0.,0.,1.));
#5515 = ADVANCED_FACE('',(#5516),#5527,.T.);
#5516 = FACE_BOUND('',#5517,.T.);
#5517 = EDGE_LOOP('',(#5518,#5525,#5526));
#5518 = ORIENTED_EDGE('',*,*,#5519,.T.);
#5519 = EDGE_CURVE('',#5090,#2007,#5520,.T.);
#5520 = CIRCLE('',#5521,1.25);
#5521 = AXIS2_PLACEMENT_3D('',#5522,#5523,#5524);
#5522 = CARTESIAN_POINT('',(5.,64.,-9.4));
#5523 = DIRECTION('',(0.,1.,-2.2E-16));
#5524 = DIRECTION('',(-1.,0.,0.));
#5525 = ORIENTED_EDGE('',*,*,#2006,.F.);
#5526 = ORIENTED_EDGE('',*,*,#5134,.F.);
#5527 = PLANE('',#5528);
#5528 = AXIS2_PLACEMENT_3D('',#5529,#5530,#5531);
#5529 = CARTESIAN_POINT('',(2.,64.,-12.4));
#5530 = DIRECTION('',(0.,-1.,0.));
#5531 = DIRECTION('',(0.,0.,1.));
#5532 = ADVANCED_FACE('',(#5533),#5600,.F.);
#5533 = FACE_BOUND('',#5534,.F.);
#5534 = EDGE_LOOP('',(#5535,#5536,#5537,#5546,#5560,#5569,#5583,#5590,
    #5591,#5597,#5598,#5599));
#5535 = ORIENTED_EDGE('',*,*,#5519,.T.);
#5536 = ORIENTED_EDGE('',*,*,#2031,.T.);
#5537 = ORIENTED_EDGE('',*,*,#5538,.T.);
#5538 = EDGE_CURVE('',#2032,#5539,#5541,.T.);
#5539 = VERTEX_POINT('',#5540);
#5540 = CARTESIAN_POINT('',(6.,64.,-8.65));
#5541 = CIRCLE('',#5542,1.25);
#5542 = AXIS2_PLACEMENT_3D('',#5543,#5544,#5545);
#5543 = CARTESIAN_POINT('',(5.,64.,-9.4));
#5544 = DIRECTION('',(0.,1.,-2.2E-16));
#5545 = DIRECTION('',(-1.,0.,0.));
#5546 = ORIENTED_EDGE('',*,*,#5547,.F.);
#5547 = EDGE_CURVE('',#5548,#5539,#5550,.T.);
#5548 = VERTEX_POINT('',#5549);
#5549 = CARTESIAN_POINT('',(6.,64.,-10.15));
#5550 = ( BOUNDED_CURVE() B_SPLINE_CURVE(8,(#5551,#5552,#5553,#5554,
    #5555,#5556,#5557,#5558,#5559),.UNSPECIFIED.,.F.,.F.) 
B_SPLINE_CURVE_WITH_KNOTS((9,9),(2.25,3.75),.PIECEWISE_BEZIER_KNOTS.) 
CURVE() GEOMETRIC_REPRESENTATION_ITEM() RATIONAL_B_SPLINE_CURVE((1.,1.,
1.,1.,1.,1.,1.,1.,1.)) REPRESENTATION_ITEM('') );
#5551 = CARTESIAN_POINT('',(6.,64.,-10.15));
#5552 = CARTESIAN_POINT('',(6.140625,64.,-9.9625));
#5553 = CARTESIAN_POINT('',(6.21860697218,64.,-9.775));
#5554 = CARTESIAN_POINT('',(6.267775649461,64.,-9.5875));
#5555 = CARTESIAN_POINT('',(6.278810158717,64.,-9.4));
#5556 = CARTESIAN_POINT('',(6.267775649461,64.,-9.2125));
#5557 = CARTESIAN_POINT('',(6.21860697218,64.,-9.025));
#5558 = CARTESIAN_POINT('',(6.140625,64.,-8.8375));
#5559 = CARTESIAN_POINT('',(6.,64.,-8.65));
#5560 = ORIENTED_EDGE('',*,*,#5561,.T.);
#5561 = EDGE_CURVE('',#5548,#5562,#5564,.T.);
#5562 = VERTEX_POINT('',#5563);
#5563 = CARTESIAN_POINT('',(5.75,64.,-10.4));
#5564 = CIRCLE('',#5565,1.25);
#5565 = AXIS2_PLACEMENT_3D('',#5566,#5567,#5568);
#5566 = CARTESIAN_POINT('',(5.,64.,-9.4));
#5567 = DIRECTION('',(0.,1.,-2.2E-16));
#5568 = DIRECTION('',(-1.,0.,0.));
#5569 = ORIENTED_EDGE('',*,*,#5570,.F.);
#5570 = EDGE_CURVE('',#5571,#5562,#5573,.T.);
#5571 = VERTEX_POINT('',#5572);
#5572 = CARTESIAN_POINT('',(4.25,64.,-10.4));
#5573 = ( BOUNDED_CURVE() B_SPLINE_CURVE(8,(#5574,#5575,#5576,#5577,
    #5578,#5579,#5580,#5581,#5582),.UNSPECIFIED.,.F.,.F.) 
B_SPLINE_CURVE_WITH_KNOTS((9,9),(2.25,3.75),.PIECEWISE_BEZIER_KNOTS.) 
CURVE() GEOMETRIC_REPRESENTATION_ITEM() RATIONAL_B_SPLINE_CURVE((1.,1.,
1.,1.,1.,1.,1.,1.,1.)) REPRESENTATION_ITEM('') );
#5574 = CARTESIAN_POINT('',(4.25,64.,-10.4));
#5575 = CARTESIAN_POINT('',(4.4375,64.,-10.540625));
#5576 = CARTESIAN_POINT('',(4.625,64.,-10.61860697218));
#5577 = CARTESIAN_POINT('',(4.8125,64.,-10.66777564946));
#5578 = CARTESIAN_POINT('',(5.,64.,-10.67881015871));
#5579 = CARTESIAN_POINT('',(5.1875,64.,-10.66777564946));
#5580 = CARTESIAN_POINT('',(5.375,64.,-10.61860697218));
#5581 = CARTESIAN_POINT('',(5.5625,64.,-10.540625));
#5582 = CARTESIAN_POINT('',(5.75,64.,-10.4));
#5583 = ORIENTED_EDGE('',*,*,#5584,.T.);
#5584 = EDGE_CURVE('',#5571,#5021,#5585,.T.);
#5585 = CIRCLE('',#5586,1.25);
#5586 = AXIS2_PLACEMENT_3D('',#5587,#5588,#5589);
#5587 = CARTESIAN_POINT('',(5.,64.,-9.4));
#5588 = DIRECTION('',(0.,1.,-2.2E-16));
#5589 = DIRECTION('',(-1.,0.,0.));
#5590 = ORIENTED_EDGE('',*,*,#5044,.T.);
#5591 = ORIENTED_EDGE('',*,*,#5592,.F.);
#5592 = EDGE_CURVE('',#2402,#5045,#5593,.T.);
#5593 = LINE('',#5594,#5595);
#5594 = CARTESIAN_POINT('',(3.75,72.,-9.4));
#5595 = VECTOR('',#5596,1.);
#5596 = DIRECTION('',(0.,-1.,2.2E-16));
#5597 = ORIENTED_EDGE('',*,*,#2401,.F.);
#5598 = ORIENTED_EDGE('',*,*,#5592,.T.);
#5599 = ORIENTED_EDGE('',*,*,#5089,.T.);
#5600 = CYLINDRICAL_SURFACE('',#5601,1.25);
#5601 = AXIS2_PLACEMENT_3D('',#5602,#5603,#5604);
#5602 = CARTESIAN_POINT('',(5.,72.,-9.4));
#5603 = DIRECTION('',(0.,1.,-2.2E-16));
#5604 = DIRECTION('',(-1.,0.,0.));
#5605 = ADVANCED_FACE('',(#5606),#5616,.T.);
#5606 = FACE_BOUND('',#5607,.T.);
#5607 = EDGE_LOOP('',(#5608,#5609,#5615));
#5608 = ORIENTED_EDGE('',*,*,#5538,.T.);
#5609 = ORIENTED_EDGE('',*,*,#5610,.T.);
#5610 = EDGE_CURVE('',#5539,#2085,#5611,.T.);
#5611 = LINE('',#5612,#5613);
#5612 = CARTESIAN_POINT('',(6.,64.,-12.4));
#5613 = VECTOR('',#5614,1.);
#5614 = DIRECTION('',(0.,0.,1.));
#5615 = ORIENTED_EDGE('',*,*,#2084,.F.);
#5616 = PLANE('',#5617);
#5617 = AXIS2_PLACEMENT_3D('',#5618,#5619,#5620);
#5618 = CARTESIAN_POINT('',(2.,64.,-12.4));
#5619 = DIRECTION('',(0.,-1.,0.));
#5620 = DIRECTION('',(0.,0.,1.));
#5621 = ADVANCED_FACE('',(#5622),#5633,.T.);
#5622 = FACE_BOUND('',#5623,.T.);
#5623 = EDGE_LOOP('',(#5624,#5630,#5631,#5632));
#5624 = ORIENTED_EDGE('',*,*,#5625,.T.);
#5625 = EDGE_CURVE('',#5539,#2338,#5626,.T.);
#5626 = ( BOUNDED_CURVE() B_SPLINE_CURVE(2,(#5627,#5628,#5629),
.UNSPECIFIED.,.F.,.F.) B_SPLINE_CURVE_WITH_KNOTS((3,3),(0.,1.5),
.PIECEWISE_BEZIER_KNOTS.) CURVE() GEOMETRIC_REPRESENTATION_ITEM() 
RATIONAL_B_SPLINE_CURVE((1.,0.707106781187,1.)) REPRESENTATION_ITEM('') 
  );
#5627 = CARTESIAN_POINT('',(6.,64.,-8.65));
#5628 = CARTESIAN_POINT('',(8.,64.,-8.65));
#5629 = CARTESIAN_POINT('',(8.,66.,-8.65));
#5630 = ORIENTED_EDGE('',*,*,#2337,.T.);
#5631 = ORIENTED_EDGE('',*,*,#2114,.F.);
#5632 = ORIENTED_EDGE('',*,*,#5610,.F.);
#5633 = CYLINDRICAL_SURFACE('',#5634,2.);
#5634 = AXIS2_PLACEMENT_3D('',#5635,#5636,#5637);
#5635 = CARTESIAN_POINT('',(6.,66.,-12.4));
#5636 = DIRECTION('',(0.,0.,1.));
#5637 = DIRECTION('',(0.,-1.,0.));
#5638 = ADVANCED_FACE('',(#5639),#5651,.T.);
#5639 = FACE_BOUND('',#5640,.F.);
#5640 = EDGE_LOOP('',(#5641,#5642,#5643,#5650));
#5641 = ORIENTED_EDGE('',*,*,#2382,.T.);
#5642 = ORIENTED_EDGE('',*,*,#4745,.T.);
#5643 = ORIENTED_EDGE('',*,*,#5644,.F.);
#5644 = EDGE_CURVE('',#2360,#4746,#5645,.T.);
#5645 = CIRCLE('',#5646,2.);
#5646 = AXIS2_PLACEMENT_3D('',#5647,#5648,#5649);
#5647 = CARTESIAN_POINT('',(6.,66.,-10.4));
#5648 = DIRECTION('',(-0.,1.,0.));
#5649 = DIRECTION('',(1.,0.,0.));
#5650 = ORIENTED_EDGE('',*,*,#2367,.F.);
#5651 = CYLINDRICAL_SURFACE('',#5652,2.);
#5652 = AXIS2_PLACEMENT_3D('',#5653,#5654,#5655);
#5653 = CARTESIAN_POINT('',(6.,72.,-10.4));
#5654 = DIRECTION('',(0.,-1.,0.));
#5655 = DIRECTION('',(1.,0.,0.));
#5656 = ADVANCED_FACE('',(#5657),#5682,.T.);
#5657 = FACE_BOUND('',#5658,.T.);
#5658 = EDGE_LOOP('',(#5659,#5668,#5669,#5676));
#5659 = ORIENTED_EDGE('',*,*,#5660,.T.);
#5660 = EDGE_CURVE('',#5661,#2360,#5663,.T.);
#5661 = VERTEX_POINT('',#5662);
#5662 = CARTESIAN_POINT('',(6.,64.,-10.4));
#5663 = CIRCLE('',#5664,2.);
#5664 = AXIS2_PLACEMENT_3D('',#5665,#5666,#5667);
#5665 = CARTESIAN_POINT('',(6.,66.,-10.4));
#5666 = DIRECTION('',(0.,0.,1.));
#5667 = DIRECTION('',(1.,0.,0.));
#5668 = ORIENTED_EDGE('',*,*,#2359,.T.);
#5669 = ORIENTED_EDGE('',*,*,#5670,.F.);
#5670 = EDGE_CURVE('',#5548,#2346,#5671,.T.);
#5671 = CIRCLE('',#5672,2.);
#5672 = AXIS2_PLACEMENT_3D('',#5673,#5674,#5675);
#5673 = CARTESIAN_POINT('',(6.,66.,-10.15));
#5674 = DIRECTION('',(-0.,0.,1.));
#5675 = DIRECTION('',(0.,-1.,0.));
#5676 = ORIENTED_EDGE('',*,*,#5677,.F.);
#5677 = EDGE_CURVE('',#5661,#5548,#5678,.T.);
#5678 = LINE('',#5679,#5680);
#5679 = CARTESIAN_POINT('',(6.,64.,-12.4));
#5680 = VECTOR('',#5681,1.);
#5681 = DIRECTION('',(0.,0.,1.));
#5682 = CYLINDRICAL_SURFACE('',#5683,2.);
#5683 = AXIS2_PLACEMENT_3D('',#5684,#5685,#5686);
#5684 = CARTESIAN_POINT('',(6.,66.,-12.4));
#5685 = DIRECTION('',(0.,0.,1.));
#5686 = DIRECTION('',(0.,-1.,0.));
#5687 = ADVANCED_FACE('',(#5688),#5694,.F.);
#5688 = FACE_BOUND('',#5689,.F.);
#5689 = EDGE_LOOP('',(#5690,#5691,#5692,#5693));
#5690 = ORIENTED_EDGE('',*,*,#5670,.F.);
#5691 = ORIENTED_EDGE('',*,*,#5547,.T.);
#5692 = ORIENTED_EDGE('',*,*,#5625,.T.);
#5693 = ORIENTED_EDGE('',*,*,#2345,.F.);
#5694 = ( BOUNDED_SURFACE() B_SPLINE_SURFACE(2,8,(
    (#5695,#5696,#5697,#5698,#5699,#5700,#5701,#5702,#5703)
    ,(#5704,#5705,#5706,#5707,#5708,#5709,#5710,#5711,#5712)
    ,(#5713,#5714,#5715,#5716,#5717,#5718,#5719,#5720,#5721
)),.UNSPECIFIED.,.F.,.F.,.F.) B_SPLINE_SURFACE_WITH_KNOTS((3,3),(9,9),(
    0.,1.5),(2.25,3.75),.PIECEWISE_BEZIER_KNOTS.) 
GEOMETRIC_REPRESENTATION_ITEM() RATIONAL_B_SPLINE_SURFACE((
    (1.,1.,1.,1.,1.,1.,1.,1.,1.)
    ,(0.707106781187,0.731966003963,0.74476096418,0.753081455647
      ,0.754607029964,0.753081455647,0.74476096418,0.731966003963
      ,0.707106781187)
,(1.,1.,1.,1.,1.,1.,1.,1.,1.))) REPRESENTATION_ITEM('') SURFACE() );
#5695 = CARTESIAN_POINT('',(8.,66.,-10.15));
#5696 = CARTESIAN_POINT('',(8.,66.,-9.9625));
#5697 = CARTESIAN_POINT('',(8.,65.988771807277,-9.775));
#5698 = CARTESIAN_POINT('',(8.,65.98318514065,-9.5875));
#5699 = CARTESIAN_POINT('',(8.,65.978515288219,-9.4));
#5700 = CARTESIAN_POINT('',(8.,65.98318514065,-9.2125));
#5701 = CARTESIAN_POINT('',(8.,65.988771807277,-9.025));
#5702 = CARTESIAN_POINT('',(8.,66.,-8.8375));
#5703 = CARTESIAN_POINT('',(8.,66.,-8.65));
#5704 = CARTESIAN_POINT('',(8.,64.,-10.15));
#5705 = CARTESIAN_POINT('',(8.,64.135849056604,-9.968867924528));
#5706 = CARTESIAN_POINT('',(8.,64.196881831586,-9.779774140532));
#5707 = CARTESIAN_POINT('',(8.,64.234990054148,-9.590820963385));
#5708 = CARTESIAN_POINT('',(8.,64.240599380392,-9.4));
#5709 = CARTESIAN_POINT('',(8.,64.234990054149,-9.209179036615));
#5710 = CARTESIAN_POINT('',(8.,64.196881831586,-9.020225859468));
#5711 = CARTESIAN_POINT('',(8.,64.135849056604,-8.831132075472));
#5712 = CARTESIAN_POINT('',(8.,64.,-8.65));
#5713 = CARTESIAN_POINT('',(6.,64.,-10.15));
#5714 = CARTESIAN_POINT('',(6.140625,64.,-9.9625));
#5715 = CARTESIAN_POINT('',(6.21860697218,64.,-9.775));
#5716 = CARTESIAN_POINT('',(6.267775649461,64.,-9.5875));
#5717 = CARTESIAN_POINT('',(6.278810158717,64.,-9.4));
#5718 = CARTESIAN_POINT('',(6.267775649461,64.,-9.2125));
#5719 = CARTESIAN_POINT('',(6.21860697218,64.,-9.025));
#5720 = CARTESIAN_POINT('',(6.140625,64.,-8.8375));
#5721 = CARTESIAN_POINT('',(6.,64.,-8.65));
#5722 = ADVANCED_FACE('',(#5723),#5735,.T.);
#5723 = FACE_BOUND('',#5724,.T.);
#5724 = EDGE_LOOP('',(#5725,#5726,#5733,#5734));
#5725 = ORIENTED_EDGE('',*,*,#3719,.F.);
#5726 = ORIENTED_EDGE('',*,*,#5727,.T.);
#5727 = EDGE_CURVE('',#3712,#2497,#5728,.T.);
#5728 = CIRCLE('',#5729,2.);
#5729 = AXIS2_PLACEMENT_3D('',#5730,#5731,#5732);
#5730 = CARTESIAN_POINT('',(144.,66.,-10.4));
#5731 = DIRECTION('',(0.,1.,0.));
#5732 = DIRECTION('',(0.,0.,-1.));
#5733 = ORIENTED_EDGE('',*,*,#2504,.T.);
#5734 = ORIENTED_EDGE('',*,*,#2426,.F.);
#5735 = CYLINDRICAL_SURFACE('',#5736,2.);
#5736 = AXIS2_PLACEMENT_3D('',#5737,#5738,#5739);
#5737 = CARTESIAN_POINT('',(144.,64.,-10.4));
#5738 = DIRECTION('',(0.,1.,0.));
#5739 = DIRECTION('',(0.,0.,-1.));
#5740 = ADVANCED_FACE('',(#5741),#5807,.F.);
#5741 = FACE_BOUND('',#5742,.F.);
#5742 = EDGE_LOOP('',(#5743,#5744,#5745,#5754,#5768,#5777,#5789,#5795,
    #5796,#5797));
#5743 = ORIENTED_EDGE('',*,*,#2545,.T.);
#5744 = ORIENTED_EDGE('',*,*,#3304,.T.);
#5745 = ORIENTED_EDGE('',*,*,#5746,.T.);
#5746 = EDGE_CURVE('',#3305,#5747,#5749,.T.);
#5747 = VERTEX_POINT('',#5748);
#5748 = CARTESIAN_POINT('',(145.75,64.,-10.4));
#5749 = CIRCLE('',#5750,1.25);
#5750 = AXIS2_PLACEMENT_3D('',#5751,#5752,#5753);
#5751 = CARTESIAN_POINT('',(145.,64.,-9.4));
#5752 = DIRECTION('',(0.,1.,-2.2E-16));
#5753 = DIRECTION('',(-1.,0.,0.));
#5754 = ORIENTED_EDGE('',*,*,#5755,.T.);
#5755 = EDGE_CURVE('',#5747,#5756,#5758,.T.);
#5756 = VERTEX_POINT('',#5757);
#5757 = CARTESIAN_POINT('',(144.25,64.,-10.4));
#5758 = ( BOUNDED_CURVE() B_SPLINE_CURVE(8,(#5759,#5760,#5761,#5762,
    #5763,#5764,#5765,#5766,#5767),.UNSPECIFIED.,.F.,.F.) 
B_SPLINE_CURVE_WITH_KNOTS((9,9),(2.25,3.75),.PIECEWISE_BEZIER_KNOTS.) 
CURVE() GEOMETRIC_REPRESENTATION_ITEM() RATIONAL_B_SPLINE_CURVE((1.,1.,
1.,1.,1.,1.,1.,1.,1.)) REPRESENTATION_ITEM('') );
#5759 = CARTESIAN_POINT('',(145.75,64.,-10.4));
#5760 = CARTESIAN_POINT('',(145.5625,64.,-10.540625));
#5761 = CARTESIAN_POINT('',(145.375,64.,-10.61860697218));
#5762 = CARTESIAN_POINT('',(145.1875,64.,-10.66777564946));
#5763 = CARTESIAN_POINT('',(145.,64.,-10.67881015871));
#5764 = CARTESIAN_POINT('',(144.8125,64.,-10.66777564946));
#5765 = CARTESIAN_POINT('',(144.625,64.,-10.61860697218));
#5766 = CARTESIAN_POINT('',(144.4375,64.,-10.540625));
#5767 = CARTESIAN_POINT('',(144.25,64.,-10.4));
#5768 = ORIENTED_EDGE('',*,*,#5769,.T.);
#5769 = EDGE_CURVE('',#5756,#5770,#5772,.T.);
#5770 = VERTEX_POINT('',#5771);
#5771 = CARTESIAN_POINT('',(144.,64.,-10.15));
#5772 = CIRCLE('',#5773,1.25);
#5773 = AXIS2_PLACEMENT_3D('',#5774,#5775,#5776);
#5774 = CARTESIAN_POINT('',(145.,64.,-9.4));
#5775 = DIRECTION('',(0.,1.,-2.2E-16));
#5776 = DIRECTION('',(-1.,0.,0.));
#5777 = ORIENTED_EDGE('',*,*,#5778,.F.);
#5778 = EDGE_CURVE('',#5779,#5770,#5781,.T.);
#5779 = VERTEX_POINT('',#5780);
#5780 = CARTESIAN_POINT('',(143.75,64.,-9.4));
#5781 = ( BOUNDED_CURVE() B_SPLINE_CURVE(6,(#5782,#5783,#5784,#5785,
#5786,#5787,#5788),.UNSPECIFIED.,.F.,.F.) B_SPLINE_CURVE_WITH_KNOTS((7,7
),(3.,3.75),.PIECEWISE_BEZIER_KNOTS.) CURVE() 
GEOMETRIC_REPRESENTATION_ITEM() RATIONAL_B_SPLINE_CURVE((1.,1.,1.,1.,1.,
1.,1.)) REPRESENTATION_ITEM('') );
#5782 = CARTESIAN_POINT('',(143.75,64.,-9.4));
#5783 = CARTESIAN_POINT('',(143.75,64.,-9.525));
#5784 = CARTESIAN_POINT('',(143.76505809287,64.,-9.65));
#5785 = CARTESIAN_POINT('',(143.79480529358,64.,-9.775));
#5786 = CARTESIAN_POINT('',(143.84169026803,64.,-9.9));
#5787 = CARTESIAN_POINT('',(143.90625,64.,-10.025));
#5788 = CARTESIAN_POINT('',(144.,64.,-10.15));
#5789 = ORIENTED_EDGE('',*,*,#5790,.F.);
#5790 = EDGE_CURVE('',#2446,#5779,#5791,.T.);
#5791 = LINE('',#5792,#5793);
#5792 = CARTESIAN_POINT('',(143.75,72.,-9.4));
#5793 = VECTOR('',#5794,1.);
#5794 = DIRECTION('',(0.,-1.,2.2E-16));
#5795 = ORIENTED_EDGE('',*,*,#2445,.F.);
#5796 = ORIENTED_EDGE('',*,*,#5790,.T.);
#5797 = ORIENTED_EDGE('',*,*,#5798,.F.);
#5798 = EDGE_CURVE('',#2521,#5779,#5799,.T.);
#5799 = ( BOUNDED_CURVE() B_SPLINE_CURVE(6,(#5800,#5801,#5802,#5803,
#5804,#5805,#5806),.UNSPECIFIED.,.F.,.F.) B_SPLINE_CURVE_WITH_KNOTS((7,7
),(2.25,3.),.PIECEWISE_BEZIER_KNOTS.) CURVE() 
GEOMETRIC_REPRESENTATION_ITEM() RATIONAL_B_SPLINE_CURVE((1.,1.,1.,1.,1.,
1.,1.)) REPRESENTATION_ITEM('') );
#5800 = CARTESIAN_POINT('',(144.,64.,-8.65));
#5801 = CARTESIAN_POINT('',(143.90625,64.,-8.775));
#5802 = CARTESIAN_POINT('',(143.84169026803,64.,-8.9));
#5803 = CARTESIAN_POINT('',(143.79480529358,64.,-9.025));
#5804 = CARTESIAN_POINT('',(143.76505809287,64.,-9.15));
#5805 = CARTESIAN_POINT('',(143.75,64.,-9.275));
#5806 = CARTESIAN_POINT('',(143.75,64.,-9.4));
#5807 = CYLINDRICAL_SURFACE('',#5808,1.25);
#5808 = AXIS2_PLACEMENT_3D('',#5809,#5810,#5811);
#5809 = CARTESIAN_POINT('',(145.,72.,-9.4));
#5810 = DIRECTION('',(0.,1.,-2.2E-16));
#5811 = DIRECTION('',(-1.,0.,0.));
#5812 = ADVANCED_FACE('',(#5813),#5837,.T.);
#5813 = FACE_BOUND('',#5814,.T.);
#5814 = EDGE_LOOP('',(#5815,#5821,#5822,#5831));
#5815 = ORIENTED_EDGE('',*,*,#5816,.T.);
#5816 = EDGE_CURVE('',#5770,#2485,#5817,.T.);
#5817 = ( BOUNDED_CURVE() B_SPLINE_CURVE(2,(#5818,#5819,#5820),
.UNSPECIFIED.,.F.,.F.) B_SPLINE_CURVE_WITH_KNOTS((3,3),(0.,0.75),
.PIECEWISE_BEZIER_KNOTS.) CURVE() GEOMETRIC_REPRESENTATION_ITEM() 
RATIONAL_B_SPLINE_CURVE((1.,0.707106781187,1.)) REPRESENTATION_ITEM('') 
  );
#5818 = CARTESIAN_POINT('',(144.,64.,-10.15));
#5819 = CARTESIAN_POINT('',(142.,64.,-10.15));
#5820 = CARTESIAN_POINT('',(142.,66.,-10.15));
#5821 = ORIENTED_EDGE('',*,*,#2496,.T.);
#5822 = ORIENTED_EDGE('',*,*,#5823,.F.);
#5823 = EDGE_CURVE('',#5824,#2497,#5826,.T.);
#5824 = VERTEX_POINT('',#5825);
#5825 = CARTESIAN_POINT('',(144.,64.,-10.4));
#5826 = CIRCLE('',#5827,2.);
#5827 = AXIS2_PLACEMENT_3D('',#5828,#5829,#5830);
#5828 = CARTESIAN_POINT('',(144.,66.,-10.4));
#5829 = DIRECTION('',(6.E-17,0.,-1.));
#5830 = DIRECTION('',(-1.,0.,-6.E-17));
#5831 = ORIENTED_EDGE('',*,*,#5832,.F.);
#5832 = EDGE_CURVE('',#5770,#5824,#5833,.T.);
#5833 = LINE('',#5834,#5835);
#5834 = CARTESIAN_POINT('',(144.,64.,-6.4));
#5835 = VECTOR('',#5836,1.);
#5836 = DIRECTION('',(0.,0.,-1.));
#5837 = CYLINDRICAL_SURFACE('',#5838,2.);
#5838 = AXIS2_PLACEMENT_3D('',#5839,#5840,#5841);
#5839 = CARTESIAN_POINT('',(144.,66.,-6.4));
#5840 = DIRECTION('',(0.,0.,-1.));
#5841 = DIRECTION('',(0.,-1.,0.));
#5842 = ADVANCED_FACE('',(#5843),#5854,.F.);
#5843 = FACE_BOUND('',#5844,.F.);
#5844 = EDGE_LOOP('',(#5845,#5851,#5852,#5853));
#5845 = ORIENTED_EDGE('',*,*,#5846,.F.);
#5846 = EDGE_CURVE('',#5779,#2473,#5847,.T.);
#5847 = ( BOUNDED_CURVE() B_SPLINE_CURVE(2,(#5848,#5849,#5850),
.UNSPECIFIED.,.F.,.F.) B_SPLINE_CURVE_WITH_KNOTS((3,3),(0.,0.75),
.PIECEWISE_BEZIER_KNOTS.) CURVE() GEOMETRIC_REPRESENTATION_ITEM() 
RATIONAL_B_SPLINE_CURVE((1.,0.75,1.)) REPRESENTATION_ITEM('') );
#5848 = CARTESIAN_POINT('',(143.75,64.,-9.4));
#5849 = CARTESIAN_POINT('',(142.,64.220479275922,-9.4));
#5850 = CARTESIAN_POINT('',(142.,65.984313483298,-9.4));
#5851 = ORIENTED_EDGE('',*,*,#5778,.T.);
#5852 = ORIENTED_EDGE('',*,*,#5816,.T.);
#5853 = ORIENTED_EDGE('',*,*,#2484,.F.);
#5854 = ( BOUNDED_SURFACE() B_SPLINE_SURFACE(2,6,(
    (#5855,#5856,#5857,#5858,#5859,#5860,#5861)
    ,(#5862,#5863,#5864,#5865,#5866,#5867,#5868)
    ,(#5869,#5870,#5871,#5872,#5873,#5874,#5875
)),.UNSPECIFIED.,.F.,.F.,.F.) B_SPLINE_SURFACE_WITH_KNOTS((3,3),(7,7),(
    0.,0.75),(3.,3.75),.PIECEWISE_BEZIER_KNOTS.) 
GEOMETRIC_REPRESENTATION_ITEM() RATIONAL_B_SPLINE_SURFACE((
    (1.,1.,1.,1.,1.,1.,1.)
    ,(0.75,0.75,0.747486310364,0.74254584352,0.734632527259
      ,0.723679596371,0.707106781187)
,(1.,1.,1.,1.,1.,1.,1.))) REPRESENTATION_ITEM('') SURFACE() );
#5855 = CARTESIAN_POINT('',(142.,65.984313483298,-9.4));
#5856 = CARTESIAN_POINT('',(142.,65.984313483298,-9.525));
#5857 = CARTESIAN_POINT('',(142.,65.986173098944,-9.65));
#5858 = CARTESIAN_POINT('',(142.,65.99008405398,-9.775));
#5859 = CARTESIAN_POINT('',(142.,65.994782394095,-9.9));
#5860 = CARTESIAN_POINT('',(142.,66.,-10.025));
#5861 = CARTESIAN_POINT('',(142.,66.,-10.15));
#5862 = CARTESIAN_POINT('',(142.,64.220479275922,-9.4));
#5863 = CARTESIAN_POINT('',(142.,64.220479275922,-9.525));
#5864 = CARTESIAN_POINT('',(142.,64.208816488004,-9.650812521919));
#5865 = CARTESIAN_POINT('',(142.,64.185737952166,-9.776967199926));
#5866 = CARTESIAN_POINT('',(142.,64.147347137168,-9.90262442873));
#5867 = CARTESIAN_POINT('',(142.,64.091603053435,-10.02786259542));
#5868 = CARTESIAN_POINT('',(142.,64.,-10.15));
#5869 = CARTESIAN_POINT('',(143.75,64.,-9.4));
#5870 = CARTESIAN_POINT('',(143.75,64.,-9.525));
#5871 = CARTESIAN_POINT('',(143.76505809287,64.,-9.65));
#5872 = CARTESIAN_POINT('',(143.79480529358,64.,-9.775));
#5873 = CARTESIAN_POINT('',(143.84169026803,64.,-9.9));
#5874 = CARTESIAN_POINT('',(143.90625,64.,-10.025));
#5875 = CARTESIAN_POINT('',(144.,64.,-10.15));
#5876 = ADVANCED_FACE('',(#5877),#5883,.F.);
#5877 = FACE_BOUND('',#5878,.F.);
#5878 = EDGE_LOOP('',(#5879,#5880,#5881,#5882));
#5879 = ORIENTED_EDGE('',*,*,#2520,.F.);
#5880 = ORIENTED_EDGE('',*,*,#5798,.T.);
#5881 = ORIENTED_EDGE('',*,*,#5846,.T.);
#5882 = ORIENTED_EDGE('',*,*,#2472,.F.);
#5883 = ( BOUNDED_SURFACE() B_SPLINE_SURFACE(2,6,(
    (#5884,#5885,#5886,#5887,#5888,#5889,#5890)
    ,(#5891,#5892,#5893,#5894,#5895,#5896,#5897)
    ,(#5898,#5899,#5900,#5901,#5902,#5903,#5904
)),.UNSPECIFIED.,.F.,.F.,.F.) B_SPLINE_SURFACE_WITH_KNOTS((3,3),(7,7),(
    0.,0.75),(2.25,3.),.PIECEWISE_BEZIER_KNOTS.) 
GEOMETRIC_REPRESENTATION_ITEM() RATIONAL_B_SPLINE_SURFACE((
    (1.,1.,1.,1.,1.,1.,1.)
    ,(0.707106781187,0.723679596371,0.734632527259,0.74254584352
      ,0.747486310364,0.75,0.75)
,(1.,1.,1.,1.,1.,1.,1.))) REPRESENTATION_ITEM('') SURFACE() );
#5884 = CARTESIAN_POINT('',(142.,66.,-8.65));
#5885 = CARTESIAN_POINT('',(142.,66.,-8.775));
#5886 = CARTESIAN_POINT('',(142.,65.994782394095,-8.9));
#5887 = CARTESIAN_POINT('',(142.,65.99008405398,-9.025));
#5888 = CARTESIAN_POINT('',(142.,65.986173098944,-9.15));
#5889 = CARTESIAN_POINT('',(142.,65.984313483298,-9.275));
#5890 = CARTESIAN_POINT('',(142.,65.984313483298,-9.4));
#5891 = CARTESIAN_POINT('',(142.,64.,-8.65));
#5892 = CARTESIAN_POINT('',(142.,64.091603053435,-8.77213740458));
#5893 = CARTESIAN_POINT('',(142.,64.147347137169,-8.897375571271));
#5894 = CARTESIAN_POINT('',(142.,64.185737952166,-9.023032800074));
#5895 = CARTESIAN_POINT('',(142.,64.208816488004,-9.149187478081));
#5896 = CARTESIAN_POINT('',(142.,64.220479275922,-9.275));
#5897 = CARTESIAN_POINT('',(142.,64.220479275922,-9.4));
#5898 = CARTESIAN_POINT('',(144.,64.,-8.65));
#5899 = CARTESIAN_POINT('',(143.90625,64.,-8.775));
#5900 = CARTESIAN_POINT('',(143.84169026803,64.,-8.9));
#5901 = CARTESIAN_POINT('',(143.79480529358,64.,-9.025));
#5902 = CARTESIAN_POINT('',(143.76505809287,64.,-9.15));
#5903 = CARTESIAN_POINT('',(143.75,64.,-9.275));
#5904 = CARTESIAN_POINT('',(143.75,64.,-9.4));
#5905 = ADVANCED_FACE('',(#5906),#5931,.T.);
#5906 = FACE_BOUND('',#5907,.T.);
#5907 = EDGE_LOOP('',(#5908,#5909,#5917,#5925));
#5908 = ORIENTED_EDGE('',*,*,#2658,.T.);
#5909 = ORIENTED_EDGE('',*,*,#5910,.T.);
#5910 = EDGE_CURVE('',#2661,#5911,#5913,.T.);
#5911 = VERTEX_POINT('',#5912);
#5912 = CARTESIAN_POINT('',(22.65,8.8,-94.));
#5913 = LINE('',#5914,#5915);
#5914 = CARTESIAN_POINT('',(22.65,8.8,-95.));
#5915 = VECTOR('',#5916,1.);
#5916 = DIRECTION('',(0.,0.,1.));
#5917 = ORIENTED_EDGE('',*,*,#5918,.F.);
#5918 = EDGE_CURVE('',#5919,#5911,#5921,.T.);
#5919 = VERTEX_POINT('',#5920);
#5920 = CARTESIAN_POINT('',(22.65,2.,-94.));
#5921 = LINE('',#5922,#5923);
#5922 = CARTESIAN_POINT('',(22.65,2.,-94.));
#5923 = VECTOR('',#5924,1.);
#5924 = DIRECTION('',(0.,1.,0.));
#5925 = ORIENTED_EDGE('',*,*,#5926,.F.);
#5926 = EDGE_CURVE('',#2659,#5919,#5927,.T.);
#5927 = LINE('',#5928,#5929);
#5928 = CARTESIAN_POINT('',(22.65,2.,-95.));
#5929 = VECTOR('',#5930,1.);
#5930 = DIRECTION('',(0.,0.,1.));
#5931 = PLANE('',#5932);
#5932 = AXIS2_PLACEMENT_3D('',#5933,#5934,#5935);
#5933 = CARTESIAN_POINT('',(22.65,5.4,-94.5));
#5934 = DIRECTION('',(1.,0.,0.));
#5935 = DIRECTION('',(0.,0.,1.));
#5936 = ADVANCED_FACE('',(#5937),#5955,.F.);
#5937 = FACE_BOUND('',#5938,.F.);
#5938 = EDGE_LOOP('',(#5939,#5940,#5948,#5954));
#5939 = ORIENTED_EDGE('',*,*,#2668,.F.);
#5940 = ORIENTED_EDGE('',*,*,#5941,.T.);
#5941 = EDGE_CURVE('',#2669,#5942,#5944,.T.);
#5942 = VERTEX_POINT('',#5943);
#5943 = CARTESIAN_POINT('',(39.15,2.,-94.));
#5944 = LINE('',#5945,#5946);
#5945 = CARTESIAN_POINT('',(39.15,2.,-95.));
#5946 = VECTOR('',#5947,1.);
#5947 = DIRECTION('',(0.,0.,1.));
#5948 = ORIENTED_EDGE('',*,*,#5949,.T.);
#5949 = EDGE_CURVE('',#5942,#5919,#5950,.T.);
#5950 = LINE('',#5951,#5952);
#5951 = CARTESIAN_POINT('',(39.15,2.,-94.));
#5952 = VECTOR('',#5953,1.);
#5953 = DIRECTION('',(-1.,0.,0.));
#5954 = ORIENTED_EDGE('',*,*,#5926,.F.);
#5955 = PLANE('',#5956);
#5956 = AXIS2_PLACEMENT_3D('',#5957,#5958,#5959);
#5957 = CARTESIAN_POINT('',(39.15,2.,-95.));
#5958 = DIRECTION('',(0.,-1.,0.));
#5959 = DIRECTION('',(-1.,0.,0.));
#5960 = ADVANCED_FACE('',(#5961),#5979,.T.);
#5961 = FACE_BOUND('',#5962,.T.);
#5962 = EDGE_LOOP('',(#5963,#5964,#5965,#5973));
#5963 = ORIENTED_EDGE('',*,*,#2676,.T.);
#5964 = ORIENTED_EDGE('',*,*,#5941,.T.);
#5965 = ORIENTED_EDGE('',*,*,#5966,.F.);
#5966 = EDGE_CURVE('',#5967,#5942,#5969,.T.);
#5967 = VERTEX_POINT('',#5968);
#5968 = CARTESIAN_POINT('',(39.15,8.8,-94.));
#5969 = LINE('',#5970,#5971);
#5970 = CARTESIAN_POINT('',(39.15,7.3,-94.));
#5971 = VECTOR('',#5972,1.);
#5972 = DIRECTION('',(0.,-1.,0.));
#5973 = ORIENTED_EDGE('',*,*,#5974,.F.);
#5974 = EDGE_CURVE('',#2677,#5967,#5975,.T.);
#5975 = LINE('',#5976,#5977);
#5976 = CARTESIAN_POINT('',(39.15,8.8,-95.));
#5977 = VECTOR('',#5978,1.);
#5978 = DIRECTION('',(0.,0.,1.));
#5979 = PLANE('',#5980);
#5980 = AXIS2_PLACEMENT_3D('',#5981,#5982,#5983);
#5981 = CARTESIAN_POINT('',(39.15,5.4,-94.5));
#5982 = DIRECTION('',(-1.,-0.,-0.));
#5983 = DIRECTION('',(0.,0.,-1.));
#5984 = ADVANCED_FACE('',(#5985),#5996,.F.);
#5985 = FACE_BOUND('',#5986,.F.);
#5986 = EDGE_LOOP('',(#5987,#5988,#5989,#5995));
#5987 = ORIENTED_EDGE('',*,*,#2684,.F.);
#5988 = ORIENTED_EDGE('',*,*,#5910,.T.);
#5989 = ORIENTED_EDGE('',*,*,#5990,.T.);
#5990 = EDGE_CURVE('',#5911,#5967,#5991,.T.);
#5991 = LINE('',#5992,#5993);
#5992 = CARTESIAN_POINT('',(22.65,8.8,-94.));
#5993 = VECTOR('',#5994,1.);
#5994 = DIRECTION('',(1.,0.,0.));
#5995 = ORIENTED_EDGE('',*,*,#5974,.F.);
#5996 = PLANE('',#5997);
#5997 = AXIS2_PLACEMENT_3D('',#5998,#5999,#6000);
#5998 = CARTESIAN_POINT('',(22.65,8.8,-95.));
#5999 = DIRECTION('',(0.,1.,0.));
#6000 = DIRECTION('',(1.,0.,0.));
#6001 = ADVANCED_FACE('',(#6002),#6029,.F.);
#6002 = FACE_BOUND('',#6003,.F.);
#6003 = EDGE_LOOP('',(#6004,#6011,#6012,#6021,#6028));
#6004 = ORIENTED_EDGE('',*,*,#6005,.T.);
#6005 = EDGE_CURVE('',#2711,#2693,#6006,.T.);
#6006 = CIRCLE('',#6007,1.9);
#6007 = AXIS2_PLACEMENT_3D('',#6008,#6009,#6010);
#6008 = CARTESIAN_POINT('',(6.,18.53,-96.75));
#6009 = DIRECTION('',(0.,-1.,0.));
#6010 = DIRECTION('',(0.,0.,-1.));
#6011 = ORIENTED_EDGE('',*,*,#2692,.T.);
#6012 = ORIENTED_EDGE('',*,*,#6013,.F.);
#6013 = EDGE_CURVE('',#6014,#2695,#6016,.T.);
#6014 = VERTEX_POINT('',#6015);
#6015 = CARTESIAN_POINT('',(6.,10.3,-94.85));
#6016 = CIRCLE('',#6017,1.9);
#6017 = AXIS2_PLACEMENT_3D('',#6018,#6019,#6020);
#6018 = CARTESIAN_POINT('',(6.,10.3,-96.75));
#6019 = DIRECTION('',(0.,-1.,0.));
#6020 = DIRECTION('',(0.,0.,1.));
#6021 = ORIENTED_EDGE('',*,*,#6022,.F.);
#6022 = EDGE_CURVE('',#2703,#6014,#6023,.T.);
#6023 = CIRCLE('',#6024,1.9);
#6024 = AXIS2_PLACEMENT_3D('',#6025,#6026,#6027);
#6025 = CARTESIAN_POINT('',(6.,10.3,-96.75));
#6026 = DIRECTION('',(0.,-1.,0.));
#6027 = DIRECTION('',(0.,0.,-1.));
#6028 = ORIENTED_EDGE('',*,*,#2710,.F.);
#6029 = CYLINDRICAL_SURFACE('',#6030,1.9);
#6030 = AXIS2_PLACEMENT_3D('',#6031,#6032,#6033);
#6031 = CARTESIAN_POINT('',(6.,10.3,-96.75));
#6032 = DIRECTION('',(0.,-1.,0.));
#6033 = DIRECTION('',(0.,0.,-1.));
#6034 = ADVANCED_FACE('',(#6035),#6040,.F.);
#6035 = FACE_BOUND('',#6036,.F.);
#6036 = EDGE_LOOP('',(#6037,#6038,#6039));
#6037 = ORIENTED_EDGE('',*,*,#2702,.T.);
#6038 = ORIENTED_EDGE('',*,*,#6022,.T.);
#6039 = ORIENTED_EDGE('',*,*,#6013,.T.);
#6040 = PLANE('',#6041);
#6041 = AXIS2_PLACEMENT_3D('',#6042,#6043,#6044);
#6042 = CARTESIAN_POINT('',(0.,10.3,-44.65));
#6043 = DIRECTION('',(0.,-1.,0.));
#6044 = DIRECTION('',(0.,0.,1.));
#6045 = ADVANCED_FACE('',(#6046),#6050,.F.);
#6046 = FACE_BOUND('',#6047,.F.);
#6047 = EDGE_LOOP('',(#6048,#6049));
#6048 = ORIENTED_EDGE('',*,*,#6005,.F.);
#6049 = ORIENTED_EDGE('',*,*,#2718,.T.);
#6050 = PLANE('',#6051);
#6051 = AXIS2_PLACEMENT_3D('',#6052,#6053,#6054);
#6052 = CARTESIAN_POINT('',(13.099596231494,18.53,-67.6004037685));
#6053 = DIRECTION('',(0.,1.,-2.4E-16));
#6054 = DIRECTION('',(0.,2.4E-16,1.));
#6055 = ADVANCED_FACE('',(#6056),#6083,.F.);
#6056 = FACE_BOUND('',#6057,.F.);
#6057 = EDGE_LOOP('',(#6058,#6065,#6066,#6075,#6082));
#6058 = ORIENTED_EDGE('',*,*,#6059,.T.);
#6059 = EDGE_CURVE('',#2745,#2727,#6060,.T.);
#6060 = CIRCLE('',#6061,1.9);
#6061 = AXIS2_PLACEMENT_3D('',#6062,#6063,#6064);
#6062 = CARTESIAN_POINT('',(56.,18.53,-96.75));
#6063 = DIRECTION('',(0.,-1.,0.));
#6064 = DIRECTION('',(0.,0.,-1.));
#6065 = ORIENTED_EDGE('',*,*,#2726,.T.);
#6066 = ORIENTED_EDGE('',*,*,#6067,.F.);
#6067 = EDGE_CURVE('',#6068,#2729,#6070,.T.);
#6068 = VERTEX_POINT('',#6069);
#6069 = CARTESIAN_POINT('',(56.,10.3,-94.85));
#6070 = CIRCLE('',#6071,1.9);
#6071 = AXIS2_PLACEMENT_3D('',#6072,#6073,#6074);
#6072 = CARTESIAN_POINT('',(56.,10.3,-96.75));
#6073 = DIRECTION('',(0.,-1.,0.));
#6074 = DIRECTION('',(0.,0.,1.));
#6075 = ORIENTED_EDGE('',*,*,#6076,.F.);
#6076 = EDGE_CURVE('',#2737,#6068,#6077,.T.);
#6077 = CIRCLE('',#6078,1.9);
#6078 = AXIS2_PLACEMENT_3D('',#6079,#6080,#6081);
#6079 = CARTESIAN_POINT('',(56.,10.3,-96.75));
#6080 = DIRECTION('',(0.,-1.,0.));
#6081 = DIRECTION('',(0.,0.,-1.));
#6082 = ORIENTED_EDGE('',*,*,#2744,.F.);
#6083 = CYLINDRICAL_SURFACE('',#6084,1.9);
#6084 = AXIS2_PLACEMENT_3D('',#6085,#6086,#6087);
#6085 = CARTESIAN_POINT('',(56.,10.3,-96.75));
#6086 = DIRECTION('',(0.,-1.,0.));
#6087 = DIRECTION('',(0.,0.,-1.));
#6088 = ADVANCED_FACE('',(#6089),#6094,.F.);
#6089 = FACE_BOUND('',#6090,.F.);
#6090 = EDGE_LOOP('',(#6091,#6092,#6093));
#6091 = ORIENTED_EDGE('',*,*,#6067,.T.);
#6092 = ORIENTED_EDGE('',*,*,#2736,.T.);
#6093 = ORIENTED_EDGE('',*,*,#6076,.T.);
#6094 = PLANE('',#6095);
#6095 = AXIS2_PLACEMENT_3D('',#6096,#6097,#6098);
#6096 = CARTESIAN_POINT('',(0.,10.3,-44.65));
#6097 = DIRECTION('',(0.,-1.,0.));
#6098 = DIRECTION('',(0.,0.,1.));
#6099 = ADVANCED_FACE('',(#6100),#6104,.F.);
#6100 = FACE_BOUND('',#6101,.F.);
#6101 = EDGE_LOOP('',(#6102,#6103));
#6102 = ORIENTED_EDGE('',*,*,#6059,.F.);
#6103 = ORIENTED_EDGE('',*,*,#2752,.T.);
#6104 = PLANE('',#6105);
#6105 = AXIS2_PLACEMENT_3D('',#6106,#6107,#6108);
#6106 = CARTESIAN_POINT('',(13.099596231494,18.53,-67.6004037685));
#6107 = DIRECTION('',(0.,1.,-2.4E-16));
#6108 = DIRECTION('',(0.,2.4E-16,1.));
#6109 = ADVANCED_FACE('',(#6110),#6126,.F.);
#6110 = FACE_BOUND('',#6111,.F.);
#6111 = EDGE_LOOP('',(#6112,#6113,#6119,#6120));
#6112 = ORIENTED_EDGE('',*,*,#2760,.F.);
#6113 = ORIENTED_EDGE('',*,*,#6114,.T.);
#6114 = EDGE_CURVE('',#2761,#3201,#6115,.T.);
#6115 = LINE('',#6116,#6117);
#6116 = CARTESIAN_POINT('',(14.15,7.3,-95.));
#6117 = VECTOR('',#6118,1.);
#6118 = DIRECTION('',(0.,0.,1.));
#6119 = ORIENTED_EDGE('',*,*,#3200,.T.);
#6120 = ORIENTED_EDGE('',*,*,#6121,.T.);
#6121 = EDGE_CURVE('',#3203,#2763,#6122,.T.);
#6122 = LINE('',#6123,#6124);
#6123 = CARTESIAN_POINT('',(14.15,10.3,-93.));
#6124 = VECTOR('',#6125,1.);
#6125 = DIRECTION('',(0.,0.,-1.));
#6126 = PLANE('',#6127);
#6127 = AXIS2_PLACEMENT_3D('',#6128,#6129,#6130);
#6128 = CARTESIAN_POINT('',(14.15,7.3,-95.));
#6129 = DIRECTION('',(-1.,0.,0.));
#6130 = DIRECTION('',(0.,1.,0.));
#6131 = ADVANCED_FACE('',(#6132),#6143,.F.);
#6132 = FACE_BOUND('',#6133,.F.);
#6133 = EDGE_LOOP('',(#6134,#6140,#6141,#6142));
#6134 = ORIENTED_EDGE('',*,*,#6135,.T.);
#6135 = EDGE_CURVE('',#2771,#3219,#6136,.T.);
#6136 = LINE('',#6137,#6138);
#6137 = CARTESIAN_POINT('',(14.2,7.3,-95.));
#6138 = VECTOR('',#6139,1.);
#6139 = DIRECTION('',(0.,0.,1.));
#6140 = ORIENTED_EDGE('',*,*,#3226,.T.);
#6141 = ORIENTED_EDGE('',*,*,#6114,.F.);
#6142 = ORIENTED_EDGE('',*,*,#2770,.F.);
#6143 = PLANE('',#6144);
#6144 = AXIS2_PLACEMENT_3D('',#6145,#6146,#6147);
#6145 = CARTESIAN_POINT('',(24.15,7.3,-95.));
#6146 = DIRECTION('',(0.,-1.,0.));
#6147 = DIRECTION('',(-1.,0.,0.));
#6148 = ADVANCED_FACE('',(#6149),#6160,.T.);
#6149 = FACE_BOUND('',#6150,.F.);
#6150 = EDGE_LOOP('',(#6151,#6157,#6158,#6159));
#6151 = ORIENTED_EDGE('',*,*,#6152,.T.);
#6152 = EDGE_CURVE('',#2779,#3211,#6153,.T.);
#6153 = LINE('',#6154,#6155);
#6154 = CARTESIAN_POINT('',(14.2,10.3,-95.));
#6155 = VECTOR('',#6156,1.);
#6156 = DIRECTION('',(0.,0.,1.));
#6157 = ORIENTED_EDGE('',*,*,#3218,.F.);
#6158 = ORIENTED_EDGE('',*,*,#6135,.F.);
#6159 = ORIENTED_EDGE('',*,*,#2778,.T.);
#6160 = PLANE('',#6161);
#6161 = AXIS2_PLACEMENT_3D('',#6162,#6163,#6164);
#6162 = CARTESIAN_POINT('',(14.2,7.3,-95.));
#6163 = DIRECTION('',(-1.,0.,0.));
#6164 = DIRECTION('',(0.,1.,0.));
#6165 = ADVANCED_FACE('',(#6166),#6172,.F.);
#6166 = FACE_BOUND('',#6167,.F.);
#6167 = EDGE_LOOP('',(#6168,#6169,#6170,#6171));
#6168 = ORIENTED_EDGE('',*,*,#6121,.F.);
#6169 = ORIENTED_EDGE('',*,*,#3210,.T.);
#6170 = ORIENTED_EDGE('',*,*,#6152,.F.);
#6171 = ORIENTED_EDGE('',*,*,#2786,.F.);
#6172 = PLANE('',#6173);
#6173 = AXIS2_PLACEMENT_3D('',#6174,#6175,#6176);
#6174 = CARTESIAN_POINT('',(62.,10.3,-95.));
#6175 = DIRECTION('',(0.,1.,0.));
#6176 = DIRECTION('',(0.,0.,1.));
#6177 = ADVANCED_FACE('',(#6178),#6194,.F.);
#6178 = FACE_BOUND('',#6179,.F.);
#6179 = EDGE_LOOP('',(#6180,#6181,#6187,#6188));
#6180 = ORIENTED_EDGE('',*,*,#3234,.T.);
#6181 = ORIENTED_EDGE('',*,*,#6182,.F.);
#6182 = EDGE_CURVE('',#2797,#3237,#6183,.T.);
#6183 = LINE('',#6184,#6185);
#6184 = CARTESIAN_POINT('',(47.6,7.3,-95.));
#6185 = VECTOR('',#6186,1.);
#6186 = DIRECTION('',(0.,0.,1.));
#6187 = ORIENTED_EDGE('',*,*,#2794,.F.);
#6188 = ORIENTED_EDGE('',*,*,#6189,.T.);
#6189 = EDGE_CURVE('',#2795,#3235,#6190,.T.);
#6190 = LINE('',#6191,#6192);
#6191 = CARTESIAN_POINT('',(47.65,7.3,-95.));
#6192 = VECTOR('',#6193,1.);
#6193 = DIRECTION('',(0.,0.,1.));
#6194 = PLANE('',#6195);
#6195 = AXIS2_PLACEMENT_3D('',#6196,#6197,#6198);
#6196 = CARTESIAN_POINT('',(47.65,7.3,-95.));
#6197 = DIRECTION('',(0.,-1.,0.));
#6198 = DIRECTION('',(-1.,0.,0.));
#6199 = ADVANCED_FACE('',(#6200),#6211,.F.);
#6200 = FACE_BOUND('',#6201,.F.);
#6201 = EDGE_LOOP('',(#6202,#6203,#6209,#6210));
#6202 = ORIENTED_EDGE('',*,*,#2804,.F.);
#6203 = ORIENTED_EDGE('',*,*,#6204,.F.);
#6204 = EDGE_CURVE('',#3253,#2805,#6205,.T.);
#6205 = LINE('',#6206,#6207);
#6206 = CARTESIAN_POINT('',(47.65,10.3,-93.));
#6207 = VECTOR('',#6208,1.);
#6208 = DIRECTION('',(0.,0.,-1.));
#6209 = ORIENTED_EDGE('',*,*,#3260,.T.);
#6210 = ORIENTED_EDGE('',*,*,#6189,.F.);
#6211 = PLANE('',#6212);
#6212 = AXIS2_PLACEMENT_3D('',#6213,#6214,#6215);
#6213 = CARTESIAN_POINT('',(47.65,10.3,-95.));
#6214 = DIRECTION('',(1.,0.,0.));
#6215 = DIRECTION('',(0.,-1.,0.));
#6216 = ADVANCED_FACE('',(#6217),#6228,.F.);
#6217 = FACE_BOUND('',#6218,.F.);
#6218 = EDGE_LOOP('',(#6219,#6220,#6221,#6222));
#6219 = ORIENTED_EDGE('',*,*,#3252,.T.);
#6220 = ORIENTED_EDGE('',*,*,#6204,.T.);
#6221 = ORIENTED_EDGE('',*,*,#2812,.T.);
#6222 = ORIENTED_EDGE('',*,*,#6223,.T.);
#6223 = EDGE_CURVE('',#2813,#3245,#6224,.T.);
#6224 = LINE('',#6225,#6226);
#6225 = CARTESIAN_POINT('',(47.6,10.3,-95.));
#6226 = VECTOR('',#6227,1.);
#6227 = DIRECTION('',(0.,0.,1.));
#6228 = PLANE('',#6229);
#6229 = AXIS2_PLACEMENT_3D('',#6230,#6231,#6232);
#6230 = CARTESIAN_POINT('',(62.,10.3,-95.));
#6231 = DIRECTION('',(0.,1.,0.));
#6232 = DIRECTION('',(0.,0.,1.));
#6233 = ADVANCED_FACE('',(#6234),#6240,.T.);
#6234 = FACE_BOUND('',#6235,.F.);
#6235 = EDGE_LOOP('',(#6236,#6237,#6238,#6239));
#6236 = ORIENTED_EDGE('',*,*,#6223,.F.);
#6237 = ORIENTED_EDGE('',*,*,#2820,.T.);
#6238 = ORIENTED_EDGE('',*,*,#6182,.T.);
#6239 = ORIENTED_EDGE('',*,*,#3244,.F.);
#6240 = PLANE('',#6241);
#6241 = AXIS2_PLACEMENT_3D('',#6242,#6243,#6244);
#6242 = CARTESIAN_POINT('',(47.6,13.15,-95.));
#6243 = DIRECTION('',(1.,0.,0.));
#6244 = DIRECTION('',(0.,-1.,0.));
#6245 = ADVANCED_FACE('',(#6246),#6271,.F.);
#6246 = FACE_BOUND('',#6247,.F.);
#6247 = EDGE_LOOP('',(#6248,#6258,#6264,#6265));
#6248 = ORIENTED_EDGE('',*,*,#6249,.T.);
#6249 = EDGE_CURVE('',#6250,#6252,#6254,.T.);
#6250 = VERTEX_POINT('',#6251);
#6251 = CARTESIAN_POINT('',(1.,5.18,-70.15));
#6252 = VERTEX_POINT('',#6253);
#6253 = CARTESIAN_POINT('',(1.,5.18,-49.15));
#6254 = LINE('',#6255,#6256);
#6255 = CARTESIAN_POINT('',(1.,5.18,-70.15));
#6256 = VECTOR('',#6257,1.);
#6257 = DIRECTION('',(0.,0.,1.));
#6258 = ORIENTED_EDGE('',*,*,#6259,.F.);
#6259 = EDGE_CURVE('',#2889,#6252,#6260,.T.);
#6260 = LINE('',#6261,#6262);
#6261 = CARTESIAN_POINT('',(0.,5.18,-49.15));
#6262 = VECTOR('',#6263,1.);
#6263 = DIRECTION('',(1.,0.,0.));
#6264 = ORIENTED_EDGE('',*,*,#2886,.F.);
#6265 = ORIENTED_EDGE('',*,*,#6266,.T.);
#6266 = EDGE_CURVE('',#2887,#6250,#6267,.T.);
#6267 = LINE('',#6268,#6269);
#6268 = CARTESIAN_POINT('',(0.,5.18,-70.15));
#6269 = VECTOR('',#6270,1.);
#6270 = DIRECTION('',(1.,0.,0.));
#6271 = PLANE('',#6272);
#6272 = AXIS2_PLACEMENT_3D('',#6273,#6274,#6275);
#6273 = CARTESIAN_POINT('',(0.,5.18,-70.15));
#6274 = DIRECTION('',(0.,-1.,0.));
#6275 = DIRECTION('',(0.,0.,1.));
#6276 = ADVANCED_FACE('',(#6277),#6295,.T.);
#6277 = FACE_BOUND('',#6278,.T.);
#6278 = EDGE_LOOP('',(#6279,#6287,#6293,#6294));
#6279 = ORIENTED_EDGE('',*,*,#6280,.F.);
#6280 = EDGE_CURVE('',#6281,#6250,#6283,.T.);
#6281 = VERTEX_POINT('',#6282);
#6282 = CARTESIAN_POINT('',(1.,16.23,-70.15));
#6283 = LINE('',#6284,#6285);
#6284 = CARTESIAN_POINT('',(1.,10.3,-70.15));
#6285 = VECTOR('',#6286,1.);
#6286 = DIRECTION('',(0.,-1.,0.));
#6287 = ORIENTED_EDGE('',*,*,#6288,.F.);
#6288 = EDGE_CURVE('',#2897,#6281,#6289,.T.);
#6289 = LINE('',#6290,#6291);
#6290 = CARTESIAN_POINT('',(0.,16.23,-70.15));
#6291 = VECTOR('',#6292,1.);
#6292 = DIRECTION('',(1.,0.,0.));
#6293 = ORIENTED_EDGE('',*,*,#2896,.T.);
#6294 = ORIENTED_EDGE('',*,*,#6266,.T.);
#6295 = PLANE('',#6296);
#6296 = AXIS2_PLACEMENT_3D('',#6297,#6298,#6299);
#6297 = CARTESIAN_POINT('',(0.5,10.705,-70.15));
#6298 = DIRECTION('',(0.,0.,1.));
#6299 = DIRECTION('',(1.,0.,0.));
#6300 = ADVANCED_FACE('',(#6301),#6319,.T.);
#6301 = FACE_BOUND('',#6302,.F.);
#6302 = EDGE_LOOP('',(#6303,#6311,#6317,#6318));
#6303 = ORIENTED_EDGE('',*,*,#6304,.F.);
#6304 = EDGE_CURVE('',#6305,#2905,#6307,.T.);
#6305 = VERTEX_POINT('',#6306);
#6306 = CARTESIAN_POINT('',(1.,16.23,-49.15));
#6307 = LINE('',#6308,#6309);
#6308 = CARTESIAN_POINT('',(1.,16.23,-49.15));
#6309 = VECTOR('',#6310,1.);
#6310 = DIRECTION('',(-1.,0.,0.));
#6311 = ORIENTED_EDGE('',*,*,#6312,.T.);
#6312 = EDGE_CURVE('',#6305,#6281,#6313,.T.);
#6313 = LINE('',#6314,#6315);
#6314 = CARTESIAN_POINT('',(1.,16.23,-49.15));
#6315 = VECTOR('',#6316,1.);
#6316 = DIRECTION('',(0.,0.,-1.));
#6317 = ORIENTED_EDGE('',*,*,#6288,.F.);
#6318 = ORIENTED_EDGE('',*,*,#2904,.F.);
#6319 = PLANE('',#6320);
#6320 = AXIS2_PLACEMENT_3D('',#6321,#6322,#6323);
#6321 = CARTESIAN_POINT('',(62.,16.23,0.));
#6322 = DIRECTION('',(0.,-1.,0.));
#6323 = DIRECTION('',(0.,0.,-1.));
#6324 = ADVANCED_FACE('',(#6325),#6336,.T.);
#6325 = FACE_BOUND('',#6326,.T.);
#6326 = EDGE_LOOP('',(#6327,#6328,#6329,#6335));
#6327 = ORIENTED_EDGE('',*,*,#2912,.T.);
#6328 = ORIENTED_EDGE('',*,*,#6304,.F.);
#6329 = ORIENTED_EDGE('',*,*,#6330,.F.);
#6330 = EDGE_CURVE('',#6252,#6305,#6331,.T.);
#6331 = LINE('',#6332,#6333);
#6332 = CARTESIAN_POINT('',(1.,10.3,-49.15));
#6333 = VECTOR('',#6334,1.);
#6334 = DIRECTION('',(0.,1.,0.));
#6335 = ORIENTED_EDGE('',*,*,#6259,.F.);
#6336 = PLANE('',#6337);
#6337 = AXIS2_PLACEMENT_3D('',#6338,#6339,#6340);
#6338 = CARTESIAN_POINT('',(0.5,10.705,-49.15));
#6339 = DIRECTION('',(-0.,-0.,-1.));
#6340 = DIRECTION('',(-1.,0.,0.));
#6341 = ADVANCED_FACE('',(#6342),#6367,.F.);
#6342 = FACE_BOUND('',#6343,.F.);
#6343 = EDGE_LOOP('',(#6344,#6354,#6360,#6361));
#6344 = ORIENTED_EDGE('',*,*,#6345,.T.);
#6345 = EDGE_CURVE('',#6346,#6348,#6350,.T.);
#6346 = VERTEX_POINT('',#6347);
#6347 = CARTESIAN_POINT('',(1.,5.05,-87.05));
#6348 = VERTEX_POINT('',#6349);
#6349 = CARTESIAN_POINT('',(1.,5.05,-75.05));
#6350 = LINE('',#6351,#6352);
#6351 = CARTESIAN_POINT('',(1.,5.05,-87.05));
#6352 = VECTOR('',#6353,1.);
#6353 = DIRECTION('',(0.,0.,1.));
#6354 = ORIENTED_EDGE('',*,*,#6355,.F.);
#6355 = EDGE_CURVE('',#2923,#6348,#6356,.T.);
#6356 = LINE('',#6357,#6358);
#6357 = CARTESIAN_POINT('',(0.,5.05,-75.05));
#6358 = VECTOR('',#6359,1.);
#6359 = DIRECTION('',(1.,0.,0.));
#6360 = ORIENTED_EDGE('',*,*,#2920,.F.);
#6361 = ORIENTED_EDGE('',*,*,#6362,.T.);
#6362 = EDGE_CURVE('',#2921,#6346,#6363,.T.);
#6363 = LINE('',#6364,#6365);
#6364 = CARTESIAN_POINT('',(0.,5.05,-87.05));
#6365 = VECTOR('',#6366,1.);
#6366 = DIRECTION('',(1.,0.,0.));
#6367 = PLANE('',#6368);
#6368 = AXIS2_PLACEMENT_3D('',#6369,#6370,#6371);
#6369 = CARTESIAN_POINT('',(0.,5.05,-87.05));
#6370 = DIRECTION('',(0.,-1.,0.));
#6371 = DIRECTION('',(0.,0.,1.));
#6372 = ADVANCED_FACE('',(#6373),#6391,.T.);
#6373 = FACE_BOUND('',#6374,.T.);
#6374 = EDGE_LOOP('',(#6375,#6383,#6389,#6390));
#6375 = ORIENTED_EDGE('',*,*,#6376,.F.);
#6376 = EDGE_CURVE('',#6377,#6346,#6379,.T.);
#6377 = VERTEX_POINT('',#6378);
#6378 = CARTESIAN_POINT('',(1.,12.3,-87.05));
#6379 = LINE('',#6380,#6381);
#6380 = CARTESIAN_POINT('',(1.,10.3,-87.05));
#6381 = VECTOR('',#6382,1.);
#6382 = DIRECTION('',(0.,-1.,0.));
#6383 = ORIENTED_EDGE('',*,*,#6384,.F.);
#6384 = EDGE_CURVE('',#2931,#6377,#6385,.T.);
#6385 = LINE('',#6386,#6387);
#6386 = CARTESIAN_POINT('',(0.,12.3,-87.05));
#6387 = VECTOR('',#6388,1.);
#6388 = DIRECTION('',(1.,0.,0.));
#6389 = ORIENTED_EDGE('',*,*,#2930,.T.);
#6390 = ORIENTED_EDGE('',*,*,#6362,.T.);
#6391 = PLANE('',#6392);
#6392 = AXIS2_PLACEMENT_3D('',#6393,#6394,#6395);
#6393 = CARTESIAN_POINT('',(0.5,8.675,-87.05));
#6394 = DIRECTION('',(0.,0.,1.));
#6395 = DIRECTION('',(1.,0.,0.));
#6396 = ADVANCED_FACE('',(#6397),#6415,.F.);
#6397 = FACE_BOUND('',#6398,.F.);
#6398 = EDGE_LOOP('',(#6399,#6407,#6408,#6409));
#6399 = ORIENTED_EDGE('',*,*,#6400,.F.);
#6400 = EDGE_CURVE('',#6377,#6401,#6403,.T.);
#6401 = VERTEX_POINT('',#6402);
#6402 = CARTESIAN_POINT('',(1.,12.3,-75.05));
#6403 = LINE('',#6404,#6405);
#6404 = CARTESIAN_POINT('',(1.,12.3,-87.05));
#6405 = VECTOR('',#6406,1.);
#6406 = DIRECTION('',(0.,0.,1.));
#6407 = ORIENTED_EDGE('',*,*,#6384,.F.);
#6408 = ORIENTED_EDGE('',*,*,#2938,.F.);
#6409 = ORIENTED_EDGE('',*,*,#6410,.T.);
#6410 = EDGE_CURVE('',#2939,#6401,#6411,.T.);
#6411 = LINE('',#6412,#6413);
#6412 = CARTESIAN_POINT('',(0.,12.3,-75.05));
#6413 = VECTOR('',#6414,1.);
#6414 = DIRECTION('',(1.,0.,-1.421E-14));
#6415 = PLANE('',#6416);
#6416 = AXIS2_PLACEMENT_3D('',#6417,#6418,#6419);
#6417 = CARTESIAN_POINT('',(0.,12.3,-75.05));
#6418 = DIRECTION('',(0.,1.,0.));
#6419 = DIRECTION('',(0.,0.,-1.));
#6420 = ADVANCED_FACE('',(#6421),#6432,.T.);
#6421 = FACE_BOUND('',#6422,.T.);
#6422 = EDGE_LOOP('',(#6423,#6424,#6425,#6426));
#6423 = ORIENTED_EDGE('',*,*,#6355,.F.);
#6424 = ORIENTED_EDGE('',*,*,#2946,.T.);
#6425 = ORIENTED_EDGE('',*,*,#6410,.T.);
#6426 = ORIENTED_EDGE('',*,*,#6427,.T.);
#6427 = EDGE_CURVE('',#6401,#6348,#6428,.T.);
#6428 = LINE('',#6429,#6430);
#6429 = CARTESIAN_POINT('',(1.,12.3,-75.05));
#6430 = VECTOR('',#6431,1.);
#6431 = DIRECTION('',(0.,-1.,0.));
#6432 = PLANE('',#6433);
#6433 = AXIS2_PLACEMENT_3D('',#6434,#6435,#6436);
#6434 = CARTESIAN_POINT('',(0.5,8.675,-75.05));
#6435 = DIRECTION('',(-8.6E-16,-0.,-1.));
#6436 = DIRECTION('',(-1.,0.,8.6E-16));
#6437 = ADVANCED_FACE('',(#6438),#6466,.F.);
#6438 = FACE_BOUND('',#6439,.F.);
#6439 = EDGE_LOOP('',(#6440,#6451,#6456,#6457,#6458,#6459));
#6440 = ORIENTED_EDGE('',*,*,#6441,.T.);
#6441 = EDGE_CURVE('',#6442,#6444,#6446,.T.);
#6442 = VERTEX_POINT('',#6443);
#6443 = CARTESIAN_POINT('',(1.,10.3,-42.9));
#6444 = VERTEX_POINT('',#6445);
#6445 = CARTESIAN_POINT('',(1.,10.3,-33.4));
#6446 = CIRCLE('',#6447,4.75);
#6447 = AXIS2_PLACEMENT_3D('',#6448,#6449,#6450);
#6448 = CARTESIAN_POINT('',(1.,10.3,-38.15));
#6449 = DIRECTION('',(-1.,0.,0.));
#6450 = DIRECTION('',(0.,0.,-1.));
#6451 = ORIENTED_EDGE('',*,*,#6452,.T.);
#6452 = EDGE_CURVE('',#6444,#2957,#6453,.T.);
#6453 = B_SPLINE_CURVE_WITH_KNOTS('',1,(#6454,#6455),.UNSPECIFIED.,.F.,
  .F.,(2,2),(-1.,0.),.PIECEWISE_BEZIER_KNOTS.);
#6454 = CARTESIAN_POINT('',(1.,10.3,-33.4));
#6455 = CARTESIAN_POINT('',(0.,10.3,-33.4));
#6456 = ORIENTED_EDGE('',*,*,#2954,.F.);
#6457 = ORIENTED_EDGE('',*,*,#2965,.F.);
#6458 = ORIENTED_EDGE('',*,*,#6452,.F.);
#6459 = ORIENTED_EDGE('',*,*,#6460,.T.);
#6460 = EDGE_CURVE('',#6444,#6442,#6461,.T.);
#6461 = CIRCLE('',#6462,4.75);
#6462 = AXIS2_PLACEMENT_3D('',#6463,#6464,#6465);
#6463 = CARTESIAN_POINT('',(1.,10.3,-38.15));
#6464 = DIRECTION('',(-1.,0.,0.));
#6465 = DIRECTION('',(0.,0.,1.));
#6466 = CYLINDRICAL_SURFACE('',#6467,4.75);
#6467 = AXIS2_PLACEMENT_3D('',#6468,#6469,#6470);
#6468 = CARTESIAN_POINT('',(0.,10.3,-38.15));
#6469 = DIRECTION('',(-1.,0.,0.));
#6470 = DIRECTION('',(0.,0.,1.));
#6471 = ADVANCED_FACE('',(#6472),#6491,.F.);
#6472 = FACE_BOUND('',#6473,.T.);
#6473 = EDGE_LOOP('',(#6474,#6475,#6483,#6490));
#6474 = ORIENTED_EDGE('',*,*,#3401,.T.);
#6475 = ORIENTED_EDGE('',*,*,#6476,.T.);
#6476 = EDGE_CURVE('',#3394,#6477,#6479,.T.);
#6477 = VERTEX_POINT('',#6478);
#6478 = CARTESIAN_POINT('',(145.75,64.,-91.));
#6479 = LINE('',#6480,#6481);
#6480 = CARTESIAN_POINT('',(148.,64.,-91.));
#6481 = VECTOR('',#6482,1.);
#6482 = DIRECTION('',(-1.,0.,0.));
#6483 = ORIENTED_EDGE('',*,*,#6484,.F.);
#6484 = EDGE_CURVE('',#2982,#6477,#6485,.T.);
#6485 = CIRCLE('',#6486,2.);
#6486 = AXIS2_PLACEMENT_3D('',#6487,#6488,#6489);
#6487 = CARTESIAN_POINT('',(145.75,62.,-91.));
#6488 = DIRECTION('',(1.,-0.,0.));
#6489 = DIRECTION('',(0.,0.,-1.));
#6490 = ORIENTED_EDGE('',*,*,#2981,.F.);
#6491 = CYLINDRICAL_SURFACE('',#6492,2.);
#6492 = AXIS2_PLACEMENT_3D('',#6493,#6494,#6495);
#6493 = CARTESIAN_POINT('',(148.,62.,-91.));
#6494 = DIRECTION('',(-1.,0.,0.));
#6495 = DIRECTION('',(0.,0.,-1.));
#6496 = ADVANCED_FACE('',(#6497),#6521,.T.);
#6497 = FACE_BOUND('',#6498,.T.);
#6498 = EDGE_LOOP('',(#6499,#6500,#6514,#6520));
#6499 = ORIENTED_EDGE('',*,*,#6484,.T.);
#6500 = ORIENTED_EDGE('',*,*,#6501,.T.);
#6501 = EDGE_CURVE('',#6477,#6502,#6504,.T.);
#6502 = VERTEX_POINT('',#6503);
#6503 = CARTESIAN_POINT('',(144.25,64.,-91.));
#6504 = ( BOUNDED_CURVE() B_SPLINE_CURVE(8,(#6505,#6506,#6507,#6508,
    #6509,#6510,#6511,#6512,#6513),.UNSPECIFIED.,.F.,.F.) 
B_SPLINE_CURVE_WITH_KNOTS((9,9),(2.25,3.75),.PIECEWISE_BEZIER_KNOTS.) 
CURVE() GEOMETRIC_REPRESENTATION_ITEM() RATIONAL_B_SPLINE_CURVE((1.,1.,
1.,1.,1.,1.,1.,1.,1.)) REPRESENTATION_ITEM('') );
#6505 = CARTESIAN_POINT('',(145.75,64.,-91.));
#6506 = CARTESIAN_POINT('',(145.5625,64.,-91.140625));
#6507 = CARTESIAN_POINT('',(145.375,64.,-91.21860697218));
#6508 = CARTESIAN_POINT('',(145.1875,64.,-91.26777564946));
#6509 = CARTESIAN_POINT('',(145.,64.,-91.27881015871));
#6510 = CARTESIAN_POINT('',(144.8125,64.,-91.26777564946));
#6511 = CARTESIAN_POINT('',(144.625,64.,-91.21860697218));
#6512 = CARTESIAN_POINT('',(144.4375,64.,-91.140625));
#6513 = CARTESIAN_POINT('',(144.25,64.,-91.));
#6514 = ORIENTED_EDGE('',*,*,#6515,.F.);
#6515 = EDGE_CURVE('',#2990,#6502,#6516,.T.);
#6516 = ( BOUNDED_CURVE() B_SPLINE_CURVE(2,(#6517,#6518,#6519),
.UNSPECIFIED.,.F.,.F.) B_SPLINE_CURVE_WITH_KNOTS((3,3),(0.,1.5),
.PIECEWISE_BEZIER_KNOTS.) CURVE() GEOMETRIC_REPRESENTATION_ITEM() 
RATIONAL_B_SPLINE_CURVE((1.,0.707106781187,1.)) REPRESENTATION_ITEM('') 
  );
#6517 = CARTESIAN_POINT('',(144.25,62.,-93.));
#6518 = CARTESIAN_POINT('',(144.25,64.,-93.));
#6519 = CARTESIAN_POINT('',(144.25,64.,-91.));
#6520 = ORIENTED_EDGE('',*,*,#2989,.F.);
#6521 = ( BOUNDED_SURFACE() B_SPLINE_SURFACE(2,8,(
    (#6522,#6523,#6524,#6525,#6526,#6527,#6528,#6529,#6530)
    ,(#6531,#6532,#6533,#6534,#6535,#6536,#6537,#6538,#6539)
    ,(#6540,#6541,#6542,#6543,#6544,#6545,#6546,#6547,#6548
)),.UNSPECIFIED.,.F.,.F.,.F.) B_SPLINE_SURFACE_WITH_KNOTS((3,3),(9,9),(
    0.,1.5),(2.25,3.75),.PIECEWISE_BEZIER_KNOTS.) 
GEOMETRIC_REPRESENTATION_ITEM() RATIONAL_B_SPLINE_SURFACE((
    (1.,1.,1.,1.,1.,1.,1.,1.,1.)
    ,(0.707106781187,0.731966003963,0.74476096418,0.753081455647
      ,0.754607029963,0.753081455647,0.74476096418,0.731966003963
      ,0.707106781187)
,(1.,1.,1.,1.,1.,1.,1.,1.,1.))) REPRESENTATION_ITEM('') SURFACE() );
#6522 = CARTESIAN_POINT('',(145.75,62.,-93.));
#6523 = CARTESIAN_POINT('',(145.5625,62.,-93.));
#6524 = CARTESIAN_POINT('',(145.375,62.011228192724,-93.));
#6525 = CARTESIAN_POINT('',(145.1875,62.01681485935,-93.));
#6526 = CARTESIAN_POINT('',(144.99999999999,62.021484711781,-93.));
#6527 = CARTESIAN_POINT('',(144.8125,62.01681485935,-93.));
#6528 = CARTESIAN_POINT('',(144.625,62.011228192724,-93.));
#6529 = CARTESIAN_POINT('',(144.4375,62.,-93.));
#6530 = CARTESIAN_POINT('',(144.25,62.,-93.));
#6531 = CARTESIAN_POINT('',(145.75,64.,-93.));
#6532 = CARTESIAN_POINT('',(145.56886792452,63.864150943396,-93.));
#6533 = CARTESIAN_POINT('',(145.37977414053,63.803118168415,-93.));
#6534 = CARTESIAN_POINT('',(145.19082096338,63.765009945851,-93.));
#6535 = CARTESIAN_POINT('',(144.99999999999,63.759400619609,
    -92.99999999999));
#6536 = CARTESIAN_POINT('',(144.80917903661,63.765009945851,-93.));
#6537 = CARTESIAN_POINT('',(144.62022585946,63.803118168415,-93.));
#6538 = CARTESIAN_POINT('',(144.43113207547,63.864150943396,-93.));
#6539 = CARTESIAN_POINT('',(144.25,64.,-93.));
#6540 = CARTESIAN_POINT('',(145.75,64.,-91.));
#6541 = CARTESIAN_POINT('',(145.5625,64.,-91.140625));
#6542 = CARTESIAN_POINT('',(145.375,64.,-91.21860697218));
#6543 = CARTESIAN_POINT('',(145.1875,64.,-91.26777564946));
#6544 = CARTESIAN_POINT('',(145.,64.,-91.27881015871));
#6545 = CARTESIAN_POINT('',(144.8125,64.,-91.26777564946));
#6546 = CARTESIAN_POINT('',(144.625,64.,-91.21860697218));
#6547 = CARTESIAN_POINT('',(144.4375,64.,-91.140625));
#6548 = CARTESIAN_POINT('',(144.25,64.,-91.));
#6549 = ADVANCED_FACE('',(#6550),#6573,.F.);
#6550 = FACE_BOUND('',#6551,.T.);
#6551 = EDGE_LOOP('',(#6552,#6553,#6561,#6572));
#6552 = ORIENTED_EDGE('',*,*,#6515,.T.);
#6553 = ORIENTED_EDGE('',*,*,#6554,.T.);
#6554 = EDGE_CURVE('',#6502,#6555,#6557,.T.);
#6555 = VERTEX_POINT('',#6556);
#6556 = CARTESIAN_POINT('',(144.,64.,-91.));
#6557 = LINE('',#6558,#6559);
#6558 = CARTESIAN_POINT('',(148.,64.,-91.));
#6559 = VECTOR('',#6560,1.);
#6560 = DIRECTION('',(-1.,0.,0.));
#6561 = ORIENTED_EDGE('',*,*,#6562,.F.);
#6562 = EDGE_CURVE('',#3004,#6555,#6563,.T.);
#6563 = B_SPLINE_CURVE_WITH_KNOTS('',7,(#6564,#6565,#6566,#6567,#6568,
    #6569,#6570,#6571),.UNSPECIFIED.,.F.,.F.,(8,8),(0.,1.),
  .PIECEWISE_BEZIER_KNOTS.);
#6564 = CARTESIAN_POINT('',(144.,62.,-93.));
#6565 = CARTESIAN_POINT('',(144.,62.448798950513,-93.));
#6566 = CARTESIAN_POINT('',(143.99999999999,62.897595729966,
    -92.88250222689));
#6567 = CARTESIAN_POINT('',(144.,63.309493881648,-92.6475254444));
#6568 = CARTESIAN_POINT('',(143.99999999999,63.647525444403,
    -92.30949388164));
#6569 = CARTESIAN_POINT('',(144.,63.882502226898,-91.89759572997));
#6570 = CARTESIAN_POINT('',(144.,64.,-91.44879895051));
#6571 = CARTESIAN_POINT('',(144.,64.,-91.));
#6572 = ORIENTED_EDGE('',*,*,#3003,.F.);
#6573 = CYLINDRICAL_SURFACE('',#6574,2.);
#6574 = AXIS2_PLACEMENT_3D('',#6575,#6576,#6577);
#6575 = CARTESIAN_POINT('',(148.,62.,-91.));
#6576 = DIRECTION('',(-1.,0.,0.));
#6577 = DIRECTION('',(0.,0.,-1.));
#6578 = ADVANCED_FACE('',(#6579),#6609,.T.);
#6579 = FACE_BOUND('',#6580,.T.);
#6580 = EDGE_LOOP('',(#6581,#6582,#6583));
#6581 = ORIENTED_EDGE('',*,*,#3011,.F.);
#6582 = ORIENTED_EDGE('',*,*,#6562,.T.);
#6583 = ORIENTED_EDGE('',*,*,#6584,.T.);
#6584 = EDGE_CURVE('',#6555,#3012,#6585,.T.);
#6585 = B_SPLINE_CURVE_WITH_KNOTS('',8,(#6586,#6587,#6588,#6589,#6590,
    #6591,#6592,#6593,#6594,#6595,#6596,#6597,#6598,#6599,#6600,#6601,
    #6602,#6603,#6604,#6605,#6606,#6607,#6608),.UNSPECIFIED.,.F.,.F.,(9,
    7,7,9),(0.,0.25,0.5,1.),.UNSPECIFIED.);
#6586 = CARTESIAN_POINT('',(144.,64.,-91.));
#6587 = CARTESIAN_POINT('',(143.90182522957,64.,-91.0625));
#6588 = CARTESIAN_POINT('',(143.80365045915,64.005507591742,
    -91.12499999999));
#6589 = CARTESIAN_POINT('',(143.70583615976,64.016522775225,-91.1875));
#6590 = CARTESIAN_POINT('',(143.60874280243,64.033017239122,
    -91.24999999999));
#6591 = CARTESIAN_POINT('',(143.5127280788,64.05493436077,-91.3125));
#6592 = CARTESIAN_POINT('',(143.41814412139,64.082189570025,
    -91.37499999999));
#6593 = CARTESIAN_POINT('',(143.32533479627,64.11467107686,
    -91.43749999999));
#6594 = CARTESIAN_POINT('',(143.14393147426,64.189810793096,
    -91.56249999999));
#6595 = CARTESIAN_POINT('',(143.05533743316,64.2324689328,
    -91.62499999999));
#6596 = CARTESIAN_POINT('',(142.9691841829,64.280077632256,-91.6875));
#6597 = CARTESIAN_POINT('',(142.88579382035,64.33247261074,
    -91.74999999999));
#6598 = CARTESIAN_POINT('',(142.80547506195,64.389464569709,-91.8125));
#6599 = CARTESIAN_POINT('',(142.72852093744,64.450840733758,
    -91.87499999999));
#6600 = CARTESIAN_POINT('',(142.65520648353,64.516366391719,
    -91.93749999999));
#6601 = CARTESIAN_POINT('',(142.4469463458,64.724626529445,
    -92.12499999999));
#6602 = CARTESIAN_POINT('',(142.3236841804,64.879044216387,
    -92.24999999999));
#6603 = CARTESIAN_POINT('',(142.2180385786,65.047001402367,-92.375));
#6604 = CARTESIAN_POINT('',(142.13172926262,65.22613692239,
    -92.49999999999));
#6605 = CARTESIAN_POINT('',(142.06609122426,65.413834765975,-92.625));
#6606 = CARTESIAN_POINT('',(142.02203028055,65.607301152555,-92.75));
#6607 = CARTESIAN_POINT('',(141.99999999999,65.803650459151,-92.875));
#6608 = CARTESIAN_POINT('',(142.,66.,-93.));
#6609 = B_SPLINE_SURFACE_WITH_KNOTS('',7,8,(
    (#6610,#6611,#6612,#6613,#6614,#6615,#6616,#6617,#6618,#6619,#6620
      ,#6621,#6622,#6623,#6624,#6625,#6626,#6627,#6628,#6629,#6630,#6631
      ,#6632)
    ,(#6633,#6634,#6635,#6636,#6637,#6638,#6639,#6640,#6641,#6642,#6643
      ,#6644,#6645,#6646,#6647,#6648,#6649,#6650,#6651,#6652,#6653,#6654
      ,#6655)
    ,(#6656,#6657,#6658,#6659,#6660,#6661,#6662,#6663,#6664,#6665,#6666
      ,#6667,#6668,#6669,#6670,#6671,#6672,#6673,#6674,#6675,#6676,#6677
      ,#6678)
    ,(#6679,#6680,#6681,#6682,#6683,#6684,#6685,#6686,#6687,#6688,#6689
      ,#6690,#6691,#6692,#6693,#6694,#6695,#6696,#6697,#6698,#6699,#6700
      ,#6701)
    ,(#6702,#6703,#6704,#6705,#6706,#6707,#6708,#6709,#6710,#6711,#6712
      ,#6713,#6714,#6715,#6716,#6717,#6718,#6719,#6720,#6721,#6722,#6723
      ,#6724)
    ,(#6725,#6726,#6727,#6728,#6729,#6730,#6731,#6732,#6733,#6734,#6735
      ,#6736,#6737,#6738,#6739,#6740,#6741,#6742,#6743,#6744,#6745,#6746
      ,#6747)
    ,(#6748,#6749,#6750,#6751,#6752,#6753,#6754,#6755,#6756,#6757,#6758
      ,#6759,#6760,#6761,#6762,#6763,#6764,#6765,#6766,#6767,#6768,#6769
      ,#6770)
    ,(#6771,#6772,#6773,#6774,#6775,#6776,#6777,#6778,#6779,#6780,#6781
      ,#6782,#6783,#6784,#6785,#6786,#6787,#6788,#6789,#6790,#6791,#6792
      ,#6793
    )),.UNSPECIFIED.,.F.,.F.,.F.,(8,8),(9,7,7,9),(0.,1.),(0.,0.25,0.5,1.
    ),.UNSPECIFIED.);
#6610 = CARTESIAN_POINT('',(144.,62.,-93.));
#6611 = CARTESIAN_POINT('',(143.8496423229,62.,-93.));
#6612 = CARTESIAN_POINT('',(143.70215927075,62.034355436851,-93.));
#6613 = CARTESIAN_POINT('',(143.55924708554,62.099429774304,-93.));
#6614 = CARTESIAN_POINT('',(143.43508438357,62.185522078229,-93.));
#6615 = CARTESIAN_POINT('',(143.31818804491,62.278540888347,-93.));
#6616 = CARTESIAN_POINT('',(143.21053159886,62.385671842536,-93.));
#6617 = CARTESIAN_POINT('',(143.1114240911,62.49738907522,-93.));
#6618 = CARTESIAN_POINT('',(142.92680880573,62.733073738627,-93.));
#6619 = CARTESIAN_POINT('',(142.84149849522,62.856521673336,
    -92.99999999999));
#6620 = CARTESIAN_POINT('',(142.76240759406,62.984056048774,-93.));
#6621 = CARTESIAN_POINT('',(142.68890077423,63.114720599784,
    -92.99999999999));
#6622 = CARTESIAN_POINT('',(142.62047384118,63.247958829579,-93.));
#6623 = CARTESIAN_POINT('',(142.5567422724,63.383450880984,
    -92.99999999999));
#6624 = CARTESIAN_POINT('',(142.497429756,63.520950407691,-93.));
#6625 = CARTESIAN_POINT('',(142.3322106761,63.938463521124,-93.));
#6626 = CARTESIAN_POINT('',(142.23896576572,64.223672955683,
    -92.99999999999));
#6627 = CARTESIAN_POINT('',(142.16120501728,64.513416899268,-93.));
#6628 = CARTESIAN_POINT('',(142.09826351307,64.806738571492,
    -92.99999999999));
#6629 = CARTESIAN_POINT('',(142.05007728607,65.102999645782,-93.));
#6630 = CARTESIAN_POINT('',(142.0170589397,65.401336816135,
    -92.99999999999));
#6631 = CARTESIAN_POINT('',(142.,65.700632546062,-93.));
#6632 = CARTESIAN_POINT('',(142.,66.,-93.));
#6633 = CARTESIAN_POINT('',(144.,62.448798950513,-93.));
#6634 = CARTESIAN_POINT('',(143.85709702385,62.443702554738,-93.));
#6635 = CARTESIAN_POINT('',(143.71665801195,62.468840475084,-93.));
#6636 = CARTESIAN_POINT('',(143.58018838186,62.521095680481,-93.));
#6637 = CARTESIAN_POINT('',(143.45989272913,62.592149040055,-93.));
#6638 = CARTESIAN_POINT('',(143.34597947832,62.669914070331,-93.));
#6639 = CARTESIAN_POINT('',(143.24019053065,62.760537808041,-93.));
#6640 = CARTESIAN_POINT('',(143.14198276327,62.855839255543,-93.));
#6641 = CARTESIAN_POINT('',(142.9578263298,63.058396134947,-93.));
#6642 = CARTESIAN_POINT('',(142.87204691493,63.165206274595,
    -92.99999999999));
#6643 = CARTESIAN_POINT('',(142.79194710675,63.276226300545,-93.));
#6644 = CARTESIAN_POINT('',(142.71702835225,63.390613088278,
    -92.99999999999));
#6645 = CARTESIAN_POINT('',(142.646902587,63.507862597892,-93.));
#6646 = CARTESIAN_POINT('',(142.58128208169,63.627670269615,
    -92.99999999999));
#6647 = CARTESIAN_POINT('',(142.5199692885,63.749791419297,-93.));
#6648 = CARTESIAN_POINT('',(142.34860148606,64.122122063162,-93.));
#6649 = CARTESIAN_POINT('',(142.25106839639,64.378454170797,
    -92.99999999999));
#6650 = CARTESIAN_POINT('',(142.16932409747,64.640607214602,-93.));
#6651 = CARTESIAN_POINT('',(142.10304433444,64.907423787821,
    -92.99999999999));
#6652 = CARTESIAN_POINT('',(142.05236499153,65.177983037601,-93.));
#6653 = CARTESIAN_POINT('',(142.01776913125,65.451145875867,
    -92.99999999999));
#6654 = CARTESIAN_POINT('',(142.,65.725542182339,-93.));
#6655 = CARTESIAN_POINT('',(142.,66.,-93.));
#6656 = CARTESIAN_POINT('',(143.99999999999,62.897595729966,
    -92.88250222689));
#6657 = CARTESIAN_POINT('',(143.8645517248,62.889721340034,
    -92.88517382131));
#6658 = CARTESIAN_POINT('',(143.73214343634,62.919913163877,
    -92.87032622746));
#6659 = CARTESIAN_POINT('',(143.6036292699,62.960642423575,
    -92.86639664618));
#6660 = CARTESIAN_POINT('',(143.48697198995,63.015259280028,
    -92.86378088483));
#6661 = CARTESIAN_POINT('',(143.37581002602,63.076126664496,
    -92.86238509911));
#6662 = CARTESIAN_POINT('',(143.27121445195,63.147103839079,
    -92.86211544476));
#6663 = CARTESIAN_POINT('',(143.17294836065,63.222992672456,
    -92.86287807749));
#6664 = CARTESIAN_POINT('',(142.98717286701,63.386138787308,
    -92.86628022855));
#6665 = CARTESIAN_POINT('',(142.89978079843,63.473115252167,
    -92.86891974687));
#6666 = CARTESIAN_POINT('',(142.81752253723,63.564611709543,
    -92.87240386373));
#6667 = CARTESIAN_POINT('',(142.74011561719,63.660034677165,
    -92.87663873481));
#6668 = CARTESIAN_POINT('',(142.66734843611,63.758993464921,
    -92.88153051587));
#6669 = CARTESIAN_POINT('',(142.59907171522,63.861213034342,
    -92.8869853626));
#6670 = CARTESIAN_POINT('',(142.53518995858,63.966446858127,
    -92.89290943073));
#6671 = CARTESIAN_POINT('',(142.35657882015,64.290275622615,
    -92.91180776648));
#6672 = CARTESIAN_POINT('',(142.25485075477,64.517096529096,
    -92.92590816546));
#6673 = CARTESIAN_POINT('',(142.17008735904,64.752593880908,
    -92.94075931869));
#6674 = CARTESIAN_POINT('',(142.10217524007,64.99508912209,
    -92.95561047191));
#6675 = CARTESIAN_POINT('',(142.05114118739,65.242952164464,
    -92.96971087089));
#6676 = CARTESIAN_POINT('',(142.0170602968,65.49435512356,-92.9823097614
    ));
#6677 = CARTESIAN_POINT('',(142.,65.764325849929,-92.97363569242));
#6678 = CARTESIAN_POINT('',(142.,66.,-93.));
#6679 = CARTESIAN_POINT('',(144.,63.309493881648,-92.6475254444));
#6680 = CARTESIAN_POINT('',(143.87200642576,63.300107288322,
    -92.65552365501));
#6681 = CARTESIAN_POINT('',(143.74671494087,63.314292785319,-92.65550112
    ));
#6682 = CARTESIAN_POINT('',(143.6246589837,63.342262358794,
    -92.66104300413));
#6683 = CARTESIAN_POINT('',(143.51273352471,63.382657404269,
    -92.66753082949));
#6684 = CARTESIAN_POINT('',(143.40545241316,63.429252010296,
    -92.67489702886));
#6685 = CARTESIAN_POINT('',(143.30363659175,63.485189118237,
    -92.683074035));
#6686 = CARTESIAN_POINT('',(143.20725617952,63.54621284756,
    -92.69199428069));
#6687 = CARTESIAN_POINT('',(143.02370378275,63.679641496399,
    -92.7111861167));
#6688 = CARTESIAN_POINT('',(142.93664416574,63.751817776172,
    -92.72145770701));
#6689 = CARTESIAN_POINT('',(142.85405168647,63.828706638867,
    -92.73233740242));
#6690 = CARTESIAN_POINT('',(142.77575125993,63.909786484831,
    -92.74375763566));
#6691 = CARTESIAN_POINT('',(142.70163273836,63.994693338106,
    -92.75565083954));
#6692 = CARTESIAN_POINT('',(142.63164148982,64.083150697293,
    -92.76794944679));
#6693 = CARTESIAN_POINT('',(142.56576897678,64.174899386475,
    -92.78058589021));
#6694 = CARTESIAN_POINT('',(142.38059205065,64.459083445298,
    -92.81930602723));
#6695 = CARTESIAN_POINT('',(142.27369803408,64.660538184596,
    -92.84620052761));
#6696 = CARTESIAN_POINT('',(142.18361885116,64.871628288976,
    -92.87363556585));
#6697 = CARTESIAN_POINT('',(142.11078368226,65.090378464813,
    -92.90107060408));
#6698 = CARTESIAN_POINT('',(142.05565189857,65.31479512545,
    -92.92796510446));
#6699 = CARTESIAN_POINT('',(142.01862329798,65.542699316386,
    -92.95377852914));
#6700 = CARTESIAN_POINT('',(142.,65.777186882279,-92.96886851895));
#6701 = CARTESIAN_POINT('',(142.,66.,-93.));
#6702 = CARTESIAN_POINT('',(143.99999999999,63.647525444403,
    -92.30949388164));
#6703 = CARTESIAN_POINT('',(143.87946112671,63.636177638412,
    -92.32648115294));
#6704 = CARTESIAN_POINT('',(143.76108910875,63.632345894693,
    -92.34912741417));
#6705 = CARTESIAN_POINT('',(143.64518877915,63.64814178497,
    -92.36933375398));
#6706 = CARTESIAN_POINT('',(143.53804087641,63.675692157424,
    -92.38977722552));
#6707 = CARTESIAN_POINT('',(143.43468697743,63.709675299893,
    -92.41044089079));
#6708 = CARTESIAN_POINT('',(143.33578573364,63.752749597272,
    -92.43130781182));
#6709 = CARTESIAN_POINT('',(143.24148261333,63.801255749723,
    -92.45236105064));
#6710 = CARTESIAN_POINT('',(143.06056889586,63.910081259885,
    -92.49480628787));
#6711 = CARTESIAN_POINT('',(142.97407044029,63.97020610035,
    -92.51619828629));
#6712 = CARTESIAN_POINT('',(142.89137365215,64.035361415809,
    -92.53774272653));
#6713 = CARTESIAN_POINT('',(142.81239496528,64.105052118485,
    -92.55942267061));
#6714 = CARTESIAN_POINT('',(142.73711361995,64.178910697575,
    -92.58122118055));
#6715 = CARTESIAN_POINT('',(142.66556129956,64.256638273542,
    -92.60312131837));
#6716 = CARTESIAN_POINT('',(142.59781176745,64.337945652496,
    -92.62510614609));
#6717 = CARTESIAN_POINT('',(142.40628797631,64.591591836478,
    -92.69126388501));
#6718 = CARTESIAN_POINT('',(142.29420936783,64.773724942763,
    -92.73564005198));
#6719 = CARTESIAN_POINT('',(142.198621507,64.966283080855,
    -92.78015172278));
#6720 = CARTESIAN_POINT('',(142.1205221076,65.166913760653,
    -92.82466339359));
#6721 = CARTESIAN_POINT('',(142.06086491167,65.373200675459,
    -92.86903956056));
#6722 = CARTESIAN_POINT('',(142.02047010435,65.582551840226,
    -92.91314471984));
#6723 = CARTESIAN_POINT('',(142.,65.783195991748,-92.96223134986));
#6724 = CARTESIAN_POINT('',(142.,66.,-93.));
#6725 = CARTESIAN_POINT('',(144.,63.882502226898,-91.89759572997));
#6726 = CARTESIAN_POINT('',(143.88691582767,63.871128293733,
    -91.92938648056));
#6727 = CARTESIAN_POINT('',(143.77532822666,63.855608792553,
    -91.97735628919));
#6728 = CARTESIAN_POINT('',(143.6654244067,63.863152172521,
    -92.0160356711));
#6729 = CARTESIAN_POINT('',(143.56264454198,63.881620332488,
    -92.05398407178));
#6730 = CARTESIAN_POINT('',(143.46279215342,63.906651721473,
    -92.0912537042));
#6731 = CARTESIAN_POINT('',(143.36641677259,63.940387440985,
    -92.12789678128));
#6732 = CARTESIAN_POINT('',(143.27379378129,63.979805776551,
    -92.16396551599));
#6733 = CARTESIAN_POINT('',(143.09484441183,64.070692203694,
    -92.23505872651));
#6734 = CARTESIAN_POINT('',(143.00862069466,64.122001886777,
    -92.27008320233));
#6735 = CARTESIAN_POINT('',(142.92559720777,64.178575235028,
    -92.30463776166));
#6736 = CARTESIAN_POINT('',(142.84578866959,64.239954147326,
    -92.33877461743));
#6737 = CARTESIAN_POINT('',(142.76926501301,64.305777856034,
    -92.3725459826));
#6738 = CARTESIAN_POINT('',(142.69614114423,64.375735557189,
    -92.4060040701));
#6739 = CARTESIAN_POINT('',(142.62656670154,64.449519040782,
    -92.43920109289));
#6740 = CARTESIAN_POINT('',(142.42901403931,64.6812878813,-92.5381656059
    ));
#6741 = CARTESIAN_POINT('',(142.3121804045,64.849749542053,
    -92.60330654081));
#6742 = CARTESIAN_POINT('',(142.21165353874,65.029404779348,
    -92.66802977217));
#6743 = CARTESIAN_POINT('',(142.1289117141,65.21763198202,
    -92.73275300353));
#6744 = CARTESIAN_POINT('',(142.06531757287,65.411703247827,
    -92.79789393844));
#6745 = CARTESIAN_POINT('',(142.02203240851,65.608720474068,
    -92.86387028045));
#6746 = CARTESIAN_POINT('',(141.99999999999,65.786707045963,
    -92.94811419825));
#6747 = CARTESIAN_POINT('',(142.,66.,-93.));
#6748 = CARTESIAN_POINT('',(144.,64.,-91.44879895051));
#6749 = CARTESIAN_POINT('',(143.89437052862,63.992987516398,
    -91.4972739833));
#6750 = CARTESIAN_POINT('',(143.79014887781,63.993322038189,
    -91.5457490161));
#6751 = CARTESIAN_POINT('',(143.68727712222,64.000663177248,
    -91.5942240489));
#6752 = CARTESIAN_POINT('',(143.58740806444,64.014762472627,
    -91.64269908169));
#6753 = CARTESIAN_POINT('',(143.48954827882,64.034843003813,
    -91.69117411449));
#6754 = CARTESIAN_POINT('',(143.39385849217,64.061193380357,
    -91.73964914729));
#6755 = CARTESIAN_POINT('',(143.30076607685,64.093202631202,
    -91.78812418008));
#6756 = CARTESIAN_POINT('',(143.1196801495,64.168388810757,
    -91.88507424568));
#6757 = CARTESIAN_POINT('',(143.03172835228,64.211539670372,
    -91.93354927847));
#6758 = CARTESIAN_POINT('',(142.94656145104,64.260010629287,
    -91.98202431127));
#6759 = CARTESIAN_POINT('',(142.86439205765,64.313560644659,
    -92.03049934406));
#6760 = CARTESIAN_POINT('',(142.78544504372,64.371939564627,
    -92.07897437686));
#6761 = CARTESIAN_POINT('',(142.70995091791,64.434882391499,
    -92.12744940966));
#6762 = CARTESIAN_POINT('',(142.63813920338,64.502103545066,
    -92.17592444245));
#6763 = CARTESIAN_POINT('',(142.43441703837,64.715666287271,
    -92.32134954084));
#6764 = CARTESIAN_POINT('',(142.31421027763,64.873918233957,
    -92.41829960644));
#6765 = CARTESIAN_POINT('',(142.21141787955,65.045540852645,
    -92.51524967203));
#6766 = CARTESIAN_POINT('',(142.12760494834,65.227744279841,
    -92.61219973762));
#6767 = CARTESIAN_POINT('',(142.06397766876,65.417492847499,
    -92.70914980322));
#6768 = CARTESIAN_POINT('',(142.02132218004,65.611587224944,
    -92.80609986881));
#6769 = CARTESIAN_POINT('',(141.99999999999,65.806790757281,
    -92.9030499344));
#6770 = CARTESIAN_POINT('',(142.,66.,-93.));
#6771 = CARTESIAN_POINT('',(144.,64.,-91.));
#6772 = CARTESIAN_POINT('',(143.90182522957,64.,-91.0625));
#6773 = CARTESIAN_POINT('',(143.80365045915,64.005507591742,
    -91.12499999999));
#6774 = CARTESIAN_POINT('',(143.70583615976,64.016522775225,-91.1875));
#6775 = CARTESIAN_POINT('',(143.60874280243,64.033017239122,
    -91.24999999999));
#6776 = CARTESIAN_POINT('',(143.5127280788,64.05493436077,-91.3125));
#6777 = CARTESIAN_POINT('',(143.41814412139,64.082189570025,
    -91.37499999999));
#6778 = CARTESIAN_POINT('',(143.32533479627,64.11467107686,
    -91.43749999999));
#6779 = CARTESIAN_POINT('',(143.14393147426,64.189810793096,
    -91.56249999999));
#6780 = CARTESIAN_POINT('',(143.05533743316,64.2324689328,
    -91.62499999999));
#6781 = CARTESIAN_POINT('',(142.9691841829,64.280077632256,-91.6875));
#6782 = CARTESIAN_POINT('',(142.88579382035,64.33247261074,
    -91.74999999999));
#6783 = CARTESIAN_POINT('',(142.80547506195,64.389464569709,-91.8125));
#6784 = CARTESIAN_POINT('',(142.72852093744,64.450840733758,
    -91.87499999999));
#6785 = CARTESIAN_POINT('',(142.65520648353,64.516366391719,
    -91.93749999999));
#6786 = CARTESIAN_POINT('',(142.4469463458,64.724626529445,
    -92.12499999999));
#6787 = CARTESIAN_POINT('',(142.3236841804,64.879044216387,
    -92.24999999999));
#6788 = CARTESIAN_POINT('',(142.2180385786,65.047001402367,-92.375));
#6789 = CARTESIAN_POINT('',(142.13172926262,65.22613692239,
    -92.49999999999));
#6790 = CARTESIAN_POINT('',(142.06609122426,65.413834765975,-92.625));
#6791 = CARTESIAN_POINT('',(142.02203028055,65.607301152555,-92.75));
#6792 = CARTESIAN_POINT('',(141.99999999999,65.803650459151,-92.875));
#6793 = CARTESIAN_POINT('',(142.,66.,-93.));
#6794 = ADVANCED_FACE('',(#6795),#6845,.F.);
#6795 = FACE_BOUND('',#6796,.F.);
#6796 = EDGE_LOOP('',(#6797,#6798,#6806,#6814,#6826,#6838,#6844));
#6797 = ORIENTED_EDGE('',*,*,#4031,.T.);
#6798 = ORIENTED_EDGE('',*,*,#6799,.T.);
#6799 = EDGE_CURVE('',#4032,#6800,#6802,.T.);
#6800 = VERTEX_POINT('',#6801);
#6801 = CARTESIAN_POINT('',(142.,66.,-89.));
#6802 = LINE('',#6803,#6804);
#6803 = CARTESIAN_POINT('',(142.,72.,-89.));
#6804 = VECTOR('',#6805,1.);
#6805 = DIRECTION('',(0.,-1.,0.));
#6806 = ORIENTED_EDGE('',*,*,#6807,.T.);
#6807 = EDGE_CURVE('',#6800,#6808,#6810,.T.);
#6808 = VERTEX_POINT('',#6809);
#6809 = CARTESIAN_POINT('',(142.,66.,-89.25));
#6810 = LINE('',#6811,#6812);
#6811 = CARTESIAN_POINT('',(142.,66.,-87.));
#6812 = VECTOR('',#6813,1.);
#6813 = DIRECTION('',(0.,0.,-1.));
#6814 = ORIENTED_EDGE('',*,*,#6815,.T.);
#6815 = EDGE_CURVE('',#6808,#6816,#6818,.T.);
#6816 = VERTEX_POINT('',#6817);
#6817 = CARTESIAN_POINT('',(142.,65.984313483299,-90.));
#6818 = ( BOUNDED_CURVE() B_SPLINE_CURVE(6,(#6819,#6820,#6821,#6822,
#6823,#6824,#6825),.UNSPECIFIED.,.F.,.F.) B_SPLINE_CURVE_WITH_KNOTS((7,7
),(2.25,3.),.PIECEWISE_BEZIER_KNOTS.) CURVE() 
GEOMETRIC_REPRESENTATION_ITEM() RATIONAL_B_SPLINE_CURVE((1.,1.,1.,1.,1.,
1.,1.)) REPRESENTATION_ITEM('') );
#6819 = CARTESIAN_POINT('',(142.,66.,-89.25));
#6820 = CARTESIAN_POINT('',(142.,66.,-89.375));
#6821 = CARTESIAN_POINT('',(142.,65.994782394095,-89.5));
#6822 = CARTESIAN_POINT('',(142.,65.990084053981,-89.625));
#6823 = CARTESIAN_POINT('',(142.,65.986173098944,-89.75));
#6824 = CARTESIAN_POINT('',(142.,65.984313483299,-89.875));
#6825 = CARTESIAN_POINT('',(142.,65.984313483299,-90.));
#6826 = ORIENTED_EDGE('',*,*,#6827,.T.);
#6827 = EDGE_CURVE('',#6816,#6828,#6830,.T.);
#6828 = VERTEX_POINT('',#6829);
#6829 = CARTESIAN_POINT('',(142.,66.,-90.75));
#6830 = ( BOUNDED_CURVE() B_SPLINE_CURVE(6,(#6831,#6832,#6833,#6834,
#6835,#6836,#6837),.UNSPECIFIED.,.F.,.F.) B_SPLINE_CURVE_WITH_KNOTS((7,7
),(3.,3.75),.PIECEWISE_BEZIER_KNOTS.) CURVE() 
GEOMETRIC_REPRESENTATION_ITEM() RATIONAL_B_SPLINE_CURVE((1.,1.,1.,1.,1.,
1.,1.)) REPRESENTATION_ITEM('') );
#6831 = CARTESIAN_POINT('',(142.,65.984313483299,-90.));
#6832 = CARTESIAN_POINT('',(142.,65.984313483299,-90.125));
#6833 = CARTESIAN_POINT('',(142.,65.986173098944,-90.25));
#6834 = CARTESIAN_POINT('',(142.,65.990084053981,-90.375));
#6835 = CARTESIAN_POINT('',(142.,65.994782394095,-90.5));
#6836 = CARTESIAN_POINT('',(142.,66.,-90.625));
#6837 = CARTESIAN_POINT('',(142.,66.,-90.75));
#6838 = ORIENTED_EDGE('',*,*,#6839,.T.);
#6839 = EDGE_CURVE('',#6828,#3012,#6840,.T.);
#6840 = LINE('',#6841,#6842);
#6841 = CARTESIAN_POINT('',(142.,66.,-87.));
#6842 = VECTOR('',#6843,1.);
#6843 = DIRECTION('',(0.,0.,-1.));
#6844 = ORIENTED_EDGE('',*,*,#3039,.T.);
#6845 = PLANE('',#6846);
#6846 = AXIS2_PLACEMENT_3D('',#6847,#6848,#6849);
#6847 = CARTESIAN_POINT('',(142.,68.,-49.7));
#6848 = DIRECTION('',(1.,0.,0.));
#6849 = DIRECTION('',(0.,0.,1.));
#6850 = ADVANCED_FACE('',(#6851),#6870,.F.);
#6851 = FACE_BOUND('',#6852,.F.);
#6852 = EDGE_LOOP('',(#6853,#6854,#6862,#6869));
#6853 = ORIENTED_EDGE('',*,*,#4302,.T.);
#6854 = ORIENTED_EDGE('',*,*,#6855,.T.);
#6855 = EDGE_CURVE('',#4295,#6856,#6858,.T.);
#6856 = VERTEX_POINT('',#6857);
#6857 = CARTESIAN_POINT('',(4.25,64.,-91.));
#6858 = LINE('',#6859,#6860);
#6859 = CARTESIAN_POINT('',(2.,64.,-91.));
#6860 = VECTOR('',#6861,1.);
#6861 = DIRECTION('',(1.,0.,0.));
#6862 = ORIENTED_EDGE('',*,*,#6863,.F.);
#6863 = EDGE_CURVE('',#3113,#6856,#6864,.T.);
#6864 = CIRCLE('',#6865,2.);
#6865 = AXIS2_PLACEMENT_3D('',#6866,#6867,#6868);
#6866 = CARTESIAN_POINT('',(4.25,62.,-91.));
#6867 = DIRECTION('',(1.,-0.,0.));
#6868 = DIRECTION('',(0.,0.,-1.));
#6869 = ORIENTED_EDGE('',*,*,#3126,.F.);
#6870 = CYLINDRICAL_SURFACE('',#6871,2.);
#6871 = AXIS2_PLACEMENT_3D('',#6872,#6873,#6874);
#6872 = CARTESIAN_POINT('',(2.,62.,-91.));
#6873 = DIRECTION('',(1.,0.,0.));
#6874 = DIRECTION('',(0.,0.,-1.));
#6875 = ADVANCED_FACE('',(#6876),#6900,.F.);
#6876 = FACE_BOUND('',#6877,.F.);
#6877 = EDGE_LOOP('',(#6878,#6879,#6893,#6899));
#6878 = ORIENTED_EDGE('',*,*,#6863,.T.);
#6879 = ORIENTED_EDGE('',*,*,#6880,.T.);
#6880 = EDGE_CURVE('',#6856,#6881,#6883,.T.);
#6881 = VERTEX_POINT('',#6882);
#6882 = CARTESIAN_POINT('',(5.75,64.,-91.));
#6883 = ( BOUNDED_CURVE() B_SPLINE_CURVE(8,(#6884,#6885,#6886,#6887,
    #6888,#6889,#6890,#6891,#6892),.UNSPECIFIED.,.F.,.F.) 
B_SPLINE_CURVE_WITH_KNOTS((9,9),(2.25,3.75),.PIECEWISE_BEZIER_KNOTS.) 
CURVE() GEOMETRIC_REPRESENTATION_ITEM() RATIONAL_B_SPLINE_CURVE((1.,1.,
1.,1.,1.,1.,1.,1.,1.)) REPRESENTATION_ITEM('') );
#6884 = CARTESIAN_POINT('',(4.25,64.,-91.));
#6885 = CARTESIAN_POINT('',(4.4375,64.,-91.140625));
#6886 = CARTESIAN_POINT('',(4.625,64.,-91.21860697218));
#6887 = CARTESIAN_POINT('',(4.8125,64.,-91.26777564946));
#6888 = CARTESIAN_POINT('',(5.,64.,-91.27881015871));
#6889 = CARTESIAN_POINT('',(5.1875,64.,-91.26777564946));
#6890 = CARTESIAN_POINT('',(5.375,64.,-91.21860697218));
#6891 = CARTESIAN_POINT('',(5.5625,64.,-91.140625));
#6892 = CARTESIAN_POINT('',(5.75,64.,-91.));
#6893 = ORIENTED_EDGE('',*,*,#6894,.F.);
#6894 = EDGE_CURVE('',#3105,#6881,#6895,.T.);
#6895 = ( BOUNDED_CURVE() B_SPLINE_CURVE(2,(#6896,#6897,#6898),
.UNSPECIFIED.,.F.,.F.) B_SPLINE_CURVE_WITH_KNOTS((3,3),(0.,1.5),
.PIECEWISE_BEZIER_KNOTS.) CURVE() GEOMETRIC_REPRESENTATION_ITEM() 
RATIONAL_B_SPLINE_CURVE((1.,0.707106781187,1.)) REPRESENTATION_ITEM('') 
  );
#6896 = CARTESIAN_POINT('',(5.75,62.,-93.));
#6897 = CARTESIAN_POINT('',(5.75,64.,-93.));
#6898 = CARTESIAN_POINT('',(5.75,64.,-91.));
#6899 = ORIENTED_EDGE('',*,*,#3112,.F.);
#6900 = ( BOUNDED_SURFACE() B_SPLINE_SURFACE(2,8,(
    (#6901,#6902,#6903,#6904,#6905,#6906,#6907,#6908,#6909)
    ,(#6910,#6911,#6912,#6913,#6914,#6915,#6916,#6917,#6918)
    ,(#6919,#6920,#6921,#6922,#6923,#6924,#6925,#6926,#6927
)),.UNSPECIFIED.,.F.,.F.,.F.) B_SPLINE_SURFACE_WITH_KNOTS((3,3),(9,9),(
    0.,1.5),(2.25,3.75),.PIECEWISE_BEZIER_KNOTS.) 
GEOMETRIC_REPRESENTATION_ITEM() RATIONAL_B_SPLINE_SURFACE((
    (1.,1.,1.,1.,1.,1.,1.,1.,1.)
    ,(0.707106781187,0.731966003963,0.74476096418,0.753081455647
      ,0.754607029963,0.753081455647,0.74476096418,0.731966003963
      ,0.707106781187)
,(1.,1.,1.,1.,1.,1.,1.,1.,1.))) REPRESENTATION_ITEM('') SURFACE() );
#6901 = CARTESIAN_POINT('',(4.25,62.,-93.));
#6902 = CARTESIAN_POINT('',(4.4375,62.,-93.));
#6903 = CARTESIAN_POINT('',(4.625,62.011228192723,-93.));
#6904 = CARTESIAN_POINT('',(4.8125,62.01681485935,-93.));
#6905 = CARTESIAN_POINT('',(5.,62.021484711781,-93.));
#6906 = CARTESIAN_POINT('',(5.1875,62.01681485935,-93.));
#6907 = CARTESIAN_POINT('',(5.375,62.011228192723,-93.));
#6908 = CARTESIAN_POINT('',(5.5625,62.,-93.));
#6909 = CARTESIAN_POINT('',(5.75,62.,-93.));
#6910 = CARTESIAN_POINT('',(4.25,64.,-93.));
#6911 = CARTESIAN_POINT('',(4.431132075472,63.864150943396,-93.));
#6912 = CARTESIAN_POINT('',(4.620225859468,63.803118168414,-93.));
#6913 = CARTESIAN_POINT('',(4.809179036615,63.765009945851,-93.));
#6914 = CARTESIAN_POINT('',(5.,63.759400619609,-93.));
#6915 = CARTESIAN_POINT('',(5.190820963385,63.765009945851,-93.));
#6916 = CARTESIAN_POINT('',(5.379774140532,63.803118168414,-93.));
#6917 = CARTESIAN_POINT('',(5.568867924528,63.864150943396,-93.));
#6918 = CARTESIAN_POINT('',(5.75,64.,-93.));
#6919 = CARTESIAN_POINT('',(4.25,64.,-91.));
#6920 = CARTESIAN_POINT('',(4.4375,64.,-91.140625));
#6921 = CARTESIAN_POINT('',(4.625,64.,-91.21860697218));
#6922 = CARTESIAN_POINT('',(4.8125,64.,-91.26777564946));
#6923 = CARTESIAN_POINT('',(5.,64.,-91.27881015871));
#6924 = CARTESIAN_POINT('',(5.1875,64.,-91.26777564946));
#6925 = CARTESIAN_POINT('',(5.375,64.,-91.21860697218));
#6926 = CARTESIAN_POINT('',(5.5625,64.,-91.140625));
#6927 = CARTESIAN_POINT('',(5.75,64.,-91.));
#6928 = ADVANCED_FACE('',(#6929),#6952,.F.);
#6929 = FACE_BOUND('',#6930,.F.);
#6930 = EDGE_LOOP('',(#6931,#6932,#6940,#6951));
#6931 = ORIENTED_EDGE('',*,*,#6894,.T.);
#6932 = ORIENTED_EDGE('',*,*,#6933,.T.);
#6933 = EDGE_CURVE('',#6881,#6934,#6936,.T.);
#6934 = VERTEX_POINT('',#6935);
#6935 = CARTESIAN_POINT('',(6.,64.,-91.));
#6936 = LINE('',#6937,#6938);
#6937 = CARTESIAN_POINT('',(2.,64.,-91.));
#6938 = VECTOR('',#6939,1.);
#6939 = DIRECTION('',(1.,0.,0.));
#6940 = ORIENTED_EDGE('',*,*,#6941,.F.);
#6941 = EDGE_CURVE('',#3073,#6934,#6942,.T.);
#6942 = B_SPLINE_CURVE_WITH_KNOTS('',7,(#6943,#6944,#6945,#6946,#6947,
    #6948,#6949,#6950),.UNSPECIFIED.,.F.,.F.,(8,8),(0.,1.),
  .PIECEWISE_BEZIER_KNOTS.);
#6943 = CARTESIAN_POINT('',(6.,62.,-93.));
#6944 = CARTESIAN_POINT('',(6.,62.448798950513,-93.));
#6945 = CARTESIAN_POINT('',(6.,62.897595729966,-92.88250222689));
#6946 = CARTESIAN_POINT('',(6.,63.309493881648,-92.6475254444));
#6947 = CARTESIAN_POINT('',(6.,63.647525444403,-92.30949388164));
#6948 = CARTESIAN_POINT('',(6.,63.882502226898,-91.89759572997));
#6949 = CARTESIAN_POINT('',(6.,64.,-91.44879895051));
#6950 = CARTESIAN_POINT('',(6.,64.,-91.));
#6951 = ORIENTED_EDGE('',*,*,#3104,.F.);
#6952 = CYLINDRICAL_SURFACE('',#6953,2.);
#6953 = AXIS2_PLACEMENT_3D('',#6954,#6955,#6956);
#6954 = CARTESIAN_POINT('',(2.,62.,-91.));
#6955 = DIRECTION('',(1.,0.,0.));
#6956 = DIRECTION('',(0.,0.,-1.));
#6957 = ADVANCED_FACE('',(#6958),#6992,.F.);
#6958 = FACE_BOUND('',#6959,.F.);
#6959 = EDGE_LOOP('',(#6960,#6961,#6962));
#6960 = ORIENTED_EDGE('',*,*,#3072,.F.);
#6961 = ORIENTED_EDGE('',*,*,#6941,.T.);
#6962 = ORIENTED_EDGE('',*,*,#6963,.T.);
#6963 = EDGE_CURVE('',#6934,#3065,#6964,.T.);
#6964 = B_SPLINE_CURVE_WITH_KNOTS('',6,(#6965,#6966,#6967,#6968,#6969,
    #6970,#6971,#6972,#6973,#6974,#6975,#6976,#6977,#6978,#6979,#6980,
    #6981,#6982,#6983,#6984,#6985,#6986,#6987,#6988,#6989,#6990,#6991),
  .UNSPECIFIED.,.F.,.F.,(7,5,5,5,5,7),(0.,0.125,0.25,0.5,0.75,1.),
  .UNSPECIFIED.);
#6965 = CARTESIAN_POINT('',(6.,64.,-91.));
#6966 = CARTESIAN_POINT('',(6.06544984695,64.,-91.04166666666));
#6967 = CARTESIAN_POINT('',(6.130899693871,64.002570209476,
    -91.08333333333));
#6968 = CARTESIAN_POINT('',(6.196223376098,64.007710628448,-91.125));
#6969 = CARTESIAN_POINT('',(6.26129472808,64.015412999386,
    -91.16666666666));
#6970 = CARTESIAN_POINT('',(6.325988397539,64.025660807476,
    -91.20833333333));
#6971 = CARTESIAN_POINT('',(6.454372890525,64.05119807091,
    -91.29166666666));
#6972 = CARTESIAN_POINT('',(6.518063714696,64.066487523937,
    -91.33333333333));
#6973 = CARTESIAN_POINT('',(6.581129372733,64.084273195859,
    -91.37499999999));
#6974 = CARTESIAN_POINT('',(6.643447740866,64.104522352453,
    -91.41666666666));
#6975 = CARTESIAN_POINT('',(6.704899090727,64.127194362898,
    -91.45833333333));
#6976 = CARTESIAN_POINT('',(6.886302412736,64.202334079133,
    -91.58333333333));
#6977 = CARTESIAN_POINT('',(7.003303736931,64.26192534892,
    -91.66666666666));
#6978 = CARTESIAN_POINT('',(7.11543795865,64.330629123187,
    -91.74999999999));
#6979 = CARTESIAN_POINT('',(7.221823878355,64.407935839375,
    -91.83333333333));
#6980 = CARTESIAN_POINT('',(7.321653501161,64.493226376414,
    -91.91666666666));
#6981 = CARTESIAN_POINT('',(7.506773623585,64.678346498838,
    -92.08333333333));
#6982 = CARTESIAN_POINT('',(7.592064160624,64.778176121644,
    -92.16666666666));
#6983 = CARTESIAN_POINT('',(7.669370876812,64.88456204135,-92.25));
#6984 = CARTESIAN_POINT('',(7.738074651079,64.996696263068,
    -92.33333333333));
#6985 = CARTESIAN_POINT('',(7.797665920866,65.113697587264,
    -92.41666666666));
#6986 = CARTESIAN_POINT('',(7.89785220918,65.355568683275,
    -92.58333333333));
#6987 = CARTESIAN_POINT('',(7.93844825808,65.480443582206,
    -92.66666666666));
#6988 = CARTESIAN_POINT('',(7.969157211863,65.608310277245,-92.75));
#6989 = CARTESIAN_POINT('',(7.989718303741,65.73819550752,
    -92.83333333333));
#6990 = CARTESIAN_POINT('',(8.,65.8691003061,-92.91666666666));
#6991 = CARTESIAN_POINT('',(8.,66.,-93.));
#6992 = B_SPLINE_SURFACE_WITH_KNOTS('',7,6,(
    (#6993,#6994,#6995,#6996,#6997,#6998,#6999,#7000,#7001,#7002,#7003
      ,#7004,#7005,#7006,#7007,#7008,#7009,#7010,#7011,#7012,#7013,#7014
      ,#7015,#7016,#7017,#7018,#7019)
    ,(#7020,#7021,#7022,#7023,#7024,#7025,#7026,#7027,#7028,#7029,#7030
      ,#7031,#7032,#7033,#7034,#7035,#7036,#7037,#7038,#7039,#7040,#7041
      ,#7042,#7043,#7044,#7045,#7046)
    ,(#7047,#7048,#7049,#7050,#7051,#7052,#7053,#7054,#7055,#7056,#7057
      ,#7058,#7059,#7060,#7061,#7062,#7063,#7064,#7065,#7066,#7067,#7068
      ,#7069,#7070,#7071,#7072,#7073)
    ,(#7074,#7075,#7076,#7077,#7078,#7079,#7080,#7081,#7082,#7083,#7084
      ,#7085,#7086,#7087,#7088,#7089,#7090,#7091,#7092,#7093,#7094,#7095
      ,#7096,#7097,#7098,#7099,#7100)
    ,(#7101,#7102,#7103,#7104,#7105,#7106,#7107,#7108,#7109,#7110,#7111
      ,#7112,#7113,#7114,#7115,#7116,#7117,#7118,#7119,#7120,#7121,#7122
      ,#7123,#7124,#7125,#7126,#7127)
    ,(#7128,#7129,#7130,#7131,#7132,#7133,#7134,#7135,#7136,#7137,#7138
      ,#7139,#7140,#7141,#7142,#7143,#7144,#7145,#7146,#7147,#7148,#7149
      ,#7150,#7151,#7152,#7153,#7154)
    ,(#7155,#7156,#7157,#7158,#7159,#7160,#7161,#7162,#7163,#7164,#7165
      ,#7166,#7167,#7168,#7169,#7170,#7171,#7172,#7173,#7174,#7175,#7176
      ,#7177,#7178,#7179,#7180,#7181)
    ,(#7182,#7183,#7184,#7185,#7186,#7187,#7188,#7189,#7190,#7191,#7192
      ,#7193,#7194,#7195,#7196,#7197,#7198,#7199,#7200,#7201,#7202,#7203
      ,#7204,#7205,#7206,#7207,#7208
    )),.UNSPECIFIED.,.F.,.F.,.F.,(8,8),(7,5,5,5,5,7),(0.,1.),(0.,0.125,
    0.25,0.5,0.75,1.),.UNSPECIFIED.);
#6993 = CARTESIAN_POINT('',(6.,62.,-93.));
#6994 = CARTESIAN_POINT('',(6.100238451399,62.,-93.));
#6995 = CARTESIAN_POINT('',(6.198961640333,62.015949134467,
    -92.99999999999));
#6996 = CARTESIAN_POINT('',(6.29631717108,62.046994342169,-93.));
#6997 = CARTESIAN_POINT('',(6.387100808462,62.089131664018,
    -92.99999999999));
#6998 = CARTESIAN_POINT('',(6.473597810843,62.13983667585,
    -92.99999999999));
#6999 = CARTESIAN_POINT('',(6.636927238842,62.254761960647,
    -92.99999999999));
#7000 = CARTESIAN_POINT('',(6.713575190506,62.318718279402,
    -92.99999999999));
#7001 = CARTESIAN_POINT('',(6.786109211052,62.387882068445,
    -92.99999999999));
#7002 = CARTESIAN_POINT('',(6.854669630589,62.460861822087,
    -92.99999999999));
#7003 = CARTESIAN_POINT('',(6.919345123127,62.536669852454,
    -92.99999999999));
#7004 = CARTESIAN_POINT('',(7.1039604085,62.772354515861,-92.99999999999
    ));
#7005 = CARTESIAN_POINT('',(7.213975578673,62.939941417076,
    -92.99999999999));
#7006 = CARTESIAN_POINT('',(7.31310724607,63.113738456193,
    -92.99999999999));
#7007 = CARTESIAN_POINT('',(7.402868152054,63.292118832066,
    -92.99999999999));
#7008 = CARTESIAN_POINT('',(7.484212568453,63.474560061753,
    -92.99999999999));
#7009 = CARTESIAN_POINT('',(7.631073972809,63.84568282925,
    -92.99999999999));
#7010 = CARTESIAN_POINT('',(7.696642589038,64.03453557532,
    -92.99999999999));
#7011 = CARTESIAN_POINT('',(7.754766808719,64.22559728582,-93.));
#7012 = CARTESIAN_POINT('',(7.805781289186,64.418632592486,
    -92.99999999999));
#7013 = CARTESIAN_POINT('',(7.84983706256,64.613537244258,-93.));
#7014 = CARTESIAN_POINT('',(7.923764822622,65.005707145425,-93.));
#7015 = CARTESIAN_POINT('',(7.953687510865,65.203186350638,-93.));
#7016 = CARTESIAN_POINT('',(7.976503114456,65.401694043255,-93.));
#7017 = CARTESIAN_POINT('',(7.992035841286,65.600882431166,-93.));
#7018 = CARTESIAN_POINT('',(8.,65.800421697375,-93.));
#7019 = CARTESIAN_POINT('',(8.,66.,-93.));
#7020 = CARTESIAN_POINT('',(6.,62.448798950513,-93.));
#7021 = CARTESIAN_POINT('',(6.095268650763,62.445401353329,-93.));
#7022 = CARTESIAN_POINT('',(6.189238505124,62.456041615615,
    -92.99999999999));
#7023 = CARTESIAN_POINT('',(6.282018057511,62.479988542028,-93.));
#7024 = CARTESIAN_POINT('',(6.369128511265,62.513808987993,
    -92.99999999999));
#7025 = CARTESIAN_POINT('',(6.4525107518,62.555336802107,-92.99999999999
    ));
#7026 = CARTESIAN_POINT('',(6.610848046226,62.6506971752,-92.99999999999
    ));
#7027 = CARTESIAN_POINT('',(6.685644979676,62.704303487382,
    -92.99999999999));
#7028 = CARTESIAN_POINT('',(6.756826377007,62.762729948224,
    -92.99999999999));
#7029 = CARTESIAN_POINT('',(6.824495074914,62.824779162247,
    -92.99999999999));
#7030 = CARTESIAN_POINT('',(6.888709975641,62.889598735443,
    -92.99999999999));
#7031 = CARTESIAN_POINT('',(7.072866409105,63.092155614847,
    -92.99999999999));
#7032 = CARTESIAN_POINT('',(7.183879601282,63.237519374348,
    -92.99999999999));
#7033 = CARTESIAN_POINT('',(7.284868776439,63.389507895549,
    -92.99999999999));
#7034 = CARTESIAN_POINT('',(7.377004684382,63.546653982814,
    -92.99999999999));
#7035 = CARTESIAN_POINT('',(7.460989844554,63.708421347756,
    -92.99999999999));
#7036 = CARTESIAN_POINT('',(7.613316780063,64.039381920081,
    -92.99999999999));
#7037 = CARTESIAN_POINT('',(7.681702813551,64.208721882747,
    -92.99999999999));
#7038 = CARTESIAN_POINT('',(7.742567389875,64.380891857338,-93.));
#7039 = CARTESIAN_POINT('',(7.796108912314,64.555574671788,
    -92.99999999999));
#7040 = CARTESIAN_POINT('',(7.842384042318,64.732555082396,-93.));
#7041 = CARTESIAN_POINT('',(7.920063020702,65.089663336951,-93.));
#7042 = CARTESIAN_POINT('',(7.951510474753,65.269975304042,-93.));
#7043 = CARTESIAN_POINT('',(7.9754536998,65.451596231211,-93.));
#7044 = CARTESIAN_POINT('',(7.991704764494,65.634088973664,-93.));
#7045 = CARTESIAN_POINT('',(8.,65.81702812156,-93.));
#7046 = CARTESIAN_POINT('',(8.,66.,-93.));
#7047 = CARTESIAN_POINT('',(6.,62.897595729966,-92.88250222689));
#7048 = CARTESIAN_POINT('',(6.090298850127,62.892346136678,
    -92.88428328984));
#7049 = CARTESIAN_POINT('',(6.179078643375,62.908218292822,
    -92.87408459224));
#7050 = CARTESIAN_POINT('',(6.266470228833,62.927723836252,
    -92.87089398535));
#7051 = CARTESIAN_POINT('',(6.349529804765,62.954388001378,
    -92.86833839143));
#7052 = CARTESIAN_POINT('',(6.42955299974,62.986849128747,
    -92.86638496496));
#7053 = CARTESIAN_POINT('',(6.582874286046,63.061400517226,
    -92.86361675597));
#7054 = CARTESIAN_POINT('',(6.656064830285,63.103348267235,
    -92.86280197344));
#7055 = CARTESIAN_POINT('',(6.726288854467,63.149268655713,
    -92.86252366738));
#7056 = CARTESIAN_POINT('',(6.793598843466,63.198397587054,
    -92.86274899229));
#7057 = CARTESIAN_POINT('',(6.858014221617,63.250183691597,
    -92.86344510267));
#7058 = CARTESIAN_POINT('',(7.043789715264,63.413329806448,
    -92.86684725372));
#7059 = CARTESIAN_POINT('',(7.157381444967,63.53218024356,
    -92.87086711432));
#7060 = CARTESIAN_POINT('',(7.261727813703,63.658643479443,
    -92.87637597083));
#7061 = CARTESIAN_POINT('',(7.35747150491,63.791598971362,
    -92.88311105927));
#7062 = CARTESIAN_POINT('',(7.444964359371,63.930465884294,
    -92.89080961564));
#7063 = CARTESIAN_POINT('',(7.603729815755,64.21831367495,
    -92.90760813631));
#7064 = CARTESIAN_POINT('',(7.675033336461,64.367389324556,
    -92.9167081006));
#7065 = CARTESIAN_POINT('',(7.738342286169,64.520676500567,
    -92.92624600487));
#7066 = CARTESIAN_POINT('',(7.7937489744,64.677655358153,-92.93595908513
    ));
#7067 = CARTESIAN_POINT('',(7.841297254524,64.837841080284,
    -92.94558457739));
#7068 = CARTESIAN_POINT('',(7.920555534583,65.162955964691,
    -92.96413485795));
#7069 = CARTESIAN_POINT('',(7.952296302976,65.328009384418,
    -92.97305964625));
#7070 = CARTESIAN_POINT('',(7.976129752251,65.494895689863,
    -92.98137131859));
#7071 = CARTESIAN_POINT('',(7.992037154221,65.66295705572,
    -92.98880711099));
#7072 = CARTESIAN_POINT('',(8.,65.842883899952,-92.98242379494));
#7073 = CARTESIAN_POINT('',(8.,66.,-93.));
#7074 = CARTESIAN_POINT('',(6.,63.309493881648,-92.6475254444));
#7075 = CARTESIAN_POINT('',(6.085329049492,63.303236152764,
    -92.65285758481));
#7076 = CARTESIAN_POINT('',(6.169305119012,63.309018913149,
    -92.65262634633));
#7077 = CARTESIAN_POINT('',(6.252137625936,63.321045895399,
    -92.65590990175));
#7078 = CARTESIAN_POINT('',(6.331244117095,63.339396404011,
    -92.65965066211));
#7079 = CARTESIAN_POINT('',(6.407796764667,63.362973085973,
    -92.66382497887));
#7080 = CARTESIAN_POINT('',(6.555205321291,63.418988725752,
    -92.67299342812));
#7081 = CARTESIAN_POINT('',(6.625961237504,63.451311904653,
    -92.67798756062));
#7082 = CARTESIAN_POINT('',(6.694224108876,63.487385531331,
    -92.68336795246));
#7083 = CARTESIAN_POINT('',(6.760019320035,63.526584137845,
    -92.6891109551));
#7084 = CARTESIAN_POINT('',(6.823335886608,63.568450955699,
    -92.69519292002));
#7085 = CARTESIAN_POINT('',(7.006888283377,63.701879604538,
    -92.71438475603));
#7086 = CARTESIAN_POINT('',(7.120452262651,63.801027687092,
    -92.72844056835));
#7087 = CARTESIAN_POINT('',(7.225910398885,63.908273176822,
    -92.74356844742));
#7088 = CARTESIAN_POINT('',(7.323614127289,64.022580770591,
    -92.75957920497));
#7089 = CARTESIAN_POINT('',(7.413655809209,64.143323379938,
    -92.77628365276));
#7090 = CARTESIAN_POINT('',(7.578257521324,64.395931432226,
    -92.81070155233));
#7091 = CARTESIAN_POINT('',(7.652847483479,64.52787755743,
    -92.82841500412));
#7092 = CARTESIAN_POINT('',(7.719586685819,64.664507184034,
    -92.84644376964));
#7093 = CARTESIAN_POINT('',(7.778373181304,64.805196033235,
    -92.86459866067));
#7094 = CARTESIAN_POINT('',(7.829086646538,64.949331246455,
    -92.88269048895));
#7095 = CARTESIAN_POINT('',(7.913977526561,65.24264572692,
    -92.91836964351));
#7096 = CARTESIAN_POINT('',(7.948184767824,65.391937038058,
    -92.93595696979));
#7097 = CARTESIAN_POINT('',(7.974003795141,65.543081880202,
    -92.95310285683));
#7098 = CARTESIAN_POINT('',(7.991309163885,65.695310900538,
    -92.96961811637));
#7099 = CARTESIAN_POINT('',(8.,65.85145792152,-92.9792456793));
#7100 = CARTESIAN_POINT('',(8.,66.,-93.));
#7101 = CARTESIAN_POINT('',(6.,63.647525444403,-92.30949388164));
#7102 = CARTESIAN_POINT('',(6.080359248856,63.639960240409,
    -92.32081872917));
#7103 = CARTESIAN_POINT('',(6.159618939957,63.63404987323,
    -92.33586203513));
#7104 = CARTESIAN_POINT('',(6.238054766061,63.63852007977,
    -92.34922988895));
#7105 = CARTESIAN_POINT('',(6.313283711285,63.648900254512,
    -92.36271235645));
#7106 = CARTESIAN_POINT('',(6.386414668197,63.664261782398,
    -92.37630350931));
#7107 = CARTESIAN_POINT('',(6.527915270048,63.703592529565,
    -92.4036913292));
#7108 = CARTESIAN_POINT('',(6.596187632434,63.727463496459,
    -92.41748799623));
#7109 = CARTESIAN_POINT('',(6.662410300984,63.755058060727,
    -92.43138149204));
#7110 = CARTESIAN_POINT('',(6.726584131757,63.785835219517,
    -92.44536588834));
#7111 = CARTESIAN_POINT('',(6.788669672906,63.819393334749,
    -92.45943525684));
#7112 = CARTESIAN_POINT('',(6.96958339038,63.928218844911,
    -92.50188049408));
#7113 = CARTESIAN_POINT('',(7.082803516119,64.011431744403,
    -92.53049349453));
#7114 = CARTESIAN_POINT('',(7.189073482688,64.103398694181,
    -92.55937524426));
#7115 = CARTESIAN_POINT('',(7.288490692028,64.203081624049,
    -92.58847831694));
#7116 = CARTESIAN_POINT('',(7.380907811304,64.309762743163,
    -92.61775528621));
#7117 = CARTESIAN_POINT('',(7.551151181205,64.535226017814,
    -92.67656216525));
#7118 = CARTESIAN_POINT('',(7.629007570816,64.654080272082,
    -92.70609207503));
#7119 = CARTESIAN_POINT('',(7.699236222442,64.778022237981,
    -92.73570102871));
#7120 = CARTESIAN_POINT('',(7.761534900415,64.906296779351,
    -92.76534159995));
#7121 = CARTESIAN_POINT('',(7.815602792063,65.03814411502,
    -92.79496636241));
#7122 = CARTESIAN_POINT('',(7.906560655378,65.306886694224,
    -92.85408941709));
#7123 = CARTESIAN_POINT('',(7.943480659804,65.443887774701,
    -92.8835877093));
#7124 = CARTESIAN_POINT('',(7.97153274461,65.582596280788,
    -92.91297534004));
#7125 = CARTESIAN_POINT('',(7.990448480246,65.722107000549,
    -92.94220488296));
#7126 = CARTESIAN_POINT('',(8.,65.855463994498,-92.9748208999));
#7127 = CARTESIAN_POINT('',(8.,66.,-93.));
#7128 = CARTESIAN_POINT('',(6.,63.882502226898,-91.89759572997));
#7129 = CARTESIAN_POINT('',(6.075389448221,63.874919604788,
    -91.9187895637));
#7130 = CARTESIAN_POINT('',(6.150001628133,63.861571628947,
    -91.95093651754));
#7131 = CARTESIAN_POINT('',(6.224113522361,63.861150919797,
    -91.97704040088));
#7132 = CARTESIAN_POINT('',(6.295642641642,63.86616084555,
    -92.00279097664));
#7133 = CARTESIAN_POINT('',(6.365554229043,63.875845113926,
    -92.02820651934));
#7134 = CARTESIAN_POINT('',(6.501609561631,63.903449020553,
    -92.07840408768));
#7135 = CARTESIAN_POINT('',(6.567665712197,63.92128881773,
    -92.10318611333));
#7136 = CARTESIAN_POINT('',(6.632112917714,63.942768830171,
    -92.12766965498));
#7137 = CARTESIAN_POINT('',(6.694923594936,63.967437565991,
    -92.15187298716));
#7138 = CARTESIAN_POINT('',(6.75603111362,63.994953514407,
    -92.17581438441));
#7139 = CARTESIAN_POINT('',(6.934980483073,64.08583994155,
    -92.24690759493));
#7140 = CARTESIAN_POINT('',(7.048211589943,64.157381636068,
    -92.29332842699));
#7141 = CARTESIAN_POINT('',(7.155516288394,64.238186221505,
    -92.33892081368));
#7142 = CARTESIAN_POINT('',(7.256731182922,64.327241127443,
    -92.38383095123));
#7143 = CARTESIAN_POINT('',(7.351483002659,64.42376694739,
    -92.42820503588));
#7144 = CARTESIAN_POINT('',(7.527085369085,64.629783694517,
    -92.5161734919));
#7145 = CARTESIAN_POINT('',(7.607963667061,64.739335708259,
    -92.55976786326));
#7146 = CARTESIAN_POINT('',(7.681366418304,64.85436181905,
    -92.60311857422));
#7147 = CARTESIAN_POINT('',(7.746817083743,64.97400922397,
    -92.64637182101));
#7148 = CARTESIAN_POINT('',(7.803861108215,65.097405390398,
    -92.68967379988));
#7149 = CARTESIAN_POINT('',(7.900162455666,65.349437781759,
    -92.77666761428));
#7150 = CARTESIAN_POINT('',(7.939447514871,65.478167830425,
    -92.8203594498));
#7151 = CARTESIAN_POINT('',(7.969427418596,65.608587607815,
    -92.86439240989));
#7152 = CARTESIAN_POINT('',(7.989719906727,65.739690051685,
    -92.90891269079));
#7153 = CARTESIAN_POINT('',(8.,65.857804697309,-92.9654094655));
#7154 = CARTESIAN_POINT('',(8.,66.,-93.));
#7155 = CARTESIAN_POINT('',(6.,64.,-91.44879895051));
#7156 = CARTESIAN_POINT('',(6.070419647585,63.995325010932,
    -91.48111563904));
#7157 = CARTESIAN_POINT('',(6.140154191462,63.994073555745,
    -91.51343232757));
#7158 = CARTESIAN_POINT('',(6.209348412076,63.996152671641,
    -91.5457490161));
#7159 = CARTESIAN_POINT('',(6.277333171196,64.001407274809,
    -91.57806570463));
#7160 = CARTESIAN_POINT('',(6.344388068823,64.009714620375,
    -91.61038239316));
#7161 = CARTESIAN_POINT('',(6.476362314128,64.03222668643,
    -91.67501577022));
#7162 = CARTESIAN_POINT('',(6.541248907894,64.046418659801,
    -91.70733245875));
#7163 = CARTESIAN_POINT('',(6.605110119816,64.063468249915,
    -91.73964914729));
#7164 = CARTESIAN_POINT('',(6.667865336709,64.083272054149,
    -91.77196583582));
#7165 = CARTESIAN_POINT('',(6.729414911042,64.105733661126,
    -91.80428252435));
#7166 = CARTESIAN_POINT('',(6.910500838391,64.180919840681,
    -91.90123258994));
#7167 = CARTESIAN_POINT('',(7.026387945906,64.241418464083,-91.965865967
    ));
#7168 = CARTESIAN_POINT('',(7.136895766708,64.311626113666,
    -92.03049934406));
#7169 = CARTESIAN_POINT('',(7.24139374048,64.390861574555,
    -92.09513272113));
#7170 = CARTESIAN_POINT('',(7.339225000509,64.478374351487,
    -92.15976609819));
#7171 = CARTESIAN_POINT('',(7.520311369399,64.668207900113,
    -92.28903285231));
#7172 = CARTESIAN_POINT('',(7.603578088428,64.770543929864,
    -92.35366622937));
#7173 = CARTESIAN_POINT('',(7.678912907021,64.879390754857,
    -92.41829960644));
#7174 = CARTESIAN_POINT('',(7.745773098678,64.993810616111,
    -92.4829329835));
#7175 = CARTESIAN_POINT('',(7.803712168695,65.112796170158,
    -92.54756636056));
#7176 = CARTESIAN_POINT('',(7.901014586168,65.357664236502,
    -92.67683311469));
#7177 = CARTESIAN_POINT('',(7.940390123534,65.483581107537,
    -92.74146649175));
#7178 = CARTESIAN_POINT('',(7.970144733235,65.611878040576,
    -92.80609986881));
#7179 = CARTESIAN_POINT('',(7.990051130085,65.741450829551,
    -92.87073324587));
#7180 = CARTESIAN_POINT('',(8.,65.871193838187,-92.93536662293));
#7181 = CARTESIAN_POINT('',(8.,66.,-93.));
#7182 = CARTESIAN_POINT('',(6.,64.,-91.));
#7183 = CARTESIAN_POINT('',(6.06544984695,64.,-91.04166666666));
#7184 = CARTESIAN_POINT('',(6.130899693871,64.002570209476,
    -91.08333333333));
#7185 = CARTESIAN_POINT('',(6.196223376098,64.007710628448,-91.125));
#7186 = CARTESIAN_POINT('',(6.26129472808,64.015412999386,
    -91.16666666666));
#7187 = CARTESIAN_POINT('',(6.325988397539,64.025660807476,
    -91.20833333333));
#7188 = CARTESIAN_POINT('',(6.454372890525,64.05119807091,
    -91.29166666666));
#7189 = CARTESIAN_POINT('',(6.518063714696,64.066487523937,
    -91.33333333333));
#7190 = CARTESIAN_POINT('',(6.581129372733,64.084273195859,
    -91.37499999999));
#7191 = CARTESIAN_POINT('',(6.643447740866,64.104522352453,
    -91.41666666666));
#7192 = CARTESIAN_POINT('',(6.704899090727,64.127194362898,
    -91.45833333333));
#7193 = CARTESIAN_POINT('',(6.886302412736,64.202334079133,
    -91.58333333333));
#7194 = CARTESIAN_POINT('',(7.003303736931,64.26192534892,
    -91.66666666666));
#7195 = CARTESIAN_POINT('',(7.11543795865,64.330629123187,
    -91.74999999999));
#7196 = CARTESIAN_POINT('',(7.221823878355,64.407935839375,
    -91.83333333333));
#7197 = CARTESIAN_POINT('',(7.321653501161,64.493226376414,
    -91.91666666666));
#7198 = CARTESIAN_POINT('',(7.506773623585,64.678346498838,
    -92.08333333333));
#7199 = CARTESIAN_POINT('',(7.592064160624,64.778176121644,
    -92.16666666666));
#7200 = CARTESIAN_POINT('',(7.669370876812,64.88456204135,-92.25));
#7201 = CARTESIAN_POINT('',(7.738074651079,64.996696263068,
    -92.33333333333));
#7202 = CARTESIAN_POINT('',(7.797665920866,65.113697587264,
    -92.41666666666));
#7203 = CARTESIAN_POINT('',(7.89785220918,65.355568683275,
    -92.58333333333));
#7204 = CARTESIAN_POINT('',(7.93844825808,65.480443582206,
    -92.66666666666));
#7205 = CARTESIAN_POINT('',(7.969157211863,65.608310277245,-92.75));
#7206 = CARTESIAN_POINT('',(7.989718303741,65.73819550752,
    -92.83333333333));
#7207 = CARTESIAN_POINT('',(8.,65.8691003061,-92.91666666666));
#7208 = CARTESIAN_POINT('',(8.,66.,-93.));
#7209 = ADVANCED_FACE('',(#7210),#7250,.T.);
#7210 = FACE_BOUND('',#7211,.T.);
#7211 = EDGE_LOOP('',(#7212,#7213,#7221,#7229,#7243,#7249));
#7212 = ORIENTED_EDGE('',*,*,#4707,.T.);
#7213 = ORIENTED_EDGE('',*,*,#7214,.T.);
#7214 = EDGE_CURVE('',#4708,#7215,#7217,.T.);
#7215 = VERTEX_POINT('',#7216);
#7216 = CARTESIAN_POINT('',(8.,66.,-89.));
#7217 = LINE('',#7218,#7219);
#7218 = CARTESIAN_POINT('',(8.,72.,-89.));
#7219 = VECTOR('',#7220,1.);
#7220 = DIRECTION('',(0.,-1.,0.));
#7221 = ORIENTED_EDGE('',*,*,#7222,.T.);
#7222 = EDGE_CURVE('',#7215,#7223,#7225,.T.);
#7223 = VERTEX_POINT('',#7224);
#7224 = CARTESIAN_POINT('',(8.,66.,-89.25));
#7225 = LINE('',#7226,#7227);
#7226 = CARTESIAN_POINT('',(8.,66.,-87.));
#7227 = VECTOR('',#7228,1.);
#7228 = DIRECTION('',(0.,0.,-1.));
#7229 = ORIENTED_EDGE('',*,*,#7230,.T.);
#7230 = EDGE_CURVE('',#7223,#7231,#7233,.T.);
#7231 = VERTEX_POINT('',#7232);
#7232 = CARTESIAN_POINT('',(8.,66.,-90.75));
#7233 = ( BOUNDED_CURVE() B_SPLINE_CURVE(8,(#7234,#7235,#7236,#7237,
    #7238,#7239,#7240,#7241,#7242),.UNSPECIFIED.,.F.,.F.) 
B_SPLINE_CURVE_WITH_KNOTS((9,9),(2.25,3.75),.PIECEWISE_BEZIER_KNOTS.) 
CURVE() GEOMETRIC_REPRESENTATION_ITEM() RATIONAL_B_SPLINE_CURVE((1.,1.,
1.,1.,1.,1.,1.,1.,1.)) REPRESENTATION_ITEM('') );
#7234 = CARTESIAN_POINT('',(8.,66.,-89.25));
#7235 = CARTESIAN_POINT('',(8.,66.,-89.4375));
#7236 = CARTESIAN_POINT('',(8.,65.988771807277,-89.625));
#7237 = CARTESIAN_POINT('',(8.,65.98318514065,-89.8125));
#7238 = CARTESIAN_POINT('',(8.,65.978515288219,-90.));
#7239 = CARTESIAN_POINT('',(8.,65.98318514065,-90.1875));
#7240 = CARTESIAN_POINT('',(8.,65.988771807277,-90.375));
#7241 = CARTESIAN_POINT('',(8.,66.,-90.5625));
#7242 = CARTESIAN_POINT('',(8.,66.,-90.75));
#7243 = ORIENTED_EDGE('',*,*,#7244,.T.);
#7244 = EDGE_CURVE('',#7231,#3065,#7245,.T.);
#7245 = LINE('',#7246,#7247);
#7246 = CARTESIAN_POINT('',(8.,66.,-87.));
#7247 = VECTOR('',#7248,1.);
#7248 = DIRECTION('',(0.,0.,-1.));
#7249 = ORIENTED_EDGE('',*,*,#3064,.T.);
#7250 = PLANE('',#7251);
#7251 = AXIS2_PLACEMENT_3D('',#7252,#7253,#7254);
#7252 = CARTESIAN_POINT('',(8.,68.,-49.7));
#7253 = DIRECTION('',(1.,0.,0.));
#7254 = DIRECTION('',(0.,0.,1.));
#7255 = ADVANCED_FACE('',(#7256),#7281,.T.);
#7256 = FACE_BOUND('',#7257,.F.);
#7257 = EDGE_LOOP('',(#7258,#7268,#7274,#7275));
#7258 = ORIENTED_EDGE('',*,*,#7259,.F.);
#7259 = EDGE_CURVE('',#7260,#7262,#7264,.T.);
#7260 = VERTEX_POINT('',#7261);
#7261 = CARTESIAN_POINT('',(24.15,3.5,-94.));
#7262 = VERTEX_POINT('',#7263);
#7263 = CARTESIAN_POINT('',(24.15,7.3,-94.));
#7264 = LINE('',#7265,#7266);
#7265 = CARTESIAN_POINT('',(24.15,3.5,-94.));
#7266 = VECTOR('',#7267,1.);
#7267 = DIRECTION('',(0.,1.,0.));
#7268 = ORIENTED_EDGE('',*,*,#7269,.F.);
#7269 = EDGE_CURVE('',#3167,#7260,#7270,.T.);
#7270 = LINE('',#7271,#7272);
#7271 = CARTESIAN_POINT('',(24.15,3.5,-93.));
#7272 = VECTOR('',#7273,1.);
#7273 = DIRECTION('',(0.,0.,-1.));
#7274 = ORIENTED_EDGE('',*,*,#3166,.T.);
#7275 = ORIENTED_EDGE('',*,*,#7276,.T.);
#7276 = EDGE_CURVE('',#3169,#7262,#7277,.T.);
#7277 = LINE('',#7278,#7279);
#7278 = CARTESIAN_POINT('',(24.15,7.3,-93.));
#7279 = VECTOR('',#7280,1.);
#7280 = DIRECTION('',(0.,0.,-1.));
#7281 = PLANE('',#7282);
#7282 = AXIS2_PLACEMENT_3D('',#7283,#7284,#7285);
#7283 = CARTESIAN_POINT('',(24.15,2.,-93.));
#7284 = DIRECTION('',(1.,0.,0.));
#7285 = DIRECTION('',(0.,0.,-1.));
#7286 = ADVANCED_FACE('',(#7287),#7305,.T.);
#7287 = FACE_BOUND('',#7288,.F.);
#7288 = EDGE_LOOP('',(#7289,#7297,#7303,#7304));
#7289 = ORIENTED_EDGE('',*,*,#7290,.F.);
#7290 = EDGE_CURVE('',#7291,#7260,#7293,.T.);
#7291 = VERTEX_POINT('',#7292);
#7292 = CARTESIAN_POINT('',(37.65,3.5,-94.));
#7293 = LINE('',#7294,#7295);
#7294 = CARTESIAN_POINT('',(37.65,3.5,-94.));
#7295 = VECTOR('',#7296,1.);
#7296 = DIRECTION('',(-1.,0.,0.));
#7297 = ORIENTED_EDGE('',*,*,#7298,.T.);
#7298 = EDGE_CURVE('',#7291,#3185,#7299,.T.);
#7299 = LINE('',#7300,#7301);
#7300 = CARTESIAN_POINT('',(37.65,3.5,-94.));
#7301 = VECTOR('',#7302,1.);
#7302 = DIRECTION('',(0.,0.,1.));
#7303 = ORIENTED_EDGE('',*,*,#3192,.F.);
#7304 = ORIENTED_EDGE('',*,*,#7269,.T.);
#7305 = PLANE('',#7306);
#7306 = AXIS2_PLACEMENT_3D('',#7307,#7308,#7309);
#7307 = CARTESIAN_POINT('',(0.,3.5,0.));
#7308 = DIRECTION('',(0.,1.,0.));
#7309 = DIRECTION('',(-1.,0.,0.));
#7310 = ADVANCED_FACE('',(#7311),#7329,.T.);
#7311 = FACE_BOUND('',#7312,.T.);
#7312 = EDGE_LOOP('',(#7313,#7321,#7327,#7328));
#7313 = ORIENTED_EDGE('',*,*,#7314,.F.);
#7314 = EDGE_CURVE('',#7315,#7262,#7317,.T.);
#7315 = VERTEX_POINT('',#7316);
#7316 = CARTESIAN_POINT('',(37.65,7.3,-94.));
#7317 = LINE('',#7318,#7319);
#7318 = CARTESIAN_POINT('',(39.15,7.3,-94.));
#7319 = VECTOR('',#7320,1.);
#7320 = DIRECTION('',(-1.,0.,0.));
#7321 = ORIENTED_EDGE('',*,*,#7322,.T.);
#7322 = EDGE_CURVE('',#7315,#3177,#7323,.T.);
#7323 = LINE('',#7324,#7325);
#7324 = CARTESIAN_POINT('',(37.65,7.3,-94.));
#7325 = VECTOR('',#7326,1.);
#7326 = DIRECTION('',(0.,0.,1.));
#7327 = ORIENTED_EDGE('',*,*,#3176,.T.);
#7328 = ORIENTED_EDGE('',*,*,#7276,.T.);
#7329 = PLANE('',#7330);
#7330 = AXIS2_PLACEMENT_3D('',#7331,#7332,#7333);
#7331 = CARTESIAN_POINT('',(47.6,7.3,-95.));
#7332 = DIRECTION('',(0.,-1.,0.));
#7333 = DIRECTION('',(-1.,0.,0.));
#7334 = ADVANCED_FACE('',(#7335),#7346,.T.);
#7335 = FACE_BOUND('',#7336,.F.);
#7336 = EDGE_LOOP('',(#7337,#7343,#7344,#7345));
#7337 = ORIENTED_EDGE('',*,*,#7338,.T.);
#7338 = EDGE_CURVE('',#7291,#7315,#7339,.T.);
#7339 = LINE('',#7340,#7341);
#7340 = CARTESIAN_POINT('',(37.65,3.5,-94.));
#7341 = VECTOR('',#7342,1.);
#7342 = DIRECTION('',(0.,1.,0.));
#7343 = ORIENTED_EDGE('',*,*,#7322,.T.);
#7344 = ORIENTED_EDGE('',*,*,#3184,.F.);
#7345 = ORIENTED_EDGE('',*,*,#7298,.F.);
#7346 = PLANE('',#7347);
#7347 = AXIS2_PLACEMENT_3D('',#7348,#7349,#7350);
#7348 = CARTESIAN_POINT('',(37.65,2.,-95.));
#7349 = DIRECTION('',(-1.,0.,0.));
#7350 = DIRECTION('',(0.,0.,1.));
#7351 = ADVANCED_FACE('',(#7352),#7362,.T.);
#7352 = FACE_BOUND('',#7353,.T.);
#7353 = EDGE_LOOP('',(#7354,#7355,#7361));
#7354 = ORIENTED_EDGE('',*,*,#5746,.T.);
#7355 = ORIENTED_EDGE('',*,*,#7356,.F.);
#7356 = EDGE_CURVE('',#3358,#5747,#7357,.T.);
#7357 = LINE('',#7358,#7359);
#7358 = CARTESIAN_POINT('',(148.,64.,-10.4));
#7359 = VECTOR('',#7360,1.);
#7360 = DIRECTION('',(-1.,0.,0.));
#7361 = ORIENTED_EDGE('',*,*,#3357,.F.);
#7362 = PLANE('',#7363);
#7363 = AXIS2_PLACEMENT_3D('',#7364,#7365,#7366);
#7364 = CARTESIAN_POINT('',(148.,64.,-6.4));
#7365 = DIRECTION('',(-0.,-1.,-0.));
#7366 = DIRECTION('',(0.,0.,-1.));
#7367 = ADVANCED_FACE('',(#7368),#7379,.T.);
#7368 = FACE_BOUND('',#7369,.T.);
#7369 = EDGE_LOOP('',(#7370,#7377,#7378));
#7370 = ORIENTED_EDGE('',*,*,#7371,.T.);
#7371 = EDGE_CURVE('',#3386,#6477,#7372,.T.);
#7372 = CIRCLE('',#7373,1.25);
#7373 = AXIS2_PLACEMENT_3D('',#7374,#7375,#7376);
#7374 = CARTESIAN_POINT('',(145.,64.,-90.));
#7375 = DIRECTION('',(0.,1.,-2.2E-16));
#7376 = DIRECTION('',(-1.,0.,0.));
#7377 = ORIENTED_EDGE('',*,*,#6476,.F.);
#7378 = ORIENTED_EDGE('',*,*,#3393,.F.);
#7379 = PLANE('',#7380);
#7380 = AXIS2_PLACEMENT_3D('',#7381,#7382,#7383);
#7381 = CARTESIAN_POINT('',(148.,64.,-87.));
#7382 = DIRECTION('',(-0.,-1.,-0.));
#7383 = DIRECTION('',(0.,0.,-1.));
#7384 = ADVANCED_FACE('',(#7385),#7397,.T.);
#7385 = FACE_BOUND('',#7386,.F.);
#7386 = EDGE_LOOP('',(#7387,#7388,#7389,#7396));
#7387 = ORIENTED_EDGE('',*,*,#3419,.T.);
#7388 = ORIENTED_EDGE('',*,*,#3689,.T.);
#7389 = ORIENTED_EDGE('',*,*,#7390,.F.);
#7390 = EDGE_CURVE('',#5747,#3690,#7391,.T.);
#7391 = CIRCLE('',#7392,2.);
#7392 = AXIS2_PLACEMENT_3D('',#7393,#7394,#7395);
#7393 = CARTESIAN_POINT('',(145.75,66.,-10.4));
#7394 = DIRECTION('',(1.,0.,0.));
#7395 = DIRECTION('',(0.,-1.,0.));
#7396 = ORIENTED_EDGE('',*,*,#7356,.F.);
#7397 = CYLINDRICAL_SURFACE('',#7398,2.);
#7398 = AXIS2_PLACEMENT_3D('',#7399,#7400,#7401);
#7399 = CARTESIAN_POINT('',(148.,66.,-10.4));
#7400 = DIRECTION('',(-1.,0.,0.));
#7401 = DIRECTION('',(0.,-1.,0.));
#7402 = ADVANCED_FACE('',(#7403),#7479,.F.);
#7403 = FACE_BOUND('',#7404,.F.);
#7404 = EDGE_LOOP('',(#7405,#7416,#7430,#7437,#7438,#7439,#7440,#7449,
    #7461,#7467,#7468,#7469));
#7405 = ORIENTED_EDGE('',*,*,#7406,.T.);
#7406 = EDGE_CURVE('',#7407,#7409,#7411,.T.);
#7407 = VERTEX_POINT('',#7408);
#7408 = CARTESIAN_POINT('',(144.,64.,-89.25));
#7409 = VERTEX_POINT('',#7410);
#7410 = CARTESIAN_POINT('',(144.25,64.,-89.));
#7411 = CIRCLE('',#7412,1.25);
#7412 = AXIS2_PLACEMENT_3D('',#7413,#7414,#7415);
#7413 = CARTESIAN_POINT('',(145.,64.,-90.));
#7414 = DIRECTION('',(0.,1.,-2.2E-16));
#7415 = DIRECTION('',(-1.,0.,0.));
#7416 = ORIENTED_EDGE('',*,*,#7417,.F.);
#7417 = EDGE_CURVE('',#7418,#7409,#7420,.T.);
#7418 = VERTEX_POINT('',#7419);
#7419 = CARTESIAN_POINT('',(145.75,64.,-89.));
#7420 = ( BOUNDED_CURVE() B_SPLINE_CURVE(8,(#7421,#7422,#7423,#7424,
    #7425,#7426,#7427,#7428,#7429),.UNSPECIFIED.,.F.,.F.) 
B_SPLINE_CURVE_WITH_KNOTS((9,9),(2.25,3.75),.PIECEWISE_BEZIER_KNOTS.) 
CURVE() GEOMETRIC_REPRESENTATION_ITEM() RATIONAL_B_SPLINE_CURVE((1.,1.,
1.,1.,1.,1.,1.,1.,1.)) REPRESENTATION_ITEM('') );
#7421 = CARTESIAN_POINT('',(145.75,64.,-89.));
#7422 = CARTESIAN_POINT('',(145.5625,64.,-88.859375));
#7423 = CARTESIAN_POINT('',(145.375,64.,-88.78139302782));
#7424 = CARTESIAN_POINT('',(145.1875,64.,-88.73222435053));
#7425 = CARTESIAN_POINT('',(145.,64.,-88.72118984128));
#7426 = CARTESIAN_POINT('',(144.8125,64.,-88.73222435053));
#7427 = CARTESIAN_POINT('',(144.625,64.,-88.78139302782));
#7428 = CARTESIAN_POINT('',(144.4375,64.,-88.859375));
#7429 = CARTESIAN_POINT('',(144.25,64.,-89.));
#7430 = ORIENTED_EDGE('',*,*,#7431,.T.);
#7431 = EDGE_CURVE('',#7418,#3634,#7432,.T.);
#7432 = CIRCLE('',#7433,1.25);
#7433 = AXIS2_PLACEMENT_3D('',#7434,#7435,#7436);
#7434 = CARTESIAN_POINT('',(145.,64.,-90.));
#7435 = DIRECTION('',(0.,1.,-2.2E-16));
#7436 = DIRECTION('',(-1.,0.,0.));
#7437 = ORIENTED_EDGE('',*,*,#3642,.T.);
#7438 = ORIENTED_EDGE('',*,*,#7371,.T.);
#7439 = ORIENTED_EDGE('',*,*,#6501,.T.);
#7440 = ORIENTED_EDGE('',*,*,#7441,.T.);
#7441 = EDGE_CURVE('',#6502,#7442,#7444,.T.);
#7442 = VERTEX_POINT('',#7443);
#7443 = CARTESIAN_POINT('',(144.,64.,-90.75));
#7444 = CIRCLE('',#7445,1.25);
#7445 = AXIS2_PLACEMENT_3D('',#7446,#7447,#7448);
#7446 = CARTESIAN_POINT('',(145.,64.,-90.));
#7447 = DIRECTION('',(0.,1.,-2.2E-16));
#7448 = DIRECTION('',(-1.,0.,0.));
#7449 = ORIENTED_EDGE('',*,*,#7450,.F.);
#7450 = EDGE_CURVE('',#7451,#7442,#7453,.T.);
#7451 = VERTEX_POINT('',#7452);
#7452 = CARTESIAN_POINT('',(143.75,64.,-90.));
#7453 = ( BOUNDED_CURVE() B_SPLINE_CURVE(6,(#7454,#7455,#7456,#7457,
#7458,#7459,#7460),.UNSPECIFIED.,.F.,.F.) B_SPLINE_CURVE_WITH_KNOTS((7,7
),(3.,3.75),.PIECEWISE_BEZIER_KNOTS.) CURVE() 
GEOMETRIC_REPRESENTATION_ITEM() RATIONAL_B_SPLINE_CURVE((1.,1.,1.,1.,1.,
1.,1.)) REPRESENTATION_ITEM('') );
#7454 = CARTESIAN_POINT('',(143.75,64.,-90.));
#7455 = CARTESIAN_POINT('',(143.75,64.,-90.125));
#7456 = CARTESIAN_POINT('',(143.76505809287,64.,-90.25));
#7457 = CARTESIAN_POINT('',(143.79480529358,64.,-90.375));
#7458 = CARTESIAN_POINT('',(143.84169026803,64.,-90.5));
#7459 = CARTESIAN_POINT('',(143.90625,64.,-90.625));
#7460 = CARTESIAN_POINT('',(144.,64.,-90.75));
#7461 = ORIENTED_EDGE('',*,*,#7462,.F.);
#7462 = EDGE_CURVE('',#4052,#7451,#7463,.T.);
#7463 = LINE('',#7464,#7465);
#7464 = CARTESIAN_POINT('',(143.75,72.,-90.));
#7465 = VECTOR('',#7466,1.);
#7466 = DIRECTION('',(0.,-1.,2.2E-16));
#7467 = ORIENTED_EDGE('',*,*,#4051,.F.);
#7468 = ORIENTED_EDGE('',*,*,#7462,.T.);
#7469 = ORIENTED_EDGE('',*,*,#7470,.F.);
#7470 = EDGE_CURVE('',#7407,#7451,#7471,.T.);
#7471 = ( BOUNDED_CURVE() B_SPLINE_CURVE(6,(#7472,#7473,#7474,#7475,
#7476,#7477,#7478),.UNSPECIFIED.,.F.,.F.) B_SPLINE_CURVE_WITH_KNOTS((7,7
),(2.25,3.),.PIECEWISE_BEZIER_KNOTS.) CURVE() 
GEOMETRIC_REPRESENTATION_ITEM() RATIONAL_B_SPLINE_CURVE((1.,1.,1.,1.,1.,
1.,1.)) REPRESENTATION_ITEM('') );
#7472 = CARTESIAN_POINT('',(144.,64.,-89.25));
#7473 = CARTESIAN_POINT('',(143.90625,64.,-89.375));
#7474 = CARTESIAN_POINT('',(143.84169026803,64.,-89.5));
#7475 = CARTESIAN_POINT('',(143.79480529358,64.,-89.625));
#7476 = CARTESIAN_POINT('',(143.76505809287,64.,-89.75));
#7477 = CARTESIAN_POINT('',(143.75,64.,-89.875));
#7478 = CARTESIAN_POINT('',(143.75,64.,-90.));
#7479 = CYLINDRICAL_SURFACE('',#7480,1.25);
#7480 = AXIS2_PLACEMENT_3D('',#7481,#7482,#7483);
#7481 = CARTESIAN_POINT('',(145.,72.,-90.));
#7482 = DIRECTION('',(0.,1.,-2.2E-16));
#7483 = DIRECTION('',(-1.,0.,0.));
#7484 = ADVANCED_FACE('',(#7485),#7507,.T.);
#7485 = FACE_BOUND('',#7486,.F.);
#7486 = EDGE_LOOP('',(#7487,#7493,#7494,#7501));
#7487 = ORIENTED_EDGE('',*,*,#7488,.T.);
#7488 = EDGE_CURVE('',#5756,#3698,#7489,.T.);
#7489 = ( BOUNDED_CURVE() B_SPLINE_CURVE(2,(#7490,#7491,#7492),
.UNSPECIFIED.,.F.,.F.) B_SPLINE_CURVE_WITH_KNOTS((3,3),(0.,1.5),
.PIECEWISE_BEZIER_KNOTS.) CURVE() GEOMETRIC_REPRESENTATION_ITEM() 
RATIONAL_B_SPLINE_CURVE((1.,0.707106781187,1.)) REPRESENTATION_ITEM('') 
  );
#7490 = CARTESIAN_POINT('',(144.25,64.,-10.4));
#7491 = CARTESIAN_POINT('',(144.25,64.,-12.4));
#7492 = CARTESIAN_POINT('',(144.25,66.,-12.4));
#7493 = ORIENTED_EDGE('',*,*,#3711,.T.);
#7494 = ORIENTED_EDGE('',*,*,#7495,.F.);
#7495 = EDGE_CURVE('',#5824,#3712,#7496,.T.);
#7496 = CIRCLE('',#7497,2.);
#7497 = AXIS2_PLACEMENT_3D('',#7498,#7499,#7500);
#7498 = CARTESIAN_POINT('',(144.,66.,-10.4));
#7499 = DIRECTION('',(1.,-0.,0.));
#7500 = DIRECTION('',(0.,0.,-1.));
#7501 = ORIENTED_EDGE('',*,*,#7502,.F.);
#7502 = EDGE_CURVE('',#5756,#5824,#7503,.T.);
#7503 = LINE('',#7504,#7505);
#7504 = CARTESIAN_POINT('',(148.,64.,-10.4));
#7505 = VECTOR('',#7506,1.);
#7506 = DIRECTION('',(-1.,0.,0.));
#7507 = CYLINDRICAL_SURFACE('',#7508,2.);
#7508 = AXIS2_PLACEMENT_3D('',#7509,#7510,#7511);
#7509 = CARTESIAN_POINT('',(148.,66.,-10.4));
#7510 = DIRECTION('',(-1.,0.,0.));
#7511 = DIRECTION('',(0.,-1.,0.));
#7512 = ADVANCED_FACE('',(#7513),#7519,.T.);
#7513 = FACE_BOUND('',#7514,.T.);
#7514 = EDGE_LOOP('',(#7515,#7516,#7517,#7518));
#7515 = ORIENTED_EDGE('',*,*,#7390,.F.);
#7516 = ORIENTED_EDGE('',*,*,#5755,.T.);
#7517 = ORIENTED_EDGE('',*,*,#7488,.T.);
#7518 = ORIENTED_EDGE('',*,*,#3697,.F.);
#7519 = ( BOUNDED_SURFACE() B_SPLINE_SURFACE(2,8,(
    (#7520,#7521,#7522,#7523,#7524,#7525,#7526,#7527,#7528)
    ,(#7529,#7530,#7531,#7532,#7533,#7534,#7535,#7536,#7537)
    ,(#7538,#7539,#7540,#7541,#7542,#7543,#7544,#7545,#7546
)),.UNSPECIFIED.,.F.,.F.,.F.) B_SPLINE_SURFACE_WITH_KNOTS((3,3),(9,9),(
    0.,1.5),(2.25,3.75),.PIECEWISE_BEZIER_KNOTS.) 
GEOMETRIC_REPRESENTATION_ITEM() RATIONAL_B_SPLINE_SURFACE((
    (1.,1.,1.,1.,1.,1.,1.,1.,1.)
    ,(0.707106781187,0.731966003963,0.74476096418,0.753081455647
      ,0.754607029964,0.753081455647,0.74476096418,0.731966003963
      ,0.707106781187)
,(1.,1.,1.,1.,1.,1.,1.,1.,1.))) REPRESENTATION_ITEM('') SURFACE() );
#7520 = CARTESIAN_POINT('',(145.75,66.,-12.4));
#7521 = CARTESIAN_POINT('',(145.5625,66.,-12.4));
#7522 = CARTESIAN_POINT('',(145.375,65.988771807277,-12.4));
#7523 = CARTESIAN_POINT('',(145.1875,65.98318514065,-12.4));
#7524 = CARTESIAN_POINT('',(145.,65.978515288219,-12.4));
#7525 = CARTESIAN_POINT('',(144.8125,65.98318514065,-12.4));
#7526 = CARTESIAN_POINT('',(144.625,65.988771807277,-12.4));
#7527 = CARTESIAN_POINT('',(144.4375,66.,-12.4));
#7528 = CARTESIAN_POINT('',(144.25,66.,-12.4));
#7529 = CARTESIAN_POINT('',(145.75,64.,-12.4));
#7530 = CARTESIAN_POINT('',(145.56886792452,64.135849056604,-12.4));
#7531 = CARTESIAN_POINT('',(145.37977414053,64.196881831586,-12.4));
#7532 = CARTESIAN_POINT('',(145.19082096338,64.234990054149,-12.4));
#7533 = CARTESIAN_POINT('',(145.,64.240599380392,-12.4));
#7534 = CARTESIAN_POINT('',(144.80917903661,64.234990054149,-12.4));
#7535 = CARTESIAN_POINT('',(144.62022585946,64.196881831586,-12.4));
#7536 = CARTESIAN_POINT('',(144.43113207547,64.135849056604,-12.4));
#7537 = CARTESIAN_POINT('',(144.25,64.,-12.4));
#7538 = CARTESIAN_POINT('',(145.75,64.,-10.4));
#7539 = CARTESIAN_POINT('',(145.5625,64.,-10.540625));
#7540 = CARTESIAN_POINT('',(145.375,64.,-10.61860697218));
#7541 = CARTESIAN_POINT('',(145.1875,64.,-10.66777564946));
#7542 = CARTESIAN_POINT('',(145.,64.,-10.67881015871));
#7543 = CARTESIAN_POINT('',(144.8125,64.,-10.66777564946));
#7544 = CARTESIAN_POINT('',(144.625,64.,-10.61860697218));
#7545 = CARTESIAN_POINT('',(144.4375,64.,-10.540625));
#7546 = CARTESIAN_POINT('',(144.25,64.,-10.4));
#7547 = ADVANCED_FACE('',(#7548),#7558,.T.);
#7548 = FACE_BOUND('',#7549,.T.);
#7549 = EDGE_LOOP('',(#7550,#7551,#7552));
#7550 = ORIENTED_EDGE('',*,*,#7431,.T.);
#7551 = ORIENTED_EDGE('',*,*,#3747,.F.);
#7552 = ORIENTED_EDGE('',*,*,#7553,.T.);
#7553 = EDGE_CURVE('',#3735,#7418,#7554,.T.);
#7554 = LINE('',#7555,#7556);
#7555 = CARTESIAN_POINT('',(148.,64.,-89.));
#7556 = VECTOR('',#7557,1.);
#7557 = DIRECTION('',(-1.,0.,0.));
#7558 = PLANE('',#7559);
#7559 = AXIS2_PLACEMENT_3D('',#7560,#7561,#7562);
#7560 = CARTESIAN_POINT('',(148.,64.,-87.));
#7561 = DIRECTION('',(-0.,-1.,-0.));
#7562 = DIRECTION('',(0.,0.,-1.));
#7563 = ADVANCED_FACE('',(#7564),#7576,.T.);
#7564 = FACE_BOUND('',#7565,.T.);
#7565 = EDGE_LOOP('',(#7566,#7567,#7568,#7575));
#7566 = ORIENTED_EDGE('',*,*,#3764,.T.);
#7567 = ORIENTED_EDGE('',*,*,#4016,.T.);
#7568 = ORIENTED_EDGE('',*,*,#7569,.F.);
#7569 = EDGE_CURVE('',#7418,#4003,#7570,.T.);
#7570 = CIRCLE('',#7571,2.);
#7571 = AXIS2_PLACEMENT_3D('',#7572,#7573,#7574);
#7572 = CARTESIAN_POINT('',(145.75,66.,-89.));
#7573 = DIRECTION('',(-1.,0.,0.));
#7574 = DIRECTION('',(0.,-1.,0.));
#7575 = ORIENTED_EDGE('',*,*,#7553,.F.);
#7576 = CYLINDRICAL_SURFACE('',#7577,2.);
#7577 = AXIS2_PLACEMENT_3D('',#7578,#7579,#7580);
#7578 = CARTESIAN_POINT('',(148.,66.,-89.));
#7579 = DIRECTION('',(-1.,0.,0.));
#7580 = DIRECTION('',(0.,-1.,0.));
#7581 = ADVANCED_FACE('',(#7582),#7594,.T.);
#7582 = FACE_BOUND('',#7583,.F.);
#7583 = EDGE_LOOP('',(#7584,#7585,#7586,#7593));
#7584 = ORIENTED_EDGE('',*,*,#4039,.T.);
#7585 = ORIENTED_EDGE('',*,*,#3986,.T.);
#7586 = ORIENTED_EDGE('',*,*,#7587,.F.);
#7587 = EDGE_CURVE('',#6800,#3987,#7588,.T.);
#7588 = CIRCLE('',#7589,2.);
#7589 = AXIS2_PLACEMENT_3D('',#7590,#7591,#7592);
#7590 = CARTESIAN_POINT('',(144.,66.,-89.));
#7591 = DIRECTION('',(0.,1.,-0.));
#7592 = DIRECTION('',(-1.,0.,0.));
#7593 = ORIENTED_EDGE('',*,*,#6799,.F.);
#7594 = CYLINDRICAL_SURFACE('',#7595,2.);
#7595 = AXIS2_PLACEMENT_3D('',#7596,#7597,#7598);
#7596 = CARTESIAN_POINT('',(144.,72.,-89.));
#7597 = DIRECTION('',(0.,-1.,0.));
#7598 = DIRECTION('',(-1.,0.,0.));
#7599 = ADVANCED_FACE('',(#7600),#7624,.T.);
#7600 = FACE_BOUND('',#7601,.T.);
#7601 = EDGE_LOOP('',(#7602,#7608,#7609,#7618));
#7602 = ORIENTED_EDGE('',*,*,#7603,.T.);
#7603 = EDGE_CURVE('',#7409,#3995,#7604,.T.);
#7604 = ( BOUNDED_CURVE() B_SPLINE_CURVE(2,(#7605,#7606,#7607),
.UNSPECIFIED.,.F.,.F.) B_SPLINE_CURVE_WITH_KNOTS((3,3),(0.,1.5),
.PIECEWISE_BEZIER_KNOTS.) CURVE() GEOMETRIC_REPRESENTATION_ITEM() 
RATIONAL_B_SPLINE_CURVE((1.,0.707106781187,1.)) REPRESENTATION_ITEM('') 
  );
#7605 = CARTESIAN_POINT('',(144.25,64.,-89.));
#7606 = CARTESIAN_POINT('',(144.25,64.,-87.));
#7607 = CARTESIAN_POINT('',(144.25,66.,-87.));
#7608 = ORIENTED_EDGE('',*,*,#3994,.T.);
#7609 = ORIENTED_EDGE('',*,*,#7610,.F.);
#7610 = EDGE_CURVE('',#7611,#3987,#7613,.T.);
#7611 = VERTEX_POINT('',#7612);
#7612 = CARTESIAN_POINT('',(144.,64.,-89.));
#7613 = CIRCLE('',#7614,2.);
#7614 = AXIS2_PLACEMENT_3D('',#7615,#7616,#7617);
#7615 = CARTESIAN_POINT('',(144.,66.,-89.));
#7616 = DIRECTION('',(-1.,0.,-6.E-17));
#7617 = DIRECTION('',(-6.E-17,0.,1.));
#7618 = ORIENTED_EDGE('',*,*,#7619,.F.);
#7619 = EDGE_CURVE('',#7409,#7611,#7620,.T.);
#7620 = LINE('',#7621,#7622);
#7621 = CARTESIAN_POINT('',(148.,64.,-89.));
#7622 = VECTOR('',#7623,1.);
#7623 = DIRECTION('',(-1.,0.,0.));
#7624 = CYLINDRICAL_SURFACE('',#7625,2.);
#7625 = AXIS2_PLACEMENT_3D('',#7626,#7627,#7628);
#7626 = CARTESIAN_POINT('',(148.,66.,-89.));
#7627 = DIRECTION('',(-1.,0.,0.));
#7628 = DIRECTION('',(0.,-1.,0.));
#7629 = ADVANCED_FACE('',(#7630),#7636,.F.);
#7630 = FACE_BOUND('',#7631,.F.);
#7631 = EDGE_LOOP('',(#7632,#7633,#7634,#7635));
#7632 = ORIENTED_EDGE('',*,*,#7569,.F.);
#7633 = ORIENTED_EDGE('',*,*,#7417,.T.);
#7634 = ORIENTED_EDGE('',*,*,#7603,.T.);
#7635 = ORIENTED_EDGE('',*,*,#4002,.F.);
#7636 = ( BOUNDED_SURFACE() B_SPLINE_SURFACE(2,8,(
    (#7637,#7638,#7639,#7640,#7641,#7642,#7643,#7644,#7645)
    ,(#7646,#7647,#7648,#7649,#7650,#7651,#7652,#7653,#7654)
    ,(#7655,#7656,#7657,#7658,#7659,#7660,#7661,#7662,#7663
)),.UNSPECIFIED.,.F.,.F.,.F.) B_SPLINE_SURFACE_WITH_KNOTS((3,3),(9,9),(
    0.,1.5),(2.25,3.75),.PIECEWISE_BEZIER_KNOTS.) 
GEOMETRIC_REPRESENTATION_ITEM() RATIONAL_B_SPLINE_SURFACE((
    (1.,1.,1.,1.,1.,1.,1.,1.,1.)
    ,(0.707106781187,0.731966003963,0.74476096418,0.753081455647
      ,0.754607029963,0.753081455647,0.74476096418,0.731966003963
      ,0.707106781187)
,(1.,1.,1.,1.,1.,1.,1.,1.,1.))) REPRESENTATION_ITEM('') SURFACE() );
#7637 = CARTESIAN_POINT('',(145.75,66.,-87.));
#7638 = CARTESIAN_POINT('',(145.5625,66.,-87.));
#7639 = CARTESIAN_POINT('',(145.375,65.988771807277,-87.));
#7640 = CARTESIAN_POINT('',(145.1875,65.98318514065,-87.));
#7641 = CARTESIAN_POINT('',(145.,65.978515288219,-87.));
#7642 = CARTESIAN_POINT('',(144.8125,65.98318514065,-87.));
#7643 = CARTESIAN_POINT('',(144.625,65.988771807277,-87.));
#7644 = CARTESIAN_POINT('',(144.4375,66.,-87.));
#7645 = CARTESIAN_POINT('',(144.25,66.,-87.));
#7646 = CARTESIAN_POINT('',(145.75,64.,-87.));
#7647 = CARTESIAN_POINT('',(145.56886792452,64.135849056604,-87.));
#7648 = CARTESIAN_POINT('',(145.37977414053,64.196881831586,-87.));
#7649 = CARTESIAN_POINT('',(145.19082096338,64.234990054149,-87.));
#7650 = CARTESIAN_POINT('',(145.,64.240599380392,-87.));
#7651 = CARTESIAN_POINT('',(144.80917903661,64.234990054149,-87.));
#7652 = CARTESIAN_POINT('',(144.62022585946,64.196881831586,-87.));
#7653 = CARTESIAN_POINT('',(144.43113207547,64.135849056604,-87.));
#7654 = CARTESIAN_POINT('',(144.25,64.,-87.));
#7655 = CARTESIAN_POINT('',(145.75,64.,-89.));
#7656 = CARTESIAN_POINT('',(145.5625,64.,-88.859375));
#7657 = CARTESIAN_POINT('',(145.375,64.,-88.78139302782));
#7658 = CARTESIAN_POINT('',(145.1875,64.,-88.73222435053));
#7659 = CARTESIAN_POINT('',(145.,64.,-88.72118984128));
#7660 = CARTESIAN_POINT('',(144.8125,64.,-88.73222435053));
#7661 = CARTESIAN_POINT('',(144.625,64.,-88.78139302782));
#7662 = CARTESIAN_POINT('',(144.4375,64.,-88.859375));
#7663 = CARTESIAN_POINT('',(144.25,64.,-89.));
#7664 = ADVANCED_FACE('',(#7665),#7693,.T.);
#7665 = FACE_BOUND('',#7666,.T.);
#7666 = EDGE_LOOP('',(#7667,#7668,#7669,#7676,#7685,#7692));
#7667 = ORIENTED_EDGE('',*,*,#4119,.T.);
#7668 = ORIENTED_EDGE('',*,*,#4094,.T.);
#7669 = ORIENTED_EDGE('',*,*,#7670,.T.);
#7670 = EDGE_CURVE('',#4087,#7671,#7673,.T.);
#7671 = VERTEX_POINT('',#7672);
#7672 = CARTESIAN_POINT('',(9.4,6.,-88.15));
#7673 = B_SPLINE_CURVE_WITH_KNOTS('',1,(#7674,#7675),.UNSPECIFIED.,.F.,
  .F.,(2,2),(0.5,4.),.PIECEWISE_BEZIER_KNOTS.);
#7674 = CARTESIAN_POINT('',(9.4,2.5,-88.15));
#7675 = CARTESIAN_POINT('',(9.4,6.,-88.15));
#7676 = ORIENTED_EDGE('',*,*,#7677,.F.);
#7677 = EDGE_CURVE('',#7678,#7671,#7680,.T.);
#7678 = VERTEX_POINT('',#7679);
#7679 = CARTESIAN_POINT('',(3.6,6.,-88.15));
#7680 = CIRCLE('',#7681,2.9);
#7681 = AXIS2_PLACEMENT_3D('',#7682,#7683,#7684);
#7682 = CARTESIAN_POINT('',(6.5,6.,-88.15));
#7683 = DIRECTION('',(0.,1.,-0.));
#7684 = DIRECTION('',(-1.,0.,0.));
#7685 = ORIENTED_EDGE('',*,*,#7686,.F.);
#7686 = EDGE_CURVE('',#7671,#7678,#7687,.T.);
#7687 = CIRCLE('',#7688,2.9);
#7688 = AXIS2_PLACEMENT_3D('',#7689,#7690,#7691);
#7689 = CARTESIAN_POINT('',(6.5,6.,-88.15));
#7690 = DIRECTION('',(-0.,1.,0.));
#7691 = DIRECTION('',(1.,0.,0.));
#7692 = ORIENTED_EDGE('',*,*,#7670,.F.);
#7693 = CYLINDRICAL_SURFACE('',#7694,2.9);
#7694 = AXIS2_PLACEMENT_3D('',#7695,#7696,#7697);
#7695 = CARTESIAN_POINT('',(6.5,2.,-88.15));
#7696 = DIRECTION('',(0.,1.,0.));
#7697 = DIRECTION('',(1.,0.,0.));
#7698 = ADVANCED_FACE('',(#7699),#7727,.T.);
#7699 = FACE_BOUND('',#7700,.T.);
#7700 = EDGE_LOOP('',(#7701,#7702,#7709,#7718,#7725,#7726));
#7701 = ORIENTED_EDGE('',*,*,#4169,.T.);
#7702 = ORIENTED_EDGE('',*,*,#7703,.T.);
#7703 = EDGE_CURVE('',#4145,#7704,#7706,.T.);
#7704 = VERTEX_POINT('',#7705);
#7705 = CARTESIAN_POINT('',(58.4,6.,-88.15));
#7706 = B_SPLINE_CURVE_WITH_KNOTS('',1,(#7707,#7708),.UNSPECIFIED.,.F.,
  .F.,(2,2),(0.5,4.),.PIECEWISE_BEZIER_KNOTS.);
#7707 = CARTESIAN_POINT('',(58.4,2.5,-88.15));
#7708 = CARTESIAN_POINT('',(58.4,6.,-88.15));
#7709 = ORIENTED_EDGE('',*,*,#7710,.F.);
#7710 = EDGE_CURVE('',#7711,#7704,#7713,.T.);
#7711 = VERTEX_POINT('',#7712);
#7712 = CARTESIAN_POINT('',(52.6,6.,-88.15));
#7713 = CIRCLE('',#7714,2.9);
#7714 = AXIS2_PLACEMENT_3D('',#7715,#7716,#7717);
#7715 = CARTESIAN_POINT('',(55.5,6.,-88.15));
#7716 = DIRECTION('',(0.,1.,-0.));
#7717 = DIRECTION('',(-1.,0.,0.));
#7718 = ORIENTED_EDGE('',*,*,#7719,.F.);
#7719 = EDGE_CURVE('',#7704,#7711,#7720,.T.);
#7720 = CIRCLE('',#7721,2.9);
#7721 = AXIS2_PLACEMENT_3D('',#7722,#7723,#7724);
#7722 = CARTESIAN_POINT('',(55.5,6.,-88.15));
#7723 = DIRECTION('',(-0.,1.,0.));
#7724 = DIRECTION('',(1.,0.,0.));
#7725 = ORIENTED_EDGE('',*,*,#7703,.F.);
#7726 = ORIENTED_EDGE('',*,*,#4144,.T.);
#7727 = CYLINDRICAL_SURFACE('',#7728,2.9);
#7728 = AXIS2_PLACEMENT_3D('',#7729,#7730,#7731);
#7729 = CARTESIAN_POINT('',(55.5,2.,-88.15));
#7730 = DIRECTION('',(0.,1.,0.));
#7731 = DIRECTION('',(1.,0.,0.));
#7732 = ADVANCED_FACE('',(#7733),#7761,.T.);
#7733 = FACE_BOUND('',#7734,.T.);
#7734 = EDGE_LOOP('',(#7735,#7736,#7737,#7744,#7753,#7760));
#7735 = ORIENTED_EDGE('',*,*,#4219,.T.);
#7736 = ORIENTED_EDGE('',*,*,#4194,.T.);
#7737 = ORIENTED_EDGE('',*,*,#7738,.T.);
#7738 = EDGE_CURVE('',#4187,#7739,#7741,.T.);
#7739 = VERTEX_POINT('',#7740);
#7740 = CARTESIAN_POINT('',(9.4,6.,-30.15));
#7741 = B_SPLINE_CURVE_WITH_KNOTS('',1,(#7742,#7743),.UNSPECIFIED.,.F.,
  .F.,(2,2),(0.5,4.),.PIECEWISE_BEZIER_KNOTS.);
#7742 = CARTESIAN_POINT('',(9.4,2.5,-30.15));
#7743 = CARTESIAN_POINT('',(9.4,6.,-30.15));
#7744 = ORIENTED_EDGE('',*,*,#7745,.F.);
#7745 = EDGE_CURVE('',#7746,#7739,#7748,.T.);
#7746 = VERTEX_POINT('',#7747);
#7747 = CARTESIAN_POINT('',(3.6,6.,-30.15));
#7748 = CIRCLE('',#7749,2.9);
#7749 = AXIS2_PLACEMENT_3D('',#7750,#7751,#7752);
#7750 = CARTESIAN_POINT('',(6.5,6.,-30.15));
#7751 = DIRECTION('',(0.,1.,-0.));
#7752 = DIRECTION('',(-1.,0.,0.));
#7753 = ORIENTED_EDGE('',*,*,#7754,.F.);
#7754 = EDGE_CURVE('',#7739,#7746,#7755,.T.);
#7755 = CIRCLE('',#7756,2.9);
#7756 = AXIS2_PLACEMENT_3D('',#7757,#7758,#7759);
#7757 = CARTESIAN_POINT('',(6.5,6.,-30.15));
#7758 = DIRECTION('',(-0.,1.,0.));
#7759 = DIRECTION('',(1.,0.,0.));
#7760 = ORIENTED_EDGE('',*,*,#7738,.F.);
#7761 = CYLINDRICAL_SURFACE('',#7762,2.9);
#7762 = AXIS2_PLACEMENT_3D('',#7763,#7764,#7765);
#7763 = CARTESIAN_POINT('',(6.5,2.,-30.15));
#7764 = DIRECTION('',(0.,1.,0.));
#7765 = DIRECTION('',(1.,0.,0.));
#7766 = ADVANCED_FACE('',(#7767),#7795,.T.);
#7767 = FACE_BOUND('',#7768,.T.);
#7768 = EDGE_LOOP('',(#7769,#7770,#7771,#7778,#7787,#7794));
#7769 = ORIENTED_EDGE('',*,*,#4269,.T.);
#7770 = ORIENTED_EDGE('',*,*,#4244,.T.);
#7771 = ORIENTED_EDGE('',*,*,#7772,.T.);
#7772 = EDGE_CURVE('',#4237,#7773,#7775,.T.);
#7773 = VERTEX_POINT('',#7774);
#7774 = CARTESIAN_POINT('',(58.4,6.,-30.15));
#7775 = B_SPLINE_CURVE_WITH_KNOTS('',1,(#7776,#7777),.UNSPECIFIED.,.F.,
  .F.,(2,2),(0.5,4.),.PIECEWISE_BEZIER_KNOTS.);
#7776 = CARTESIAN_POINT('',(58.4,2.5,-30.15));
#7777 = CARTESIAN_POINT('',(58.4,6.,-30.15));
#7778 = ORIENTED_EDGE('',*,*,#7779,.F.);
#7779 = EDGE_CURVE('',#7780,#7773,#7782,.T.);
#7780 = VERTEX_POINT('',#7781);
#7781 = CARTESIAN_POINT('',(52.6,6.,-30.15));
#7782 = CIRCLE('',#7783,2.9);
#7783 = AXIS2_PLACEMENT_3D('',#7784,#7785,#7786);
#7784 = CARTESIAN_POINT('',(55.5,6.,-30.15));
#7785 = DIRECTION('',(0.,1.,-0.));
#7786 = DIRECTION('',(-1.,0.,0.));
#7787 = ORIENTED_EDGE('',*,*,#7788,.F.);
#7788 = EDGE_CURVE('',#7773,#7780,#7789,.T.);
#7789 = CIRCLE('',#7790,2.9);
#7790 = AXIS2_PLACEMENT_3D('',#7791,#7792,#7793);
#7791 = CARTESIAN_POINT('',(55.5,6.,-30.15));
#7792 = DIRECTION('',(-0.,1.,0.));
#7793 = DIRECTION('',(1.,0.,0.));
#7794 = ORIENTED_EDGE('',*,*,#7772,.F.);
#7795 = CYLINDRICAL_SURFACE('',#7796,2.9);
#7796 = AXIS2_PLACEMENT_3D('',#7797,#7798,#7799);
#7797 = CARTESIAN_POINT('',(55.5,2.,-30.15));
#7798 = DIRECTION('',(0.,1.,0.));
#7799 = DIRECTION('',(1.,0.,0.));
#7800 = ADVANCED_FACE('',(#7801),#7812,.F.);
#7801 = FACE_BOUND('',#7802,.F.);
#7802 = EDGE_LOOP('',(#7803,#7810,#7811));
#7803 = ORIENTED_EDGE('',*,*,#7804,.F.);
#7804 = EDGE_CURVE('',#6856,#4287,#7805,.T.);
#7805 = CIRCLE('',#7806,1.25);
#7806 = AXIS2_PLACEMENT_3D('',#7807,#7808,#7809);
#7807 = CARTESIAN_POINT('',(5.,64.,-90.));
#7808 = DIRECTION('',(0.,1.,-2.2E-16));
#7809 = DIRECTION('',(-1.,0.,0.));
#7810 = ORIENTED_EDGE('',*,*,#6855,.F.);
#7811 = ORIENTED_EDGE('',*,*,#4294,.F.);
#7812 = PLANE('',#7813);
#7813 = AXIS2_PLACEMENT_3D('',#7814,#7815,#7816);
#7814 = CARTESIAN_POINT('',(2.,64.,-87.));
#7815 = DIRECTION('',(0.,1.,0.));
#7816 = DIRECTION('',(0.,0.,-1.));
#7817 = ADVANCED_FACE('',(#7818),#7885,.F.);
#7818 = FACE_BOUND('',#7819,.F.);
#7819 = EDGE_LOOP('',(#7820,#7829,#7843,#7852,#7866,#7873,#7874,#7875,
    #7876,#7882,#7883,#7884));
#7820 = ORIENTED_EDGE('',*,*,#7821,.T.);
#7821 = EDGE_CURVE('',#4364,#7822,#7824,.T.);
#7822 = VERTEX_POINT('',#7823);
#7823 = CARTESIAN_POINT('',(4.25,64.,-89.));
#7824 = CIRCLE('',#7825,1.25);
#7825 = AXIS2_PLACEMENT_3D('',#7826,#7827,#7828);
#7826 = CARTESIAN_POINT('',(5.,64.,-90.));
#7827 = DIRECTION('',(0.,1.,-2.2E-16));
#7828 = DIRECTION('',(-1.,0.,0.));
#7829 = ORIENTED_EDGE('',*,*,#7830,.T.);
#7830 = EDGE_CURVE('',#7822,#7831,#7833,.T.);
#7831 = VERTEX_POINT('',#7832);
#7832 = CARTESIAN_POINT('',(5.75,64.,-89.));
#7833 = ( BOUNDED_CURVE() B_SPLINE_CURVE(8,(#7834,#7835,#7836,#7837,
    #7838,#7839,#7840,#7841,#7842),.UNSPECIFIED.,.F.,.F.) 
B_SPLINE_CURVE_WITH_KNOTS((9,9),(2.25,3.75),.PIECEWISE_BEZIER_KNOTS.) 
CURVE() GEOMETRIC_REPRESENTATION_ITEM() RATIONAL_B_SPLINE_CURVE((1.,1.,
1.,1.,1.,1.,1.,1.,1.)) REPRESENTATION_ITEM('') );
#7834 = CARTESIAN_POINT('',(4.25,64.,-89.));
#7835 = CARTESIAN_POINT('',(4.4375,64.,-88.859375));
#7836 = CARTESIAN_POINT('',(4.625,64.,-88.78139302782));
#7837 = CARTESIAN_POINT('',(4.8125,64.,-88.73222435053));
#7838 = CARTESIAN_POINT('',(5.,64.,-88.72118984128));
#7839 = CARTESIAN_POINT('',(5.1875,64.,-88.73222435053));
#7840 = CARTESIAN_POINT('',(5.375,64.,-88.78139302782));
#7841 = CARTESIAN_POINT('',(5.5625,64.,-88.859375));
#7842 = CARTESIAN_POINT('',(5.75,64.,-89.));
#7843 = ORIENTED_EDGE('',*,*,#7844,.T.);
#7844 = EDGE_CURVE('',#7831,#7845,#7847,.T.);
#7845 = VERTEX_POINT('',#7846);
#7846 = CARTESIAN_POINT('',(6.,64.,-89.25));
#7847 = CIRCLE('',#7848,1.25);
#7848 = AXIS2_PLACEMENT_3D('',#7849,#7850,#7851);
#7849 = CARTESIAN_POINT('',(5.,64.,-90.));
#7850 = DIRECTION('',(0.,1.,-2.2E-16));
#7851 = DIRECTION('',(-1.,0.,0.));
#7852 = ORIENTED_EDGE('',*,*,#7853,.T.);
#7853 = EDGE_CURVE('',#7845,#7854,#7856,.T.);
#7854 = VERTEX_POINT('',#7855);
#7855 = CARTESIAN_POINT('',(6.,64.,-90.75));
#7856 = ( BOUNDED_CURVE() B_SPLINE_CURVE(8,(#7857,#7858,#7859,#7860,
    #7861,#7862,#7863,#7864,#7865),.UNSPECIFIED.,.F.,.F.) 
B_SPLINE_CURVE_WITH_KNOTS((9,9),(2.25,3.75),.PIECEWISE_BEZIER_KNOTS.) 
CURVE() GEOMETRIC_REPRESENTATION_ITEM() RATIONAL_B_SPLINE_CURVE((1.,1.,
1.,1.,1.,1.,1.,1.,1.)) REPRESENTATION_ITEM('') );
#7857 = CARTESIAN_POINT('',(6.,64.,-89.25));
#7858 = CARTESIAN_POINT('',(6.140625,64.,-89.4375));
#7859 = CARTESIAN_POINT('',(6.21860697218,64.,-89.625));
#7860 = CARTESIAN_POINT('',(6.267775649461,64.,-89.8125));
#7861 = CARTESIAN_POINT('',(6.278810158717,64.,-90.));
#7862 = CARTESIAN_POINT('',(6.267775649461,64.,-90.1875));
#7863 = CARTESIAN_POINT('',(6.21860697218,64.,-90.375));
#7864 = CARTESIAN_POINT('',(6.140625,64.,-90.5625));
#7865 = CARTESIAN_POINT('',(6.,64.,-90.75));
#7866 = ORIENTED_EDGE('',*,*,#7867,.T.);
#7867 = EDGE_CURVE('',#7854,#6881,#7868,.T.);
#7868 = CIRCLE('',#7869,1.25);
#7869 = AXIS2_PLACEMENT_3D('',#7870,#7871,#7872);
#7870 = CARTESIAN_POINT('',(5.,64.,-90.));
#7871 = DIRECTION('',(0.,1.,-2.2E-16));
#7872 = DIRECTION('',(-1.,0.,0.));
#7873 = ORIENTED_EDGE('',*,*,#6880,.F.);
#7874 = ORIENTED_EDGE('',*,*,#7804,.T.);
#7875 = ORIENTED_EDGE('',*,*,#4326,.F.);
#7876 = ORIENTED_EDGE('',*,*,#7877,.F.);
#7877 = EDGE_CURVE('',#4728,#4319,#7878,.T.);
#7878 = LINE('',#7879,#7880);
#7879 = CARTESIAN_POINT('',(3.75,72.,-90.));
#7880 = VECTOR('',#7881,1.);
#7881 = DIRECTION('',(0.,-1.,2.2E-16));
#7882 = ORIENTED_EDGE('',*,*,#4727,.F.);
#7883 = ORIENTED_EDGE('',*,*,#7877,.T.);
#7884 = ORIENTED_EDGE('',*,*,#4372,.F.);
#7885 = CYLINDRICAL_SURFACE('',#7886,1.25);
#7886 = AXIS2_PLACEMENT_3D('',#7887,#7888,#7889);
#7887 = CARTESIAN_POINT('',(5.,72.,-90.));
#7888 = DIRECTION('',(0.,1.,-2.2E-16));
#7889 = DIRECTION('',(-1.,0.,0.));
#7890 = ADVANCED_FACE('',(#7891),#7901,.F.);
#7891 = FACE_BOUND('',#7892,.F.);
#7892 = EDGE_LOOP('',(#7893,#7894,#7895));
#7893 = ORIENTED_EDGE('',*,*,#7821,.F.);
#7894 = ORIENTED_EDGE('',*,*,#4423,.F.);
#7895 = ORIENTED_EDGE('',*,*,#7896,.T.);
#7896 = EDGE_CURVE('',#4411,#7822,#7897,.T.);
#7897 = LINE('',#7898,#7899);
#7898 = CARTESIAN_POINT('',(2.,64.,-89.));
#7899 = VECTOR('',#7900,1.);
#7900 = DIRECTION('',(1.,0.,0.));
#7901 = PLANE('',#7902);
#7902 = AXIS2_PLACEMENT_3D('',#7903,#7904,#7905);
#7903 = CARTESIAN_POINT('',(2.,64.,-87.));
#7904 = DIRECTION('',(0.,1.,0.));
#7905 = DIRECTION('',(0.,0.,-1.));
#7906 = ADVANCED_FACE('',(#7907),#7919,.T.);
#7907 = FACE_BOUND('',#7908,.F.);
#7908 = EDGE_LOOP('',(#7909,#7910,#7911,#7918));
#7909 = ORIENTED_EDGE('',*,*,#4440,.T.);
#7910 = ORIENTED_EDGE('',*,*,#4692,.T.);
#7911 = ORIENTED_EDGE('',*,*,#7912,.F.);
#7912 = EDGE_CURVE('',#7822,#4679,#7913,.T.);
#7913 = CIRCLE('',#7914,2.);
#7914 = AXIS2_PLACEMENT_3D('',#7915,#7916,#7917);
#7915 = CARTESIAN_POINT('',(4.25,66.,-89.));
#7916 = DIRECTION('',(-1.,0.,0.));
#7917 = DIRECTION('',(0.,-1.,0.));
#7918 = ORIENTED_EDGE('',*,*,#7896,.F.);
#7919 = CYLINDRICAL_SURFACE('',#7920,2.);
#7920 = AXIS2_PLACEMENT_3D('',#7921,#7922,#7923);
#7921 = CARTESIAN_POINT('',(2.,66.,-89.));
#7922 = DIRECTION('',(1.,0.,0.));
#7923 = DIRECTION('',(0.,-1.,0.));
#7924 = ADVANCED_FACE('',(#7925),#7937,.T.);
#7925 = FACE_BOUND('',#7926,.F.);
#7926 = EDGE_LOOP('',(#7927,#7928,#7929,#7936));
#7927 = ORIENTED_EDGE('',*,*,#4715,.T.);
#7928 = ORIENTED_EDGE('',*,*,#7214,.T.);
#7929 = ORIENTED_EDGE('',*,*,#7930,.F.);
#7930 = EDGE_CURVE('',#4663,#7215,#7931,.T.);
#7931 = CIRCLE('',#7932,2.);
#7932 = AXIS2_PLACEMENT_3D('',#7933,#7934,#7935);
#7933 = CARTESIAN_POINT('',(6.,66.,-89.));
#7934 = DIRECTION('',(0.,1.,0.));
#7935 = DIRECTION('',(0.,0.,1.));
#7936 = ORIENTED_EDGE('',*,*,#4662,.F.);
#7937 = CYLINDRICAL_SURFACE('',#7938,2.);
#7938 = AXIS2_PLACEMENT_3D('',#7939,#7940,#7941);
#7939 = CARTESIAN_POINT('',(6.,72.,-89.));
#7940 = DIRECTION('',(0.,-1.,0.));
#7941 = DIRECTION('',(0.,0.,1.));
#7942 = ADVANCED_FACE('',(#7943),#7967,.T.);
#7943 = FACE_BOUND('',#7944,.F.);
#7944 = EDGE_LOOP('',(#7945,#7951,#7952,#7961));
#7945 = ORIENTED_EDGE('',*,*,#7946,.T.);
#7946 = EDGE_CURVE('',#7831,#4671,#7947,.T.);
#7947 = ( BOUNDED_CURVE() B_SPLINE_CURVE(2,(#7948,#7949,#7950),
.UNSPECIFIED.,.F.,.F.) B_SPLINE_CURVE_WITH_KNOTS((3,3),(0.,1.5),
.PIECEWISE_BEZIER_KNOTS.) CURVE() GEOMETRIC_REPRESENTATION_ITEM() 
RATIONAL_B_SPLINE_CURVE((1.,0.707106781187,1.)) REPRESENTATION_ITEM('') 
  );
#7948 = CARTESIAN_POINT('',(5.75,64.,-89.));
#7949 = CARTESIAN_POINT('',(5.75,64.,-87.));
#7950 = CARTESIAN_POINT('',(5.75,66.,-87.));
#7951 = ORIENTED_EDGE('',*,*,#4670,.T.);
#7952 = ORIENTED_EDGE('',*,*,#7953,.F.);
#7953 = EDGE_CURVE('',#7954,#4663,#7956,.T.);
#7954 = VERTEX_POINT('',#7955);
#7955 = CARTESIAN_POINT('',(6.,64.,-89.));
#7956 = CIRCLE('',#7957,2.);
#7957 = AXIS2_PLACEMENT_3D('',#7958,#7959,#7960);
#7958 = CARTESIAN_POINT('',(6.,66.,-89.));
#7959 = DIRECTION('',(-1.,0.,0.));
#7960 = DIRECTION('',(0.,0.,1.));
#7961 = ORIENTED_EDGE('',*,*,#7962,.F.);
#7962 = EDGE_CURVE('',#7831,#7954,#7963,.T.);
#7963 = LINE('',#7964,#7965);
#7964 = CARTESIAN_POINT('',(2.,64.,-89.));
#7965 = VECTOR('',#7966,1.);
#7966 = DIRECTION('',(1.,0.,0.));
#7967 = CYLINDRICAL_SURFACE('',#7968,2.);
#7968 = AXIS2_PLACEMENT_3D('',#7969,#7970,#7971);
#7969 = CARTESIAN_POINT('',(2.,66.,-89.));
#7970 = DIRECTION('',(1.,0.,0.));
#7971 = DIRECTION('',(0.,-1.,0.));
#7972 = ADVANCED_FACE('',(#7973),#7979,.T.);
#7973 = FACE_BOUND('',#7974,.T.);
#7974 = EDGE_LOOP('',(#7975,#7976,#7977,#7978));
#7975 = ORIENTED_EDGE('',*,*,#7912,.F.);
#7976 = ORIENTED_EDGE('',*,*,#7830,.T.);
#7977 = ORIENTED_EDGE('',*,*,#7946,.T.);
#7978 = ORIENTED_EDGE('',*,*,#4678,.F.);
#7979 = ( BOUNDED_SURFACE() B_SPLINE_SURFACE(2,8,(
    (#7980,#7981,#7982,#7983,#7984,#7985,#7986,#7987,#7988)
    ,(#7989,#7990,#7991,#7992,#7993,#7994,#7995,#7996,#7997)
    ,(#7998,#7999,#8000,#8001,#8002,#8003,#8004,#8005,#8006
)),.UNSPECIFIED.,.F.,.F.,.F.) B_SPLINE_SURFACE_WITH_KNOTS((3,3),(9,9),(
    0.,1.5),(2.25,3.75),.PIECEWISE_BEZIER_KNOTS.) 
GEOMETRIC_REPRESENTATION_ITEM() RATIONAL_B_SPLINE_SURFACE((
    (1.,1.,1.,1.,1.,1.,1.,1.,1.)
    ,(0.707106781187,0.731966003963,0.74476096418,0.753081455647
      ,0.754607029963,0.753081455647,0.74476096418,0.731966003963
      ,0.707106781187)
,(1.,1.,1.,1.,1.,1.,1.,1.,1.))) REPRESENTATION_ITEM('') SURFACE() );
#7980 = CARTESIAN_POINT('',(4.25,66.,-87.));
#7981 = CARTESIAN_POINT('',(4.4375,66.,-87.));
#7982 = CARTESIAN_POINT('',(4.625,65.988771807276,-87.));
#7983 = CARTESIAN_POINT('',(4.8125,65.98318514065,-87.));
#7984 = CARTESIAN_POINT('',(5.,65.978515288219,-87.));
#7985 = CARTESIAN_POINT('',(5.1875,65.98318514065,-87.));
#7986 = CARTESIAN_POINT('',(5.375,65.988771807276,-87.));
#7987 = CARTESIAN_POINT('',(5.5625,66.,-87.));
#7988 = CARTESIAN_POINT('',(5.75,66.,-87.));
#7989 = CARTESIAN_POINT('',(4.25,64.,-87.));
#7990 = CARTESIAN_POINT('',(4.431132075472,64.135849056604,-87.));
#7991 = CARTESIAN_POINT('',(4.620225859468,64.196881831586,-87.));
#7992 = CARTESIAN_POINT('',(4.809179036615,64.234990054149,-87.));
#7993 = CARTESIAN_POINT('',(5.,64.240599380392,-87.));
#7994 = CARTESIAN_POINT('',(5.190820963385,64.234990054149,-87.));
#7995 = CARTESIAN_POINT('',(5.379774140532,64.196881831586,-87.));
#7996 = CARTESIAN_POINT('',(5.568867924528,64.135849056604,-87.));
#7997 = CARTESIAN_POINT('',(5.75,64.,-87.));
#7998 = CARTESIAN_POINT('',(4.25,64.,-89.));
#7999 = CARTESIAN_POINT('',(4.4375,64.,-88.859375));
#8000 = CARTESIAN_POINT('',(4.625,64.,-88.78139302782));
#8001 = CARTESIAN_POINT('',(4.8125,64.,-88.73222435053));
#8002 = CARTESIAN_POINT('',(5.,64.,-88.72118984128));
#8003 = CARTESIAN_POINT('',(5.1875,64.,-88.73222435053));
#8004 = CARTESIAN_POINT('',(5.375,64.,-88.78139302782));
#8005 = CARTESIAN_POINT('',(5.5625,64.,-88.859375));
#8006 = CARTESIAN_POINT('',(5.75,64.,-89.));
#8007 = ADVANCED_FACE('',(#8008),#8030,.T.);
#8008 = FACE_BOUND('',#8009,.T.);
#8009 = EDGE_LOOP('',(#8010,#8016,#8017,#8024));
#8010 = ORIENTED_EDGE('',*,*,#8011,.T.);
#8011 = EDGE_CURVE('',#5562,#4754,#8012,.T.);
#8012 = ( BOUNDED_CURVE() B_SPLINE_CURVE(2,(#8013,#8014,#8015),
.UNSPECIFIED.,.F.,.F.) B_SPLINE_CURVE_WITH_KNOTS((3,3),(0.,1.5),
.PIECEWISE_BEZIER_KNOTS.) CURVE() GEOMETRIC_REPRESENTATION_ITEM() 
RATIONAL_B_SPLINE_CURVE((1.,0.707106781187,1.)) REPRESENTATION_ITEM('') 
  );
#8013 = CARTESIAN_POINT('',(5.75,64.,-10.4));
#8014 = CARTESIAN_POINT('',(5.75,64.,-12.4));
#8015 = CARTESIAN_POINT('',(5.75,66.,-12.4));
#8016 = ORIENTED_EDGE('',*,*,#4753,.T.);
#8017 = ORIENTED_EDGE('',*,*,#8018,.F.);
#8018 = EDGE_CURVE('',#5661,#4746,#8019,.T.);
#8019 = CIRCLE('',#8020,2.);
#8020 = AXIS2_PLACEMENT_3D('',#8021,#8022,#8023);
#8021 = CARTESIAN_POINT('',(6.,66.,-10.4));
#8022 = DIRECTION('',(1.,-0.,6.E-17));
#8023 = DIRECTION('',(6.E-17,0.,-1.));
#8024 = ORIENTED_EDGE('',*,*,#8025,.F.);
#8025 = EDGE_CURVE('',#5562,#5661,#8026,.T.);
#8026 = LINE('',#8027,#8028);
#8027 = CARTESIAN_POINT('',(2.,64.,-10.4));
#8028 = VECTOR('',#8029,1.);
#8029 = DIRECTION('',(1.,0.,0.));
#8030 = CYLINDRICAL_SURFACE('',#8031,2.);
#8031 = AXIS2_PLACEMENT_3D('',#8032,#8033,#8034);
#8032 = CARTESIAN_POINT('',(2.,66.,-10.4));
#8033 = DIRECTION('',(1.,0.,0.));
#8034 = DIRECTION('',(0.,-1.,0.));
#8035 = ADVANCED_FACE('',(#8036),#8053,.T.);
#8036 = FACE_BOUND('',#8037,.T.);
#8037 = EDGE_LOOP('',(#8038,#8039,#8040,#8047));
#8038 = ORIENTED_EDGE('',*,*,#4804,.T.);
#8039 = ORIENTED_EDGE('',*,*,#4775,.T.);
#8040 = ORIENTED_EDGE('',*,*,#8041,.F.);
#8041 = EDGE_CURVE('',#5571,#4762,#8042,.T.);
#8042 = CIRCLE('',#8043,2.);
#8043 = AXIS2_PLACEMENT_3D('',#8044,#8045,#8046);
#8044 = CARTESIAN_POINT('',(4.25,66.,-10.4));
#8045 = DIRECTION('',(1.,0.,0.));
#8046 = DIRECTION('',(0.,-1.,0.));
#8047 = ORIENTED_EDGE('',*,*,#8048,.F.);
#8048 = EDGE_CURVE('',#4792,#5571,#8049,.T.);
#8049 = LINE('',#8050,#8051);
#8050 = CARTESIAN_POINT('',(2.,64.,-10.4));
#8051 = VECTOR('',#8052,1.);
#8052 = DIRECTION('',(1.,0.,0.));
#8053 = CYLINDRICAL_SURFACE('',#8054,2.);
#8054 = AXIS2_PLACEMENT_3D('',#8055,#8056,#8057);
#8055 = CARTESIAN_POINT('',(2.,66.,-10.4));
#8056 = DIRECTION('',(1.,0.,0.));
#8057 = DIRECTION('',(0.,-1.,0.));
#8058 = ADVANCED_FACE('',(#8059),#8065,.F.);
#8059 = FACE_BOUND('',#8060,.F.);
#8060 = EDGE_LOOP('',(#8061,#8062,#8063,#8064));
#8061 = ORIENTED_EDGE('',*,*,#8041,.F.);
#8062 = ORIENTED_EDGE('',*,*,#5570,.T.);
#8063 = ORIENTED_EDGE('',*,*,#8011,.T.);
#8064 = ORIENTED_EDGE('',*,*,#4761,.F.);
#8065 = ( BOUNDED_SURFACE() B_SPLINE_SURFACE(2,8,(
    (#8066,#8067,#8068,#8069,#8070,#8071,#8072,#8073,#8074)
    ,(#8075,#8076,#8077,#8078,#8079,#8080,#8081,#8082,#8083)
    ,(#8084,#8085,#8086,#8087,#8088,#8089,#8090,#8091,#8092
)),.UNSPECIFIED.,.F.,.F.,.F.) B_SPLINE_SURFACE_WITH_KNOTS((3,3),(9,9),(
    0.,1.5),(2.25,3.75),.PIECEWISE_BEZIER_KNOTS.) 
GEOMETRIC_REPRESENTATION_ITEM() RATIONAL_B_SPLINE_SURFACE((
    (1.,1.,1.,1.,1.,1.,1.,1.,1.)
    ,(0.707106781187,0.731966003963,0.74476096418,0.753081455647
      ,0.754607029963,0.753081455647,0.74476096418,0.731966003963
      ,0.707106781187)
,(1.,1.,1.,1.,1.,1.,1.,1.,1.))) REPRESENTATION_ITEM('') SURFACE() );
#8066 = CARTESIAN_POINT('',(4.25,66.,-12.4));
#8067 = CARTESIAN_POINT('',(4.4375,66.,-12.4));
#8068 = CARTESIAN_POINT('',(4.625,65.988771807277,-12.4));
#8069 = CARTESIAN_POINT('',(4.8125,65.98318514065,-12.4));
#8070 = CARTESIAN_POINT('',(5.,65.978515288219,-12.4));
#8071 = CARTESIAN_POINT('',(5.1875,65.98318514065,-12.4));
#8072 = CARTESIAN_POINT('',(5.375,65.988771807277,-12.4));
#8073 = CARTESIAN_POINT('',(5.5625,66.,-12.4));
#8074 = CARTESIAN_POINT('',(5.75,66.,-12.4));
#8075 = CARTESIAN_POINT('',(4.25,64.,-12.4));
#8076 = CARTESIAN_POINT('',(4.431132075472,64.135849056604,-12.4));
#8077 = CARTESIAN_POINT('',(4.620225859468,64.196881831586,-12.4));
#8078 = CARTESIAN_POINT('',(4.809179036615,64.234990054149,-12.4));
#8079 = CARTESIAN_POINT('',(5.,64.240599380391,-12.4));
#8080 = CARTESIAN_POINT('',(5.190820963385,64.234990054149,-12.4));
#8081 = CARTESIAN_POINT('',(5.379774140532,64.196881831586,-12.4));
#8082 = CARTESIAN_POINT('',(5.568867924528,64.135849056604,-12.4));
#8083 = CARTESIAN_POINT('',(5.75,64.,-12.4));
#8084 = CARTESIAN_POINT('',(4.25,64.,-10.4));
#8085 = CARTESIAN_POINT('',(4.4375,64.,-10.540625));
#8086 = CARTESIAN_POINT('',(4.625,64.,-10.61860697218));
#8087 = CARTESIAN_POINT('',(4.8125,64.,-10.66777564946));
#8088 = CARTESIAN_POINT('',(5.,64.,-10.67881015871));
#8089 = CARTESIAN_POINT('',(5.1875,64.,-10.66777564946));
#8090 = CARTESIAN_POINT('',(5.375,64.,-10.61860697218));
#8091 = CARTESIAN_POINT('',(5.5625,64.,-10.540625));
#8092 = CARTESIAN_POINT('',(5.75,64.,-10.4));
#8093 = ADVANCED_FACE('',(#8094),#8099,.T.);
#8094 = FACE_BOUND('',#8095,.T.);
#8095 = EDGE_LOOP('',(#8096,#8097,#8098));
#8096 = ORIENTED_EDGE('',*,*,#5584,.T.);
#8097 = ORIENTED_EDGE('',*,*,#5020,.F.);
#8098 = ORIENTED_EDGE('',*,*,#8048,.T.);
#8099 = PLANE('',#8100);
#8100 = AXIS2_PLACEMENT_3D('',#8101,#8102,#8103);
#8101 = CARTESIAN_POINT('',(2.,64.,-12.4));
#8102 = DIRECTION('',(0.,-1.,0.));
#8103 = DIRECTION('',(0.,0.,1.));
#8104 = ADVANCED_FACE('',(#8105,#8111),#8145,.T.);
#8105 = FACE_BOUND('',#8106,.T.);
#8106 = EDGE_LOOP('',(#8107,#8108,#8109,#8110));
#8107 = ORIENTED_EDGE('',*,*,#5278,.T.);
#8108 = ORIENTED_EDGE('',*,*,#5252,.F.);
#8109 = ORIENTED_EDGE('',*,*,#5230,.T.);
#8110 = ORIENTED_EDGE('',*,*,#5206,.T.);
#8111 = FACE_BOUND('',#8112,.T.);
#8112 = EDGE_LOOP('',(#8113,#8123,#8131,#8139));
#8113 = ORIENTED_EDGE('',*,*,#8114,.F.);
#8114 = EDGE_CURVE('',#8115,#8117,#8119,.T.);
#8115 = VERTEX_POINT('',#8116);
#8116 = CARTESIAN_POINT('',(2.5,7.18,-67.9));
#8117 = VERTEX_POINT('',#8118);
#8118 = CARTESIAN_POINT('',(2.5,14.23,-67.9));
#8119 = LINE('',#8120,#8121);
#8120 = CARTESIAN_POINT('',(2.5,10.3,-67.9));
#8121 = VECTOR('',#8122,1.);
#8122 = DIRECTION('',(0.,1.,0.));
#8123 = ORIENTED_EDGE('',*,*,#8124,.T.);
#8124 = EDGE_CURVE('',#8115,#8125,#8127,.T.);
#8125 = VERTEX_POINT('',#8126);
#8126 = CARTESIAN_POINT('',(2.5,7.18,-51.4));
#8127 = LINE('',#8128,#8129);
#8128 = CARTESIAN_POINT('',(2.5,7.18,-67.9));
#8129 = VECTOR('',#8130,1.);
#8130 = DIRECTION('',(0.,0.,1.));
#8131 = ORIENTED_EDGE('',*,*,#8132,.T.);
#8132 = EDGE_CURVE('',#8125,#8133,#8135,.T.);
#8133 = VERTEX_POINT('',#8134);
#8134 = CARTESIAN_POINT('',(2.5,14.23,-51.4));
#8135 = LINE('',#8136,#8137);
#8136 = CARTESIAN_POINT('',(2.5,7.18,-51.4));
#8137 = VECTOR('',#8138,1.);
#8138 = DIRECTION('',(0.,1.,0.));
#8139 = ORIENTED_EDGE('',*,*,#8140,.T.);
#8140 = EDGE_CURVE('',#8133,#8117,#8141,.T.);
#8141 = LINE('',#8142,#8143);
#8142 = CARTESIAN_POINT('',(2.5,14.23,-51.4));
#8143 = VECTOR('',#8144,1.);
#8144 = DIRECTION('',(0.,0.,-1.));
#8145 = PLANE('',#8146);
#8146 = AXIS2_PLACEMENT_3D('',#8147,#8148,#8149);
#8147 = CARTESIAN_POINT('',(2.5,11.455,-59.65));
#8148 = DIRECTION('',(1.,0.,0.));
#8149 = DIRECTION('',(0.,0.,1.));
#8150 = ADVANCED_FACE('',(#8151,#8161),#8195,.T.);
#8151 = FACE_BOUND('',#8152,.T.);
#8152 = EDGE_LOOP('',(#8153,#8154,#8155,#8156,#8157,#8158,#8159,#8160));
#8153 = ORIENTED_EDGE('',*,*,#5405,.T.);
#8154 = ORIENTED_EDGE('',*,*,#5372,.T.);
#8155 = ORIENTED_EDGE('',*,*,#5357,.T.);
#8156 = ORIENTED_EDGE('',*,*,#5333,.T.);
#8157 = ORIENTED_EDGE('',*,*,#5301,.T.);
#8158 = ORIENTED_EDGE('',*,*,#5468,.T.);
#8159 = ORIENTED_EDGE('',*,*,#5453,.T.);
#8160 = ORIENTED_EDGE('',*,*,#5430,.T.);
#8161 = FACE_BOUND('',#8162,.T.);
#8162 = EDGE_LOOP('',(#8163,#8173,#8181,#8189));
#8163 = ORIENTED_EDGE('',*,*,#8164,.T.);
#8164 = EDGE_CURVE('',#8165,#8167,#8169,.T.);
#8165 = VERTEX_POINT('',#8166);
#8166 = CARTESIAN_POINT('',(2.5,6.55,-76.55));
#8167 = VERTEX_POINT('',#8168);
#8168 = CARTESIAN_POINT('',(2.5,10.3,-76.55));
#8169 = LINE('',#8170,#8171);
#8170 = CARTESIAN_POINT('',(2.5,6.55,-76.55));
#8171 = VECTOR('',#8172,1.);
#8172 = DIRECTION('',(0.,1.,0.));
#8173 = ORIENTED_EDGE('',*,*,#8174,.T.);
#8174 = EDGE_CURVE('',#8167,#8175,#8177,.T.);
#8175 = VERTEX_POINT('',#8176);
#8176 = CARTESIAN_POINT('',(2.5,10.3,-85.55));
#8177 = LINE('',#8178,#8179);
#8178 = CARTESIAN_POINT('',(2.5,10.3,-75.05));
#8179 = VECTOR('',#8180,1.);
#8180 = DIRECTION('',(0.,0.,-1.));
#8181 = ORIENTED_EDGE('',*,*,#8182,.T.);
#8182 = EDGE_CURVE('',#8175,#8183,#8185,.T.);
#8183 = VERTEX_POINT('',#8184);
#8184 = CARTESIAN_POINT('',(2.5,6.55,-85.55));
#8185 = LINE('',#8186,#8187);
#8186 = CARTESIAN_POINT('',(2.5,10.3,-85.55));
#8187 = VECTOR('',#8188,1.);
#8188 = DIRECTION('',(0.,-1.,0.));
#8189 = ORIENTED_EDGE('',*,*,#8190,.T.);
#8190 = EDGE_CURVE('',#8183,#8165,#8191,.T.);
#8191 = LINE('',#8192,#8193);
#8192 = CARTESIAN_POINT('',(2.5,6.55,-85.55));
#8193 = VECTOR('',#8194,1.);
#8194 = DIRECTION('',(0.,0.,1.));
#8195 = PLANE('',#8196);
#8196 = AXIS2_PLACEMENT_3D('',#8197,#8198,#8199);
#8197 = CARTESIAN_POINT('',(2.5,8.580882352941,-81.05));
#8198 = DIRECTION('',(1.,0.,0.));
#8199 = DIRECTION('',(0.,0.,1.));
#8200 = ADVANCED_FACE('',(#8201,#8205),#8209,.T.);
#8201 = FACE_BOUND('',#8202,.T.);
#8202 = EDGE_LOOP('',(#8203,#8204));
#8203 = ORIENTED_EDGE('',*,*,#6441,.T.);
#8204 = ORIENTED_EDGE('',*,*,#6460,.T.);
#8205 = FACE_BOUND('',#8206,.T.);
#8206 = EDGE_LOOP('',(#8207,#8208));
#8207 = ORIENTED_EDGE('',*,*,#5494,.F.);
#8208 = ORIENTED_EDGE('',*,*,#5503,.F.);
#8209 = PLANE('',#8210);
#8210 = AXIS2_PLACEMENT_3D('',#8211,#8212,#8213);
#8211 = CARTESIAN_POINT('',(1.,10.3,-38.15));
#8212 = DIRECTION('',(-1.,-0.,-0.));
#8213 = DIRECTION('',(0.,0.,-1.));
#8214 = ADVANCED_FACE('',(#8215),#8220,.T.);
#8215 = FACE_BOUND('',#8216,.T.);
#8216 = EDGE_LOOP('',(#8217,#8218,#8219));
#8217 = ORIENTED_EDGE('',*,*,#5561,.T.);
#8218 = ORIENTED_EDGE('',*,*,#8025,.T.);
#8219 = ORIENTED_EDGE('',*,*,#5677,.T.);
#8220 = PLANE('',#8221);
#8221 = AXIS2_PLACEMENT_3D('',#8222,#8223,#8224);
#8222 = CARTESIAN_POINT('',(2.,64.,-12.4));
#8223 = DIRECTION('',(0.,-1.,0.));
#8224 = DIRECTION('',(0.,0.,1.));
#8225 = ADVANCED_FACE('',(#8226),#8231,.T.);
#8226 = FACE_BOUND('',#8227,.T.);
#8227 = EDGE_LOOP('',(#8228,#8229,#8230));
#8228 = ORIENTED_EDGE('',*,*,#5660,.F.);
#8229 = ORIENTED_EDGE('',*,*,#8018,.T.);
#8230 = ORIENTED_EDGE('',*,*,#5644,.F.);
#8231 = SPHERICAL_SURFACE('',#8232,2.);
#8232 = AXIS2_PLACEMENT_3D('',#8233,#8234,#8235);
#8233 = CARTESIAN_POINT('',(6.,66.,-10.4));
#8234 = DIRECTION('',(0.,1.,0.));
#8235 = DIRECTION('',(1.,0.,0.));
#8236 = ADVANCED_FACE('',(#8237),#8242,.T.);
#8237 = FACE_BOUND('',#8238,.T.);
#8238 = EDGE_LOOP('',(#8239,#8240,#8241));
#8239 = ORIENTED_EDGE('',*,*,#7495,.F.);
#8240 = ORIENTED_EDGE('',*,*,#5823,.T.);
#8241 = ORIENTED_EDGE('',*,*,#5727,.F.);
#8242 = SPHERICAL_SURFACE('',#8243,2.);
#8243 = AXIS2_PLACEMENT_3D('',#8244,#8245,#8246);
#8244 = CARTESIAN_POINT('',(144.,66.,-10.4));
#8245 = DIRECTION('',(0.,1.,0.));
#8246 = DIRECTION('',(0.,0.,-1.));
#8247 = ADVANCED_FACE('',(#8248),#8253,.T.);
#8248 = FACE_BOUND('',#8249,.T.);
#8249 = EDGE_LOOP('',(#8250,#8251,#8252));
#8250 = ORIENTED_EDGE('',*,*,#5769,.T.);
#8251 = ORIENTED_EDGE('',*,*,#5832,.T.);
#8252 = ORIENTED_EDGE('',*,*,#7502,.F.);
#8253 = PLANE('',#8254);
#8254 = AXIS2_PLACEMENT_3D('',#8255,#8256,#8257);
#8255 = CARTESIAN_POINT('',(148.,64.,-6.4));
#8256 = DIRECTION('',(-0.,-1.,-0.));
#8257 = DIRECTION('',(0.,0.,-1.));
#8258 = ADVANCED_FACE('',(#8259,#8265),#8271,.T.);
#8259 = FACE_BOUND('',#8260,.T.);
#8260 = EDGE_LOOP('',(#8261,#8262,#8263,#8264));
#8261 = ORIENTED_EDGE('',*,*,#5918,.T.);
#8262 = ORIENTED_EDGE('',*,*,#5990,.T.);
#8263 = ORIENTED_EDGE('',*,*,#5966,.T.);
#8264 = ORIENTED_EDGE('',*,*,#5949,.T.);
#8265 = FACE_BOUND('',#8266,.T.);
#8266 = EDGE_LOOP('',(#8267,#8268,#8269,#8270));
#8267 = ORIENTED_EDGE('',*,*,#7338,.T.);
#8268 = ORIENTED_EDGE('',*,*,#7314,.T.);
#8269 = ORIENTED_EDGE('',*,*,#7259,.F.);
#8270 = ORIENTED_EDGE('',*,*,#7290,.F.);
#8271 = PLANE('',#8272);
#8272 = AXIS2_PLACEMENT_3D('',#8273,#8274,#8275);
#8273 = CARTESIAN_POINT('',(30.9,5.4,-94.));
#8274 = DIRECTION('',(-0.,-0.,-1.));
#8275 = DIRECTION('',(-1.,0.,0.));
#8276 = ADVANCED_FACE('',(#8277),#8302,.T.);
#8277 = FACE_BOUND('',#8278,.F.);
#8278 = EDGE_LOOP('',(#8279,#8280,#8288,#8296));
#8279 = ORIENTED_EDGE('',*,*,#6249,.F.);
#8280 = ORIENTED_EDGE('',*,*,#8281,.F.);
#8281 = EDGE_CURVE('',#8282,#6250,#8284,.T.);
#8282 = VERTEX_POINT('',#8283);
#8283 = CARTESIAN_POINT('',(1.5,5.68,-69.65));
#8284 = LINE('',#8285,#8286);
#8285 = CARTESIAN_POINT('',(1.5,5.68,-69.65));
#8286 = VECTOR('',#8287,1.);
#8287 = DIRECTION('',(-0.57735026919,-0.57735026919,-0.57735026919));
#8288 = ORIENTED_EDGE('',*,*,#8289,.T.);
#8289 = EDGE_CURVE('',#8282,#8290,#8292,.T.);
#8290 = VERTEX_POINT('',#8291);
#8291 = CARTESIAN_POINT('',(1.5,5.68,-49.65));
#8292 = LINE('',#8293,#8294);
#8293 = CARTESIAN_POINT('',(1.5,5.68,-69.65));
#8294 = VECTOR('',#8295,1.);
#8295 = DIRECTION('',(0.,0.,1.));
#8296 = ORIENTED_EDGE('',*,*,#8297,.T.);
#8297 = EDGE_CURVE('',#8290,#6252,#8298,.T.);
#8298 = LINE('',#8299,#8300);
#8299 = CARTESIAN_POINT('',(1.5,5.68,-49.65));
#8300 = VECTOR('',#8301,1.);
#8301 = DIRECTION('',(-0.57735026919,-0.57735026919,0.57735026919));
#8302 = PLANE('',#8303);
#8303 = AXIS2_PLACEMENT_3D('',#8304,#8305,#8306);
#8304 = CARTESIAN_POINT('',(1.25,5.43,-59.65));
#8305 = DIRECTION('',(-0.707106781187,0.707106781187,0.));
#8306 = DIRECTION('',(-0.707106781187,-0.707106781187,0.));
#8307 = ADVANCED_FACE('',(#8308),#8326,.T.);
#8308 = FACE_BOUND('',#8309,.T.);
#8309 = EDGE_LOOP('',(#8310,#8318,#8324,#8325));
#8310 = ORIENTED_EDGE('',*,*,#8311,.F.);
#8311 = EDGE_CURVE('',#8312,#8282,#8314,.T.);
#8312 = VERTEX_POINT('',#8313);
#8313 = CARTESIAN_POINT('',(1.5,15.73,-69.65));
#8314 = LINE('',#8315,#8316);
#8315 = CARTESIAN_POINT('',(1.5,10.3,-69.65));
#8316 = VECTOR('',#8317,1.);
#8317 = DIRECTION('',(0.,-1.,0.));
#8318 = ORIENTED_EDGE('',*,*,#8319,.T.);
#8319 = EDGE_CURVE('',#8312,#6281,#8320,.T.);
#8320 = LINE('',#8321,#8322);
#8321 = CARTESIAN_POINT('',(1.5,15.73,-69.65));
#8322 = VECTOR('',#8323,1.);
#8323 = DIRECTION('',(-0.57735026919,0.57735026919,-0.57735026919));
#8324 = ORIENTED_EDGE('',*,*,#6280,.T.);
#8325 = ORIENTED_EDGE('',*,*,#8281,.F.);
#8326 = PLANE('',#8327);
#8327 = AXIS2_PLACEMENT_3D('',#8328,#8329,#8330);
#8328 = CARTESIAN_POINT('',(1.239050479867,10.705,-69.91094952013));
#8329 = DIRECTION('',(-0.707106781187,0.,0.707106781187));
#8330 = DIRECTION('',(-0.707106781187,0.,-0.707106781187));
#8331 = ADVANCED_FACE('',(#8332),#8350,.T.);
#8332 = FACE_BOUND('',#8333,.F.);
#8333 = EDGE_LOOP('',(#8334,#8335,#8343,#8349));
#8334 = ORIENTED_EDGE('',*,*,#6312,.F.);
#8335 = ORIENTED_EDGE('',*,*,#8336,.F.);
#8336 = EDGE_CURVE('',#8337,#6305,#8339,.T.);
#8337 = VERTEX_POINT('',#8338);
#8338 = CARTESIAN_POINT('',(1.5,15.73,-49.65));
#8339 = LINE('',#8340,#8341);
#8340 = CARTESIAN_POINT('',(1.5,15.73,-49.65));
#8341 = VECTOR('',#8342,1.);
#8342 = DIRECTION('',(-0.57735026919,0.57735026919,0.57735026919));
#8343 = ORIENTED_EDGE('',*,*,#8344,.T.);
#8344 = EDGE_CURVE('',#8337,#8312,#8345,.T.);
#8345 = LINE('',#8346,#8347);
#8346 = CARTESIAN_POINT('',(1.5,15.73,-49.65));
#8347 = VECTOR('',#8348,1.);
#8348 = DIRECTION('',(0.,0.,-1.));
#8349 = ORIENTED_EDGE('',*,*,#8319,.T.);
#8350 = PLANE('',#8351);
#8351 = AXIS2_PLACEMENT_3D('',#8352,#8353,#8354);
#8352 = CARTESIAN_POINT('',(1.25,15.98,-59.65));
#8353 = DIRECTION('',(-0.707106781187,-0.707106781187,0.));
#8354 = DIRECTION('',(-0.707106781187,0.707106781187,0.));
#8355 = ADVANCED_FACE('',(#8356),#8367,.T.);
#8356 = FACE_BOUND('',#8357,.T.);
#8357 = EDGE_LOOP('',(#8358,#8359,#8360,#8366));
#8358 = ORIENTED_EDGE('',*,*,#6330,.T.);
#8359 = ORIENTED_EDGE('',*,*,#8336,.F.);
#8360 = ORIENTED_EDGE('',*,*,#8361,.F.);
#8361 = EDGE_CURVE('',#8290,#8337,#8362,.T.);
#8362 = LINE('',#8363,#8364);
#8363 = CARTESIAN_POINT('',(1.5,10.3,-49.65));
#8364 = VECTOR('',#8365,1.);
#8365 = DIRECTION('',(0.,1.,0.));
#8366 = ORIENTED_EDGE('',*,*,#8297,.T.);
#8367 = PLANE('',#8368);
#8368 = AXIS2_PLACEMENT_3D('',#8369,#8370,#8371);
#8369 = CARTESIAN_POINT('',(1.239050479867,10.705,-49.38905047986));
#8370 = DIRECTION('',(-0.707106781187,-0.,-0.707106781187));
#8371 = DIRECTION('',(0.707106781187,0.,-0.707106781187));
#8372 = ADVANCED_FACE('',(#8373),#8398,.T.);
#8373 = FACE_BOUND('',#8374,.F.);
#8374 = EDGE_LOOP('',(#8375,#8376,#8384,#8392));
#8375 = ORIENTED_EDGE('',*,*,#6345,.F.);
#8376 = ORIENTED_EDGE('',*,*,#8377,.T.);
#8377 = EDGE_CURVE('',#6346,#8378,#8380,.T.);
#8378 = VERTEX_POINT('',#8379);
#8379 = CARTESIAN_POINT('',(1.5,5.55,-86.55));
#8380 = LINE('',#8381,#8382);
#8381 = CARTESIAN_POINT('',(1.,5.05,-87.05));
#8382 = VECTOR('',#8383,1.);
#8383 = DIRECTION('',(0.57735026919,0.57735026919,0.57735026919));
#8384 = ORIENTED_EDGE('',*,*,#8385,.T.);
#8385 = EDGE_CURVE('',#8378,#8386,#8388,.T.);
#8386 = VERTEX_POINT('',#8387);
#8387 = CARTESIAN_POINT('',(1.5,5.55,-75.55));
#8388 = LINE('',#8389,#8390);
#8389 = CARTESIAN_POINT('',(1.5,5.55,-86.55));
#8390 = VECTOR('',#8391,1.);
#8391 = DIRECTION('',(0.,0.,1.));
#8392 = ORIENTED_EDGE('',*,*,#8393,.F.);
#8393 = EDGE_CURVE('',#6348,#8386,#8394,.T.);
#8394 = LINE('',#8395,#8396);
#8395 = CARTESIAN_POINT('',(1.,5.05,-75.05));
#8396 = VECTOR('',#8397,1.);
#8397 = DIRECTION('',(0.57735026919,0.57735026919,-0.57735026919));
#8398 = PLANE('',#8399);
#8399 = AXIS2_PLACEMENT_3D('',#8400,#8401,#8402);
#8400 = CARTESIAN_POINT('',(1.25,5.3,-81.05));
#8401 = DIRECTION('',(-0.707106781187,0.707106781187,0.));
#8402 = DIRECTION('',(-0.707106781187,-0.707106781187,0.));
#8403 = ADVANCED_FACE('',(#8404),#8422,.T.);
#8404 = FACE_BOUND('',#8405,.T.);
#8405 = EDGE_LOOP('',(#8406,#8414,#8420,#8421));
#8406 = ORIENTED_EDGE('',*,*,#8407,.F.);
#8407 = EDGE_CURVE('',#8408,#8378,#8410,.T.);
#8408 = VERTEX_POINT('',#8409);
#8409 = CARTESIAN_POINT('',(1.5,11.8,-86.55));
#8410 = LINE('',#8411,#8412);
#8411 = CARTESIAN_POINT('',(1.5,10.3,-86.55));
#8412 = VECTOR('',#8413,1.);
#8413 = DIRECTION('',(0.,-1.,0.));
#8414 = ORIENTED_EDGE('',*,*,#8415,.F.);
#8415 = EDGE_CURVE('',#6377,#8408,#8416,.T.);
#8416 = LINE('',#8417,#8418);
#8417 = CARTESIAN_POINT('',(1.,12.3,-87.05));
#8418 = VECTOR('',#8419,1.);
#8419 = DIRECTION('',(0.57735026919,-0.57735026919,0.57735026919));
#8420 = ORIENTED_EDGE('',*,*,#6376,.T.);
#8421 = ORIENTED_EDGE('',*,*,#8377,.T.);
#8422 = PLANE('',#8423);
#8423 = AXIS2_PLACEMENT_3D('',#8424,#8425,#8426);
#8424 = CARTESIAN_POINT('',(1.23358723962,8.675,-86.81641276038));
#8425 = DIRECTION('',(-0.707106781187,0.,0.707106781187));
#8426 = DIRECTION('',(0.707106781187,0.,0.707106781187));
#8427 = ADVANCED_FACE('',(#8428),#8446,.T.);
#8428 = FACE_BOUND('',#8429,.F.);
#8429 = EDGE_LOOP('',(#8430,#8431,#8439,#8445));
#8430 = ORIENTED_EDGE('',*,*,#6400,.T.);
#8431 = ORIENTED_EDGE('',*,*,#8432,.T.);
#8432 = EDGE_CURVE('',#6401,#8433,#8435,.T.);
#8433 = VERTEX_POINT('',#8434);
#8434 = CARTESIAN_POINT('',(1.5,11.8,-75.55));
#8435 = LINE('',#8436,#8437);
#8436 = CARTESIAN_POINT('',(1.,12.3,-75.05));
#8437 = VECTOR('',#8438,1.);
#8438 = DIRECTION('',(0.57735026919,-0.57735026919,-0.57735026919));
#8439 = ORIENTED_EDGE('',*,*,#8440,.F.);
#8440 = EDGE_CURVE('',#8408,#8433,#8441,.T.);
#8441 = LINE('',#8442,#8443);
#8442 = CARTESIAN_POINT('',(1.5,11.8,-86.55));
#8443 = VECTOR('',#8444,1.);
#8444 = DIRECTION('',(0.,0.,1.));
#8445 = ORIENTED_EDGE('',*,*,#8415,.F.);
#8446 = PLANE('',#8447);
#8447 = AXIS2_PLACEMENT_3D('',#8448,#8449,#8450);
#8448 = CARTESIAN_POINT('',(1.25,12.05,-81.05));
#8449 = DIRECTION('',(-0.707106781187,-0.707106781187,0.));
#8450 = DIRECTION('',(0.707106781187,-0.707106781187,0.));
#8451 = ADVANCED_FACE('',(#8452),#8463,.T.);
#8452 = FACE_BOUND('',#8453,.T.);
#8453 = EDGE_LOOP('',(#8454,#8455,#8456,#8462));
#8454 = ORIENTED_EDGE('',*,*,#6427,.F.);
#8455 = ORIENTED_EDGE('',*,*,#8432,.T.);
#8456 = ORIENTED_EDGE('',*,*,#8457,.T.);
#8457 = EDGE_CURVE('',#8433,#8386,#8458,.T.);
#8458 = LINE('',#8459,#8460);
#8459 = CARTESIAN_POINT('',(1.5,11.8,-75.55));
#8460 = VECTOR('',#8461,1.);
#8461 = DIRECTION('',(0.,-1.,0.));
#8462 = ORIENTED_EDGE('',*,*,#8393,.F.);
#8463 = PLANE('',#8464);
#8464 = AXIS2_PLACEMENT_3D('',#8465,#8466,#8467);
#8465 = CARTESIAN_POINT('',(1.23358723962,8.675,-75.28358723962));
#8466 = DIRECTION('',(-0.707106781187,-0.,-0.707106781187));
#8467 = DIRECTION('',(-0.707106781187,0.,0.707106781187));
#8468 = ADVANCED_FACE('',(#8469),#8479,.T.);
#8469 = FACE_BOUND('',#8470,.T.);
#8470 = EDGE_LOOP('',(#8471,#8472,#8478));
#8471 = ORIENTED_EDGE('',*,*,#7441,.T.);
#8472 = ORIENTED_EDGE('',*,*,#8473,.T.);
#8473 = EDGE_CURVE('',#7442,#6555,#8474,.T.);
#8474 = LINE('',#8475,#8476);
#8475 = CARTESIAN_POINT('',(144.,64.,-87.));
#8476 = VECTOR('',#8477,1.);
#8477 = DIRECTION('',(0.,0.,-1.));
#8478 = ORIENTED_EDGE('',*,*,#6554,.F.);
#8479 = PLANE('',#8480);
#8480 = AXIS2_PLACEMENT_3D('',#8481,#8482,#8483);
#8481 = CARTESIAN_POINT('',(148.,64.,-87.));
#8482 = DIRECTION('',(-0.,-1.,-0.));
#8483 = DIRECTION('',(0.,0.,-1.));
#8484 = ADVANCED_FACE('',(#8485),#8496,.T.);
#8485 = FACE_BOUND('',#8486,.T.);
#8486 = EDGE_LOOP('',(#8487,#8493,#8494,#8495));
#8487 = ORIENTED_EDGE('',*,*,#8488,.T.);
#8488 = EDGE_CURVE('',#7442,#6828,#8489,.T.);
#8489 = ( BOUNDED_CURVE() B_SPLINE_CURVE(2,(#8490,#8491,#8492),
.UNSPECIFIED.,.F.,.F.) B_SPLINE_CURVE_WITH_KNOTS((3,3),(0.,0.75),
.PIECEWISE_BEZIER_KNOTS.) CURVE() GEOMETRIC_REPRESENTATION_ITEM() 
RATIONAL_B_SPLINE_CURVE((1.,0.707106781187,1.)) REPRESENTATION_ITEM('') 
  );
#8490 = CARTESIAN_POINT('',(144.,64.,-90.75));
#8491 = CARTESIAN_POINT('',(142.,64.,-90.75));
#8492 = CARTESIAN_POINT('',(142.,66.,-90.75));
#8493 = ORIENTED_EDGE('',*,*,#6839,.T.);
#8494 = ORIENTED_EDGE('',*,*,#6584,.F.);
#8495 = ORIENTED_EDGE('',*,*,#8473,.F.);
#8496 = CYLINDRICAL_SURFACE('',#8497,2.);
#8497 = AXIS2_PLACEMENT_3D('',#8498,#8499,#8500);
#8498 = CARTESIAN_POINT('',(144.,66.,-87.));
#8499 = DIRECTION('',(0.,0.,-1.));
#8500 = DIRECTION('',(0.,-1.,0.));
#8501 = ADVANCED_FACE('',(#8502),#8525,.T.);
#8502 = FACE_BOUND('',#8503,.T.);
#8503 = EDGE_LOOP('',(#8504,#8511,#8512,#8519));
#8504 = ORIENTED_EDGE('',*,*,#8505,.T.);
#8505 = EDGE_CURVE('',#7611,#6800,#8506,.T.);
#8506 = CIRCLE('',#8507,2.);
#8507 = AXIS2_PLACEMENT_3D('',#8508,#8509,#8510);
#8508 = CARTESIAN_POINT('',(144.,66.,-89.));
#8509 = DIRECTION('',(0.,0.,-1.));
#8510 = DIRECTION('',(-1.,0.,0.));
#8511 = ORIENTED_EDGE('',*,*,#6807,.T.);
#8512 = ORIENTED_EDGE('',*,*,#8513,.F.);
#8513 = EDGE_CURVE('',#7407,#6808,#8514,.T.);
#8514 = CIRCLE('',#8515,2.);
#8515 = AXIS2_PLACEMENT_3D('',#8516,#8517,#8518);
#8516 = CARTESIAN_POINT('',(144.,66.,-89.25));
#8517 = DIRECTION('',(0.,0.,-1.));
#8518 = DIRECTION('',(0.,-1.,0.));
#8519 = ORIENTED_EDGE('',*,*,#8520,.F.);
#8520 = EDGE_CURVE('',#7611,#7407,#8521,.T.);
#8521 = LINE('',#8522,#8523);
#8522 = CARTESIAN_POINT('',(144.,64.,-87.));
#8523 = VECTOR('',#8524,1.);
#8524 = DIRECTION('',(0.,0.,-1.));
#8525 = CYLINDRICAL_SURFACE('',#8526,2.);
#8526 = AXIS2_PLACEMENT_3D('',#8527,#8528,#8529);
#8527 = CARTESIAN_POINT('',(144.,66.,-87.));
#8528 = DIRECTION('',(0.,0.,-1.));
#8529 = DIRECTION('',(0.,-1.,0.));
#8530 = ADVANCED_FACE('',(#8531),#8542,.F.);
#8531 = FACE_BOUND('',#8532,.F.);
#8532 = EDGE_LOOP('',(#8533,#8534,#8535,#8541));
#8533 = ORIENTED_EDGE('',*,*,#8513,.F.);
#8534 = ORIENTED_EDGE('',*,*,#7470,.T.);
#8535 = ORIENTED_EDGE('',*,*,#8536,.T.);
#8536 = EDGE_CURVE('',#7451,#6816,#8537,.T.);
#8537 = ( BOUNDED_CURVE() B_SPLINE_CURVE(2,(#8538,#8539,#8540),
.UNSPECIFIED.,.F.,.F.) B_SPLINE_CURVE_WITH_KNOTS((3,3),(0.,0.75),
.PIECEWISE_BEZIER_KNOTS.) CURVE() GEOMETRIC_REPRESENTATION_ITEM() 
RATIONAL_B_SPLINE_CURVE((1.,0.75,1.)) REPRESENTATION_ITEM('') );
#8538 = CARTESIAN_POINT('',(143.75,64.,-90.));
#8539 = CARTESIAN_POINT('',(142.,64.220479275922,-90.));
#8540 = CARTESIAN_POINT('',(142.,65.984313483299,-90.));
#8541 = ORIENTED_EDGE('',*,*,#6815,.F.);
#8542 = ( BOUNDED_SURFACE() B_SPLINE_SURFACE(2,6,(
    (#8543,#8544,#8545,#8546,#8547,#8548,#8549)
    ,(#8550,#8551,#8552,#8553,#8554,#8555,#8556)
    ,(#8557,#8558,#8559,#8560,#8561,#8562,#8563
)),.UNSPECIFIED.,.F.,.F.,.F.) B_SPLINE_SURFACE_WITH_KNOTS((3,3),(7,7),(
    0.,0.75),(2.25,3.),.PIECEWISE_BEZIER_KNOTS.) 
GEOMETRIC_REPRESENTATION_ITEM() RATIONAL_B_SPLINE_SURFACE((
    (1.,1.,1.,1.,1.,1.,1.)
    ,(0.707106781187,0.723679596371,0.734632527259,0.74254584352
      ,0.747486310364,0.75,0.75)
,(1.,1.,1.,1.,1.,1.,1.))) REPRESENTATION_ITEM('') SURFACE() );
#8543 = CARTESIAN_POINT('',(142.,66.,-89.25));
#8544 = CARTESIAN_POINT('',(142.,66.,-89.375));
#8545 = CARTESIAN_POINT('',(142.,65.994782394095,-89.5));
#8546 = CARTESIAN_POINT('',(142.,65.990084053981,-89.625));
#8547 = CARTESIAN_POINT('',(142.,65.986173098944,-89.75));
#8548 = CARTESIAN_POINT('',(142.,65.984313483299,-89.875));
#8549 = CARTESIAN_POINT('',(142.,65.984313483299,-90.));
#8550 = CARTESIAN_POINT('',(142.,64.,-89.25));
#8551 = CARTESIAN_POINT('',(142.,64.091603053435,-89.37213740458));
#8552 = CARTESIAN_POINT('',(142.,64.147347137169,-89.49737557127));
#8553 = CARTESIAN_POINT('',(142.,64.185737952166,-89.62303280007));
#8554 = CARTESIAN_POINT('',(142.,64.208816488005,-89.74918747808));
#8555 = CARTESIAN_POINT('',(142.,64.220479275922,-89.875));
#8556 = CARTESIAN_POINT('',(142.,64.220479275922,-90.));
#8557 = CARTESIAN_POINT('',(144.,64.,-89.25));
#8558 = CARTESIAN_POINT('',(143.90625,64.,-89.375));
#8559 = CARTESIAN_POINT('',(143.84169026803,64.,-89.5));
#8560 = CARTESIAN_POINT('',(143.79480529358,64.,-89.625));
#8561 = CARTESIAN_POINT('',(143.76505809287,64.,-89.75));
#8562 = CARTESIAN_POINT('',(143.75,64.,-89.875));
#8563 = CARTESIAN_POINT('',(143.75,64.,-90.));
#8564 = ADVANCED_FACE('',(#8565),#8571,.F.);
#8565 = FACE_BOUND('',#8566,.F.);
#8566 = EDGE_LOOP('',(#8567,#8568,#8569,#8570));
#8567 = ORIENTED_EDGE('',*,*,#8536,.F.);
#8568 = ORIENTED_EDGE('',*,*,#7450,.T.);
#8569 = ORIENTED_EDGE('',*,*,#8488,.T.);
#8570 = ORIENTED_EDGE('',*,*,#6827,.F.);
#8571 = ( BOUNDED_SURFACE() B_SPLINE_SURFACE(2,6,(
    (#8572,#8573,#8574,#8575,#8576,#8577,#8578)
    ,(#8579,#8580,#8581,#8582,#8583,#8584,#8585)
    ,(#8586,#8587,#8588,#8589,#8590,#8591,#8592
)),.UNSPECIFIED.,.F.,.F.,.F.) B_SPLINE_SURFACE_WITH_KNOTS((3,3),(7,7),(
    0.,0.75),(3.,3.75),.PIECEWISE_BEZIER_KNOTS.) 
GEOMETRIC_REPRESENTATION_ITEM() RATIONAL_B_SPLINE_SURFACE((
    (1.,1.,1.,1.,1.,1.,1.)
    ,(0.75,0.75,0.747486310364,0.74254584352,0.734632527259
      ,0.723679596371,0.707106781187)
,(1.,1.,1.,1.,1.,1.,1.))) REPRESENTATION_ITEM('') SURFACE() );
#8572 = CARTESIAN_POINT('',(142.,65.984313483299,-90.));
#8573 = CARTESIAN_POINT('',(142.,65.984313483299,-90.125));
#8574 = CARTESIAN_POINT('',(142.,65.986173098944,-90.25));
#8575 = CARTESIAN_POINT('',(142.,65.990084053981,-90.375));
#8576 = CARTESIAN_POINT('',(142.,65.994782394095,-90.5));
#8577 = CARTESIAN_POINT('',(142.,66.,-90.625));
#8578 = CARTESIAN_POINT('',(142.,66.,-90.75));
#8579 = CARTESIAN_POINT('',(142.,64.220479275922,-90.));
#8580 = CARTESIAN_POINT('',(142.,64.220479275922,-90.125));
#8581 = CARTESIAN_POINT('',(142.,64.208816488005,-90.25081252191));
#8582 = CARTESIAN_POINT('',(142.,64.185737952166,-90.37696719992));
#8583 = CARTESIAN_POINT('',(142.,64.147347137169,-90.50262442872));
#8584 = CARTESIAN_POINT('',(142.,64.091603053435,-90.62786259542));
#8585 = CARTESIAN_POINT('',(142.,64.,-90.75));
#8586 = CARTESIAN_POINT('',(143.75,64.,-90.));
#8587 = CARTESIAN_POINT('',(143.75,64.,-90.125));
#8588 = CARTESIAN_POINT('',(143.76505809287,64.,-90.25));
#8589 = CARTESIAN_POINT('',(143.79480529358,64.,-90.375));
#8590 = CARTESIAN_POINT('',(143.84169026803,64.,-90.5));
#8591 = CARTESIAN_POINT('',(143.90625,64.,-90.625));
#8592 = CARTESIAN_POINT('',(144.,64.,-90.75));
#8593 = ADVANCED_FACE('',(#8594),#8604,.F.);
#8594 = FACE_BOUND('',#8595,.F.);
#8595 = EDGE_LOOP('',(#8596,#8597,#8603));
#8596 = ORIENTED_EDGE('',*,*,#7867,.F.);
#8597 = ORIENTED_EDGE('',*,*,#8598,.T.);
#8598 = EDGE_CURVE('',#7854,#6934,#8599,.T.);
#8599 = LINE('',#8600,#8601);
#8600 = CARTESIAN_POINT('',(6.,64.,-87.));
#8601 = VECTOR('',#8602,1.);
#8602 = DIRECTION('',(0.,0.,-1.));
#8603 = ORIENTED_EDGE('',*,*,#6933,.F.);
#8604 = PLANE('',#8605);
#8605 = AXIS2_PLACEMENT_3D('',#8606,#8607,#8608);
#8606 = CARTESIAN_POINT('',(2.,64.,-87.));
#8607 = DIRECTION('',(0.,1.,0.));
#8608 = DIRECTION('',(0.,0.,-1.));
#8609 = ADVANCED_FACE('',(#8610),#8621,.T.);
#8610 = FACE_BOUND('',#8611,.F.);
#8611 = EDGE_LOOP('',(#8612,#8618,#8619,#8620));
#8612 = ORIENTED_EDGE('',*,*,#8613,.T.);
#8613 = EDGE_CURVE('',#7854,#7231,#8614,.T.);
#8614 = ( BOUNDED_CURVE() B_SPLINE_CURVE(2,(#8615,#8616,#8617),
.UNSPECIFIED.,.F.,.F.) B_SPLINE_CURVE_WITH_KNOTS((3,3),(0.,1.5),
.PIECEWISE_BEZIER_KNOTS.) CURVE() GEOMETRIC_REPRESENTATION_ITEM() 
RATIONAL_B_SPLINE_CURVE((1.,0.707106781187,1.)) REPRESENTATION_ITEM('') 
  );
#8615 = CARTESIAN_POINT('',(6.,64.,-90.75));
#8616 = CARTESIAN_POINT('',(8.,64.,-90.75));
#8617 = CARTESIAN_POINT('',(8.,66.,-90.75));
#8618 = ORIENTED_EDGE('',*,*,#7244,.T.);
#8619 = ORIENTED_EDGE('',*,*,#6963,.F.);
#8620 = ORIENTED_EDGE('',*,*,#8598,.F.);
#8621 = CYLINDRICAL_SURFACE('',#8622,2.);
#8622 = AXIS2_PLACEMENT_3D('',#8623,#8624,#8625);
#8623 = CARTESIAN_POINT('',(6.,66.,-87.));
#8624 = DIRECTION('',(0.,0.,-1.));
#8625 = DIRECTION('',(0.,-1.,0.));
#8626 = ADVANCED_FACE('',(#8627),#8650,.T.);
#8627 = FACE_BOUND('',#8628,.F.);
#8628 = EDGE_LOOP('',(#8629,#8636,#8637,#8644));
#8629 = ORIENTED_EDGE('',*,*,#8630,.T.);
#8630 = EDGE_CURVE('',#7954,#7215,#8631,.T.);
#8631 = CIRCLE('',#8632,2.);
#8632 = AXIS2_PLACEMENT_3D('',#8633,#8634,#8635);
#8633 = CARTESIAN_POINT('',(6.,66.,-89.));
#8634 = DIRECTION('',(-6.E-17,0.,1.));
#8635 = DIRECTION('',(1.,0.,6.E-17));
#8636 = ORIENTED_EDGE('',*,*,#7222,.T.);
#8637 = ORIENTED_EDGE('',*,*,#8638,.F.);
#8638 = EDGE_CURVE('',#7845,#7223,#8639,.T.);
#8639 = CIRCLE('',#8640,2.);
#8640 = AXIS2_PLACEMENT_3D('',#8641,#8642,#8643);
#8641 = CARTESIAN_POINT('',(6.,66.,-89.25));
#8642 = DIRECTION('',(-0.,0.,1.));
#8643 = DIRECTION('',(0.,-1.,0.));
#8644 = ORIENTED_EDGE('',*,*,#8645,.F.);
#8645 = EDGE_CURVE('',#7954,#7845,#8646,.T.);
#8646 = LINE('',#8647,#8648);
#8647 = CARTESIAN_POINT('',(6.,64.,-87.));
#8648 = VECTOR('',#8649,1.);
#8649 = DIRECTION('',(0.,0.,-1.));
#8650 = CYLINDRICAL_SURFACE('',#8651,2.);
#8651 = AXIS2_PLACEMENT_3D('',#8652,#8653,#8654);
#8652 = CARTESIAN_POINT('',(6.,66.,-87.));
#8653 = DIRECTION('',(0.,0.,-1.));
#8654 = DIRECTION('',(0.,-1.,0.));
#8655 = ADVANCED_FACE('',(#8656),#8662,.T.);
#8656 = FACE_BOUND('',#8657,.T.);
#8657 = EDGE_LOOP('',(#8658,#8659,#8660,#8661));
#8658 = ORIENTED_EDGE('',*,*,#8638,.F.);
#8659 = ORIENTED_EDGE('',*,*,#7853,.T.);
#8660 = ORIENTED_EDGE('',*,*,#8613,.T.);
#8661 = ORIENTED_EDGE('',*,*,#7230,.F.);
#8662 = ( BOUNDED_SURFACE() B_SPLINE_SURFACE(2,8,(
    (#8663,#8664,#8665,#8666,#8667,#8668,#8669,#8670,#8671)
    ,(#8672,#8673,#8674,#8675,#8676,#8677,#8678,#8679,#8680)
    ,(#8681,#8682,#8683,#8684,#8685,#8686,#8687,#8688,#8689
)),.UNSPECIFIED.,.F.,.F.,.F.) B_SPLINE_SURFACE_WITH_KNOTS((3,3),(9,9),(
    0.,1.5),(2.25,3.75),.PIECEWISE_BEZIER_KNOTS.) 
GEOMETRIC_REPRESENTATION_ITEM() RATIONAL_B_SPLINE_SURFACE((
    (1.,1.,1.,1.,1.,1.,1.,1.,1.)
    ,(0.707106781187,0.731966003963,0.74476096418,0.753081455647
      ,0.754607029963,0.753081455647,0.74476096418,0.731966003963
      ,0.707106781187)
,(1.,1.,1.,1.,1.,1.,1.,1.,1.))) REPRESENTATION_ITEM('') SURFACE() );
#8663 = CARTESIAN_POINT('',(8.,66.,-89.25));
#8664 = CARTESIAN_POINT('',(8.,66.,-89.4375));
#8665 = CARTESIAN_POINT('',(8.,65.988771807277,-89.625));
#8666 = CARTESIAN_POINT('',(8.,65.98318514065,-89.8125));
#8667 = CARTESIAN_POINT('',(8.,65.978515288219,-90.));
#8668 = CARTESIAN_POINT('',(8.,65.98318514065,-90.1875));
#8669 = CARTESIAN_POINT('',(8.,65.988771807277,-90.375));
#8670 = CARTESIAN_POINT('',(8.,66.,-90.5625));
#8671 = CARTESIAN_POINT('',(8.,66.,-90.75));
#8672 = CARTESIAN_POINT('',(8.,64.,-89.25));
#8673 = CARTESIAN_POINT('',(8.,64.135849056604,-89.43113207547));
#8674 = CARTESIAN_POINT('',(8.,64.196881831586,-89.62022585946));
#8675 = CARTESIAN_POINT('',(8.,64.234990054149,-89.80917903661));
#8676 = CARTESIAN_POINT('',(8.,64.240599380391,-90.));
#8677 = CARTESIAN_POINT('',(8.,64.234990054149,-90.19082096338));
#8678 = CARTESIAN_POINT('',(8.,64.196881831586,-90.37977414053));
#8679 = CARTESIAN_POINT('',(8.,64.135849056604,-90.56886792452));
#8680 = CARTESIAN_POINT('',(8.,64.,-90.75));
#8681 = CARTESIAN_POINT('',(6.,64.,-89.25));
#8682 = CARTESIAN_POINT('',(6.140625,64.,-89.4375));
#8683 = CARTESIAN_POINT('',(6.21860697218,64.,-89.625));
#8684 = CARTESIAN_POINT('',(6.267775649461,64.,-89.8125));
#8685 = CARTESIAN_POINT('',(6.278810158717,64.,-90.));
#8686 = CARTESIAN_POINT('',(6.267775649461,64.,-90.1875));
#8687 = CARTESIAN_POINT('',(6.21860697218,64.,-90.375));
#8688 = CARTESIAN_POINT('',(6.140625,64.,-90.5625));
#8689 = CARTESIAN_POINT('',(6.,64.,-90.75));
#8690 = ADVANCED_FACE('',(#8691),#8696,.T.);
#8691 = FACE_BOUND('',#8692,.T.);
#8692 = EDGE_LOOP('',(#8693,#8694,#8695));
#8693 = ORIENTED_EDGE('',*,*,#7406,.T.);
#8694 = ORIENTED_EDGE('',*,*,#7619,.T.);
#8695 = ORIENTED_EDGE('',*,*,#8520,.T.);
#8696 = PLANE('',#8697);
#8697 = AXIS2_PLACEMENT_3D('',#8698,#8699,#8700);
#8698 = CARTESIAN_POINT('',(148.,64.,-87.));
#8699 = DIRECTION('',(-0.,-1.,-0.));
#8700 = DIRECTION('',(0.,0.,-1.));
#8701 = ADVANCED_FACE('',(#8702),#8707,.T.);
#8702 = FACE_BOUND('',#8703,.T.);
#8703 = EDGE_LOOP('',(#8704,#8705,#8706));
#8704 = ORIENTED_EDGE('',*,*,#8505,.F.);
#8705 = ORIENTED_EDGE('',*,*,#7610,.T.);
#8706 = ORIENTED_EDGE('',*,*,#7587,.F.);
#8707 = SPHERICAL_SURFACE('',#8708,2.);
#8708 = AXIS2_PLACEMENT_3D('',#8709,#8710,#8711);
#8709 = CARTESIAN_POINT('',(144.,66.,-89.));
#8710 = DIRECTION('',(0.,1.,0.));
#8711 = DIRECTION('',(-1.,0.,0.));
#8712 = ADVANCED_FACE('',(#8713,#8717),#8737,.T.);
#8713 = FACE_BOUND('',#8714,.F.);
#8714 = EDGE_LOOP('',(#8715,#8716));
#8715 = ORIENTED_EDGE('',*,*,#7686,.F.);
#8716 = ORIENTED_EDGE('',*,*,#7677,.F.);
#8717 = FACE_BOUND('',#8718,.F.);
#8718 = EDGE_LOOP('',(#8719,#8730));
#8719 = ORIENTED_EDGE('',*,*,#8720,.F.);
#8720 = EDGE_CURVE('',#8721,#8723,#8725,.T.);
#8721 = VERTEX_POINT('',#8722);
#8722 = CARTESIAN_POINT('',(7.9,6.,-88.15));
#8723 = VERTEX_POINT('',#8724);
#8724 = CARTESIAN_POINT('',(5.1,6.,-88.15));
#8725 = CIRCLE('',#8726,1.4);
#8726 = AXIS2_PLACEMENT_3D('',#8727,#8728,#8729);
#8727 = CARTESIAN_POINT('',(6.5,6.,-88.15));
#8728 = DIRECTION('',(0.,-1.,0.));
#8729 = DIRECTION('',(1.,0.,0.));
#8730 = ORIENTED_EDGE('',*,*,#8731,.F.);
#8731 = EDGE_CURVE('',#8723,#8721,#8732,.T.);
#8732 = CIRCLE('',#8733,1.4);
#8733 = AXIS2_PLACEMENT_3D('',#8734,#8735,#8736);
#8734 = CARTESIAN_POINT('',(6.5,6.,-88.15));
#8735 = DIRECTION('',(0.,-1.,0.));
#8736 = DIRECTION('',(-1.,0.,0.));
#8737 = PLANE('',#8738);
#8738 = AXIS2_PLACEMENT_3D('',#8739,#8740,#8741);
#8739 = CARTESIAN_POINT('',(0.,6.,0.));
#8740 = DIRECTION('',(0.,1.,0.));
#8741 = DIRECTION('',(1.,0.,0.));
#8742 = ADVANCED_FACE('',(#8743,#8747),#8767,.T.);
#8743 = FACE_BOUND('',#8744,.F.);
#8744 = EDGE_LOOP('',(#8745,#8746));
#8745 = ORIENTED_EDGE('',*,*,#7719,.F.);
#8746 = ORIENTED_EDGE('',*,*,#7710,.F.);
#8747 = FACE_BOUND('',#8748,.F.);
#8748 = EDGE_LOOP('',(#8749,#8760));
#8749 = ORIENTED_EDGE('',*,*,#8750,.F.);
#8750 = EDGE_CURVE('',#8751,#8753,#8755,.T.);
#8751 = VERTEX_POINT('',#8752);
#8752 = CARTESIAN_POINT('',(56.9,6.,-88.15));
#8753 = VERTEX_POINT('',#8754);
#8754 = CARTESIAN_POINT('',(54.1,6.,-88.15));
#8755 = CIRCLE('',#8756,1.4);
#8756 = AXIS2_PLACEMENT_3D('',#8757,#8758,#8759);
#8757 = CARTESIAN_POINT('',(55.5,6.,-88.15));
#8758 = DIRECTION('',(0.,-1.,0.));
#8759 = DIRECTION('',(1.,0.,0.));
#8760 = ORIENTED_EDGE('',*,*,#8761,.F.);
#8761 = EDGE_CURVE('',#8753,#8751,#8762,.T.);
#8762 = CIRCLE('',#8763,1.4);
#8763 = AXIS2_PLACEMENT_3D('',#8764,#8765,#8766);
#8764 = CARTESIAN_POINT('',(55.5,6.,-88.15));
#8765 = DIRECTION('',(0.,-1.,0.));
#8766 = DIRECTION('',(-1.,0.,0.));
#8767 = PLANE('',#8768);
#8768 = AXIS2_PLACEMENT_3D('',#8769,#8770,#8771);
#8769 = CARTESIAN_POINT('',(0.,6.,0.));
#8770 = DIRECTION('',(0.,1.,0.));
#8771 = DIRECTION('',(1.,0.,0.));
#8772 = ADVANCED_FACE('',(#8773,#8777),#8797,.T.);
#8773 = FACE_BOUND('',#8774,.F.);
#8774 = EDGE_LOOP('',(#8775,#8776));
#8775 = ORIENTED_EDGE('',*,*,#7754,.F.);
#8776 = ORIENTED_EDGE('',*,*,#7745,.F.);
#8777 = FACE_BOUND('',#8778,.F.);
#8778 = EDGE_LOOP('',(#8779,#8790));
#8779 = ORIENTED_EDGE('',*,*,#8780,.F.);
#8780 = EDGE_CURVE('',#8781,#8783,#8785,.T.);
#8781 = VERTEX_POINT('',#8782);
#8782 = CARTESIAN_POINT('',(7.9,6.,-30.15));
#8783 = VERTEX_POINT('',#8784);
#8784 = CARTESIAN_POINT('',(5.1,6.,-30.15));
#8785 = CIRCLE('',#8786,1.4);
#8786 = AXIS2_PLACEMENT_3D('',#8787,#8788,#8789);
#8787 = CARTESIAN_POINT('',(6.5,6.,-30.15));
#8788 = DIRECTION('',(0.,-1.,0.));
#8789 = DIRECTION('',(1.,0.,0.));
#8790 = ORIENTED_EDGE('',*,*,#8791,.F.);
#8791 = EDGE_CURVE('',#8783,#8781,#8792,.T.);
#8792 = CIRCLE('',#8793,1.4);
#8793 = AXIS2_PLACEMENT_3D('',#8794,#8795,#8796);
#8794 = CARTESIAN_POINT('',(6.5,6.,-30.15));
#8795 = DIRECTION('',(0.,-1.,0.));
#8796 = DIRECTION('',(-1.,0.,0.));
#8797 = PLANE('',#8798);
#8798 = AXIS2_PLACEMENT_3D('',#8799,#8800,#8801);
#8799 = CARTESIAN_POINT('',(0.,6.,0.));
#8800 = DIRECTION('',(0.,1.,0.));
#8801 = DIRECTION('',(1.,0.,0.));
#8802 = ADVANCED_FACE('',(#8803,#8807),#8827,.T.);
#8803 = FACE_BOUND('',#8804,.F.);
#8804 = EDGE_LOOP('',(#8805,#8806));
#8805 = ORIENTED_EDGE('',*,*,#7788,.F.);
#8806 = ORIENTED_EDGE('',*,*,#7779,.F.);
#8807 = FACE_BOUND('',#8808,.F.);
#8808 = EDGE_LOOP('',(#8809,#8820));
#8809 = ORIENTED_EDGE('',*,*,#8810,.F.);
#8810 = EDGE_CURVE('',#8811,#8813,#8815,.T.);
#8811 = VERTEX_POINT('',#8812);
#8812 = CARTESIAN_POINT('',(56.9,6.,-30.15));
#8813 = VERTEX_POINT('',#8814);
#8814 = CARTESIAN_POINT('',(54.1,6.,-30.15));
#8815 = CIRCLE('',#8816,1.4);
#8816 = AXIS2_PLACEMENT_3D('',#8817,#8818,#8819);
#8817 = CARTESIAN_POINT('',(55.5,6.,-30.15));
#8818 = DIRECTION('',(0.,-1.,0.));
#8819 = DIRECTION('',(1.,0.,0.));
#8820 = ORIENTED_EDGE('',*,*,#8821,.F.);
#8821 = EDGE_CURVE('',#8813,#8811,#8822,.T.);
#8822 = CIRCLE('',#8823,1.4);
#8823 = AXIS2_PLACEMENT_3D('',#8824,#8825,#8826);
#8824 = CARTESIAN_POINT('',(55.5,6.,-30.15));
#8825 = DIRECTION('',(0.,-1.,0.));
#8826 = DIRECTION('',(-1.,0.,0.));
#8827 = PLANE('',#8828);
#8828 = AXIS2_PLACEMENT_3D('',#8829,#8830,#8831);
#8829 = CARTESIAN_POINT('',(0.,6.,0.));
#8830 = DIRECTION('',(0.,1.,0.));
#8831 = DIRECTION('',(1.,0.,0.));
#8832 = ADVANCED_FACE('',(#8833),#8838,.F.);
#8833 = FACE_BOUND('',#8834,.F.);
#8834 = EDGE_LOOP('',(#8835,#8836,#8837));
#8835 = ORIENTED_EDGE('',*,*,#7844,.F.);
#8836 = ORIENTED_EDGE('',*,*,#7962,.T.);
#8837 = ORIENTED_EDGE('',*,*,#8645,.T.);
#8838 = PLANE('',#8839);
#8839 = AXIS2_PLACEMENT_3D('',#8840,#8841,#8842);
#8840 = CARTESIAN_POINT('',(2.,64.,-87.));
#8841 = DIRECTION('',(0.,1.,0.));
#8842 = DIRECTION('',(0.,0.,-1.));
#8843 = ADVANCED_FACE('',(#8844),#8849,.T.);
#8844 = FACE_BOUND('',#8845,.T.);
#8845 = EDGE_LOOP('',(#8846,#8847,#8848));
#8846 = ORIENTED_EDGE('',*,*,#7953,.F.);
#8847 = ORIENTED_EDGE('',*,*,#8630,.T.);
#8848 = ORIENTED_EDGE('',*,*,#7930,.F.);
#8849 = SPHERICAL_SURFACE('',#8850,2.);
#8850 = AXIS2_PLACEMENT_3D('',#8851,#8852,#8853);
#8851 = CARTESIAN_POINT('',(6.,66.,-89.));
#8852 = DIRECTION('',(0.,1.,0.));
#8853 = DIRECTION('',(0.,0.,1.));
#8854 = ADVANCED_FACE('',(#8855),#8880,.T.);
#8855 = FACE_BOUND('',#8856,.T.);
#8856 = EDGE_LOOP('',(#8857,#8867,#8873,#8874));
#8857 = ORIENTED_EDGE('',*,*,#8858,.T.);
#8858 = EDGE_CURVE('',#8859,#8861,#8863,.T.);
#8859 = VERTEX_POINT('',#8860);
#8860 = CARTESIAN_POINT('',(1.5,14.23,-67.9));
#8861 = VERTEX_POINT('',#8862);
#8862 = CARTESIAN_POINT('',(1.5,7.18,-67.9));
#8863 = LINE('',#8864,#8865);
#8864 = CARTESIAN_POINT('',(1.5,10.3,-67.9));
#8865 = VECTOR('',#8866,1.);
#8866 = DIRECTION('',(0.,-1.,0.));
#8867 = ORIENTED_EDGE('',*,*,#8868,.T.);
#8868 = EDGE_CURVE('',#8861,#8115,#8869,.T.);
#8869 = LINE('',#8870,#8871);
#8870 = CARTESIAN_POINT('',(1.5,7.18,-67.9));
#8871 = VECTOR('',#8872,1.);
#8872 = DIRECTION('',(1.,0.,0.));
#8873 = ORIENTED_EDGE('',*,*,#8114,.T.);
#8874 = ORIENTED_EDGE('',*,*,#8875,.F.);
#8875 = EDGE_CURVE('',#8859,#8117,#8876,.T.);
#8876 = LINE('',#8877,#8878);
#8877 = CARTESIAN_POINT('',(1.5,14.23,-67.9));
#8878 = VECTOR('',#8879,1.);
#8879 = DIRECTION('',(1.,0.,0.));
#8880 = PLANE('',#8881);
#8881 = AXIS2_PLACEMENT_3D('',#8882,#8883,#8884);
#8882 = CARTESIAN_POINT('',(2.,10.705,-67.9));
#8883 = DIRECTION('',(0.,0.,1.));
#8884 = DIRECTION('',(1.,0.,0.));
#8885 = ADVANCED_FACE('',(#8886),#8904,.T.);
#8886 = FACE_BOUND('',#8887,.F.);
#8887 = EDGE_LOOP('',(#8888,#8896,#8897,#8898));
#8888 = ORIENTED_EDGE('',*,*,#8889,.F.);
#8889 = EDGE_CURVE('',#8861,#8890,#8892,.T.);
#8890 = VERTEX_POINT('',#8891);
#8891 = CARTESIAN_POINT('',(1.5,7.18,-51.4));
#8892 = LINE('',#8893,#8894);
#8893 = CARTESIAN_POINT('',(1.5,7.18,-67.9));
#8894 = VECTOR('',#8895,1.);
#8895 = DIRECTION('',(0.,0.,1.));
#8896 = ORIENTED_EDGE('',*,*,#8868,.T.);
#8897 = ORIENTED_EDGE('',*,*,#8124,.T.);
#8898 = ORIENTED_EDGE('',*,*,#8899,.F.);
#8899 = EDGE_CURVE('',#8890,#8125,#8900,.T.);
#8900 = LINE('',#8901,#8902);
#8901 = CARTESIAN_POINT('',(1.5,7.18,-51.4));
#8902 = VECTOR('',#8903,1.);
#8903 = DIRECTION('',(1.,0.,0.));
#8904 = PLANE('',#8905);
#8905 = AXIS2_PLACEMENT_3D('',#8906,#8907,#8908);
#8906 = CARTESIAN_POINT('',(1.5,7.18,-67.9));
#8907 = DIRECTION('',(0.,1.,0.));
#8908 = DIRECTION('',(0.,0.,1.));
#8909 = ADVANCED_FACE('',(#8910),#8928,.T.);
#8910 = FACE_BOUND('',#8911,.T.);
#8911 = EDGE_LOOP('',(#8912,#8913,#8914,#8922));
#8912 = ORIENTED_EDGE('',*,*,#8132,.F.);
#8913 = ORIENTED_EDGE('',*,*,#8899,.F.);
#8914 = ORIENTED_EDGE('',*,*,#8915,.T.);
#8915 = EDGE_CURVE('',#8890,#8916,#8918,.T.);
#8916 = VERTEX_POINT('',#8917);
#8917 = CARTESIAN_POINT('',(1.5,14.23,-51.4));
#8918 = LINE('',#8919,#8920);
#8919 = CARTESIAN_POINT('',(1.5,10.3,-51.4));
#8920 = VECTOR('',#8921,1.);
#8921 = DIRECTION('',(0.,1.,0.));
#8922 = ORIENTED_EDGE('',*,*,#8923,.T.);
#8923 = EDGE_CURVE('',#8916,#8133,#8924,.T.);
#8924 = LINE('',#8925,#8926);
#8925 = CARTESIAN_POINT('',(1.5,14.23,-51.4));
#8926 = VECTOR('',#8927,1.);
#8927 = DIRECTION('',(1.,0.,0.));
#8928 = PLANE('',#8929);
#8929 = AXIS2_PLACEMENT_3D('',#8930,#8931,#8932);
#8930 = CARTESIAN_POINT('',(2.,10.705,-51.4));
#8931 = DIRECTION('',(-0.,-0.,-1.));
#8932 = DIRECTION('',(-1.,0.,0.));
#8933 = ADVANCED_FACE('',(#8934),#8945,.F.);
#8934 = FACE_BOUND('',#8935,.F.);
#8935 = EDGE_LOOP('',(#8936,#8942,#8943,#8944));
#8936 = ORIENTED_EDGE('',*,*,#8937,.F.);
#8937 = EDGE_CURVE('',#8916,#8859,#8938,.T.);
#8938 = LINE('',#8939,#8940);
#8939 = CARTESIAN_POINT('',(1.5,14.23,-51.4));
#8940 = VECTOR('',#8941,1.);
#8941 = DIRECTION('',(0.,0.,-1.));
#8942 = ORIENTED_EDGE('',*,*,#8923,.T.);
#8943 = ORIENTED_EDGE('',*,*,#8140,.T.);
#8944 = ORIENTED_EDGE('',*,*,#8875,.F.);
#8945 = PLANE('',#8946);
#8946 = AXIS2_PLACEMENT_3D('',#8947,#8948,#8949);
#8947 = CARTESIAN_POINT('',(1.5,14.23,-51.4));
#8948 = DIRECTION('',(0.,1.,0.));
#8949 = DIRECTION('',(0.,0.,-1.));
#8950 = ADVANCED_FACE('',(#8951),#8976,.T.);
#8951 = FACE_BOUND('',#8952,.F.);
#8952 = EDGE_LOOP('',(#8953,#8961,#8969,#8975));
#8953 = ORIENTED_EDGE('',*,*,#8954,.F.);
#8954 = EDGE_CURVE('',#8955,#8167,#8957,.T.);
#8955 = VERTEX_POINT('',#8956);
#8956 = CARTESIAN_POINT('',(1.5,10.3,-76.55));
#8957 = LINE('',#8958,#8959);
#8958 = CARTESIAN_POINT('',(1.5,10.3,-76.55));
#8959 = VECTOR('',#8960,1.);
#8960 = DIRECTION('',(1.,0.,0.));
#8961 = ORIENTED_EDGE('',*,*,#8962,.F.);
#8962 = EDGE_CURVE('',#8963,#8955,#8965,.T.);
#8963 = VERTEX_POINT('',#8964);
#8964 = CARTESIAN_POINT('',(1.5,6.55,-76.55));
#8965 = LINE('',#8966,#8967);
#8966 = CARTESIAN_POINT('',(1.5,6.55,-76.55));
#8967 = VECTOR('',#8968,1.);
#8968 = DIRECTION('',(0.,1.,0.));
#8969 = ORIENTED_EDGE('',*,*,#8970,.T.);
#8970 = EDGE_CURVE('',#8963,#8165,#8971,.T.);
#8971 = LINE('',#8972,#8973);
#8972 = CARTESIAN_POINT('',(1.5,6.55,-76.55));
#8973 = VECTOR('',#8974,1.);
#8974 = DIRECTION('',(1.,0.,0.));
#8975 = ORIENTED_EDGE('',*,*,#8164,.T.);
#8976 = PLANE('',#8977);
#8977 = AXIS2_PLACEMENT_3D('',#8978,#8979,#8980);
#8978 = CARTESIAN_POINT('',(1.5,6.55,-76.55));
#8979 = DIRECTION('',(0.,0.,-1.));
#8980 = DIRECTION('',(0.,1.,0.));
#8981 = ADVANCED_FACE('',(#8982),#9000,.F.);
#8982 = FACE_BOUND('',#8983,.F.);
#8983 = EDGE_LOOP('',(#8984,#8985,#8993,#8999));
#8984 = ORIENTED_EDGE('',*,*,#8174,.T.);
#8985 = ORIENTED_EDGE('',*,*,#8986,.F.);
#8986 = EDGE_CURVE('',#8987,#8175,#8989,.T.);
#8987 = VERTEX_POINT('',#8988);
#8988 = CARTESIAN_POINT('',(1.5,10.3,-85.55));
#8989 = LINE('',#8990,#8991);
#8990 = CARTESIAN_POINT('',(1.5,10.3,-85.55));
#8991 = VECTOR('',#8992,1.);
#8992 = DIRECTION('',(1.,0.,0.));
#8993 = ORIENTED_EDGE('',*,*,#8994,.T.);
#8994 = EDGE_CURVE('',#8987,#8955,#8995,.T.);
#8995 = LINE('',#8996,#8997);
#8996 = CARTESIAN_POINT('',(1.5,10.3,-86.55));
#8997 = VECTOR('',#8998,1.);
#8998 = DIRECTION('',(0.,0.,1.));
#8999 = ORIENTED_EDGE('',*,*,#8954,.T.);
#9000 = PLANE('',#9001);
#9001 = AXIS2_PLACEMENT_3D('',#9002,#9003,#9004);
#9002 = CARTESIAN_POINT('',(62.,10.3,-95.));
#9003 = DIRECTION('',(0.,1.,0.));
#9004 = DIRECTION('',(0.,0.,1.));
#9005 = ADVANCED_FACE('',(#9006),#9024,.T.);
#9006 = FACE_BOUND('',#9007,.F.);
#9007 = EDGE_LOOP('',(#9008,#9009,#9010,#9018));
#9008 = ORIENTED_EDGE('',*,*,#8986,.T.);
#9009 = ORIENTED_EDGE('',*,*,#8182,.T.);
#9010 = ORIENTED_EDGE('',*,*,#9011,.F.);
#9011 = EDGE_CURVE('',#9012,#8183,#9014,.T.);
#9012 = VERTEX_POINT('',#9013);
#9013 = CARTESIAN_POINT('',(1.5,6.55,-85.55));
#9014 = LINE('',#9015,#9016);
#9015 = CARTESIAN_POINT('',(1.5,6.55,-85.55));
#9016 = VECTOR('',#9017,1.);
#9017 = DIRECTION('',(1.,0.,0.));
#9018 = ORIENTED_EDGE('',*,*,#9019,.F.);
#9019 = EDGE_CURVE('',#8987,#9012,#9020,.T.);
#9020 = LINE('',#9021,#9022);
#9021 = CARTESIAN_POINT('',(1.5,10.3,-85.55));
#9022 = VECTOR('',#9023,1.);
#9023 = DIRECTION('',(0.,-1.,0.));
#9024 = PLANE('',#9025);
#9025 = AXIS2_PLACEMENT_3D('',#9026,#9027,#9028);
#9026 = CARTESIAN_POINT('',(1.5,13.15,-85.55));
#9027 = DIRECTION('',(0.,0.,1.));
#9028 = DIRECTION('',(0.,-1.,0.));
#9029 = ADVANCED_FACE('',(#9030),#9041,.T.);
#9030 = FACE_BOUND('',#9031,.F.);
#9031 = EDGE_LOOP('',(#9032,#9038,#9039,#9040));
#9032 = ORIENTED_EDGE('',*,*,#9033,.F.);
#9033 = EDGE_CURVE('',#9012,#8963,#9034,.T.);
#9034 = LINE('',#9035,#9036);
#9035 = CARTESIAN_POINT('',(1.5,6.55,-85.55));
#9036 = VECTOR('',#9037,1.);
#9037 = DIRECTION('',(0.,0.,1.));
#9038 = ORIENTED_EDGE('',*,*,#9011,.T.);
#9039 = ORIENTED_EDGE('',*,*,#8190,.T.);
#9040 = ORIENTED_EDGE('',*,*,#8970,.F.);
#9041 = PLANE('',#9042);
#9042 = AXIS2_PLACEMENT_3D('',#9043,#9044,#9045);
#9043 = CARTESIAN_POINT('',(1.5,6.55,-85.55));
#9044 = DIRECTION('',(0.,1.,0.));
#9045 = DIRECTION('',(0.,0.,1.));
#9046 = ADVANCED_FACE('',(#9047,#9053),#9059,.T.);
#9047 = FACE_BOUND('',#9048,.T.);
#9048 = EDGE_LOOP('',(#9049,#9050,#9051,#9052));
#9049 = ORIENTED_EDGE('',*,*,#8361,.T.);
#9050 = ORIENTED_EDGE('',*,*,#8344,.T.);
#9051 = ORIENTED_EDGE('',*,*,#8311,.T.);
#9052 = ORIENTED_EDGE('',*,*,#8289,.T.);
#9053 = FACE_BOUND('',#9054,.T.);
#9054 = EDGE_LOOP('',(#9055,#9056,#9057,#9058));
#9055 = ORIENTED_EDGE('',*,*,#8858,.F.);
#9056 = ORIENTED_EDGE('',*,*,#8937,.F.);
#9057 = ORIENTED_EDGE('',*,*,#8915,.F.);
#9058 = ORIENTED_EDGE('',*,*,#8889,.F.);
#9059 = PLANE('',#9060);
#9060 = AXIS2_PLACEMENT_3D('',#9061,#9062,#9063);
#9061 = CARTESIAN_POINT('',(1.5,10.705,-59.65));
#9062 = DIRECTION('',(-1.,-0.,-0.));
#9063 = DIRECTION('',(0.,0.,-1.));
#9064 = ADVANCED_FACE('',(#9065,#9071),#9077,.T.);
#9065 = FACE_BOUND('',#9066,.T.);
#9066 = EDGE_LOOP('',(#9067,#9068,#9069,#9070));
#9067 = ORIENTED_EDGE('',*,*,#8457,.F.);
#9068 = ORIENTED_EDGE('',*,*,#8440,.F.);
#9069 = ORIENTED_EDGE('',*,*,#8407,.T.);
#9070 = ORIENTED_EDGE('',*,*,#8385,.T.);
#9071 = FACE_BOUND('',#9072,.T.);
#9072 = EDGE_LOOP('',(#9073,#9074,#9075,#9076));
#9073 = ORIENTED_EDGE('',*,*,#9019,.F.);
#9074 = ORIENTED_EDGE('',*,*,#8994,.T.);
#9075 = ORIENTED_EDGE('',*,*,#8962,.F.);
#9076 = ORIENTED_EDGE('',*,*,#9033,.F.);
#9077 = PLANE('',#9078);
#9078 = AXIS2_PLACEMENT_3D('',#9079,#9080,#9081);
#9079 = CARTESIAN_POINT('',(1.5,8.675,-81.05));
#9080 = DIRECTION('',(-1.,-0.,-0.));
#9081 = DIRECTION('',(0.,0.,-1.));
#9082 = ADVANCED_FACE('',(#9083),#9102,.F.);
#9083 = FACE_BOUND('',#9084,.F.);
#9084 = EDGE_LOOP('',(#9085,#9092,#9093,#9094,#9095));
#9085 = ORIENTED_EDGE('',*,*,#9086,.T.);
#9086 = EDGE_CURVE('',#9087,#8721,#9089,.T.);
#9087 = VERTEX_POINT('',#9088);
#9088 = CARTESIAN_POINT('',(7.9,2.,-88.15));
#9089 = B_SPLINE_CURVE_WITH_KNOTS('',1,(#9090,#9091),.UNSPECIFIED.,.F.,
  .F.,(2,2),(-1.,4.),.PIECEWISE_BEZIER_KNOTS.);
#9090 = CARTESIAN_POINT('',(7.9,1.,-88.15));
#9091 = CARTESIAN_POINT('',(7.9,6.,-88.15));
#9092 = ORIENTED_EDGE('',*,*,#8720,.T.);
#9093 = ORIENTED_EDGE('',*,*,#8731,.T.);
#9094 = ORIENTED_EDGE('',*,*,#9086,.F.);
#9095 = ORIENTED_EDGE('',*,*,#9096,.T.);
#9096 = EDGE_CURVE('',#9087,#9087,#9097,.T.);
#9097 = CIRCLE('',#9098,1.4);
#9098 = AXIS2_PLACEMENT_3D('',#9099,#9100,#9101);
#9099 = CARTESIAN_POINT('',(6.5,2.,-88.15));
#9100 = DIRECTION('',(-0.,1.,0.));
#9101 = DIRECTION('',(1.,0.,0.));
#9102 = CYLINDRICAL_SURFACE('',#9103,1.4);
#9103 = AXIS2_PLACEMENT_3D('',#9104,#9105,#9106);
#9104 = CARTESIAN_POINT('',(6.5,2.,-88.15));
#9105 = DIRECTION('',(0.,1.,0.));
#9106 = DIRECTION('',(1.,0.,0.));
#9107 = ADVANCED_FACE('',(#9108),#9127,.F.);
#9108 = FACE_BOUND('',#9109,.F.);
#9109 = EDGE_LOOP('',(#9110,#9117,#9118,#9119,#9120));
#9110 = ORIENTED_EDGE('',*,*,#9111,.T.);
#9111 = EDGE_CURVE('',#9112,#8751,#9114,.T.);
#9112 = VERTEX_POINT('',#9113);
#9113 = CARTESIAN_POINT('',(56.9,2.,-88.15));
#9114 = B_SPLINE_CURVE_WITH_KNOTS('',1,(#9115,#9116),.UNSPECIFIED.,.F.,
  .F.,(2,2),(-1.,4.),.PIECEWISE_BEZIER_KNOTS.);
#9115 = CARTESIAN_POINT('',(56.9,1.,-88.15));
#9116 = CARTESIAN_POINT('',(56.9,6.,-88.15));
#9117 = ORIENTED_EDGE('',*,*,#8750,.T.);
#9118 = ORIENTED_EDGE('',*,*,#8761,.T.);
#9119 = ORIENTED_EDGE('',*,*,#9111,.F.);
#9120 = ORIENTED_EDGE('',*,*,#9121,.T.);
#9121 = EDGE_CURVE('',#9112,#9112,#9122,.T.);
#9122 = CIRCLE('',#9123,1.4);
#9123 = AXIS2_PLACEMENT_3D('',#9124,#9125,#9126);
#9124 = CARTESIAN_POINT('',(55.5,2.,-88.15));
#9125 = DIRECTION('',(-0.,1.,0.));
#9126 = DIRECTION('',(1.,0.,0.));
#9127 = CYLINDRICAL_SURFACE('',#9128,1.4);
#9128 = AXIS2_PLACEMENT_3D('',#9129,#9130,#9131);
#9129 = CARTESIAN_POINT('',(55.5,2.,-88.15));
#9130 = DIRECTION('',(0.,1.,0.));
#9131 = DIRECTION('',(1.,0.,0.));
#9132 = ADVANCED_FACE('',(#9133),#9152,.F.);
#9133 = FACE_BOUND('',#9134,.F.);
#9134 = EDGE_LOOP('',(#9135,#9142,#9143,#9144,#9145));
#9135 = ORIENTED_EDGE('',*,*,#9136,.T.);
#9136 = EDGE_CURVE('',#9137,#8781,#9139,.T.);
#9137 = VERTEX_POINT('',#9138);
#9138 = CARTESIAN_POINT('',(7.9,2.,-30.15));
#9139 = B_SPLINE_CURVE_WITH_KNOTS('',1,(#9140,#9141),.UNSPECIFIED.,.F.,
  .F.,(2,2),(-1.,4.),.PIECEWISE_BEZIER_KNOTS.);
#9140 = CARTESIAN_POINT('',(7.9,1.,-30.15));
#9141 = CARTESIAN_POINT('',(7.9,6.,-30.15));
#9142 = ORIENTED_EDGE('',*,*,#8780,.T.);
#9143 = ORIENTED_EDGE('',*,*,#8791,.T.);
#9144 = ORIENTED_EDGE('',*,*,#9136,.F.);
#9145 = ORIENTED_EDGE('',*,*,#9146,.T.);
#9146 = EDGE_CURVE('',#9137,#9137,#9147,.T.);
#9147 = CIRCLE('',#9148,1.4);
#9148 = AXIS2_PLACEMENT_3D('',#9149,#9150,#9151);
#9149 = CARTESIAN_POINT('',(6.5,2.,-30.15));
#9150 = DIRECTION('',(-0.,1.,0.));
#9151 = DIRECTION('',(1.,0.,0.));
#9152 = CYLINDRICAL_SURFACE('',#9153,1.4);
#9153 = AXIS2_PLACEMENT_3D('',#9154,#9155,#9156);
#9154 = CARTESIAN_POINT('',(6.5,2.,-30.15));
#9155 = DIRECTION('',(0.,1.,0.));
#9156 = DIRECTION('',(1.,0.,0.));
#9157 = ADVANCED_FACE('',(#9158),#9177,.F.);
#9158 = FACE_BOUND('',#9159,.F.);
#9159 = EDGE_LOOP('',(#9160,#9167,#9168,#9169,#9170));
#9160 = ORIENTED_EDGE('',*,*,#9161,.T.);
#9161 = EDGE_CURVE('',#9162,#8811,#9164,.T.);
#9162 = VERTEX_POINT('',#9163);
#9163 = CARTESIAN_POINT('',(56.9,2.,-30.15));
#9164 = B_SPLINE_CURVE_WITH_KNOTS('',1,(#9165,#9166),.UNSPECIFIED.,.F.,
  .F.,(2,2),(-1.,4.),.PIECEWISE_BEZIER_KNOTS.);
#9165 = CARTESIAN_POINT('',(56.9,1.,-30.15));
#9166 = CARTESIAN_POINT('',(56.9,6.,-30.15));
#9167 = ORIENTED_EDGE('',*,*,#8810,.T.);
#9168 = ORIENTED_EDGE('',*,*,#8821,.T.);
#9169 = ORIENTED_EDGE('',*,*,#9161,.F.);
#9170 = ORIENTED_EDGE('',*,*,#9171,.T.);
#9171 = EDGE_CURVE('',#9162,#9162,#9172,.T.);
#9172 = CIRCLE('',#9173,1.4);
#9173 = AXIS2_PLACEMENT_3D('',#9174,#9175,#9176);
#9174 = CARTESIAN_POINT('',(55.5,2.,-30.15));
#9175 = DIRECTION('',(-0.,1.,0.));
#9176 = DIRECTION('',(1.,0.,0.));
#9177 = CYLINDRICAL_SURFACE('',#9178,1.4);
#9178 = AXIS2_PLACEMENT_3D('',#9179,#9180,#9181);
#9179 = CARTESIAN_POINT('',(55.5,2.,-30.15));
#9180 = DIRECTION('',(0.,1.,0.));
#9181 = DIRECTION('',(1.,0.,0.));
#9182 = ADVANCED_FACE('',(#9183),#9186,.T.);
#9183 = FACE_BOUND('',#9184,.T.);
#9184 = EDGE_LOOP('',(#9185));
#9185 = ORIENTED_EDGE('',*,*,#9096,.T.);
#9186 = PLANE('',#9187);
#9187 = AXIS2_PLACEMENT_3D('',#9188,#9189,#9190);
#9188 = CARTESIAN_POINT('',(75.,2.,-49.7));
#9189 = DIRECTION('',(0.,1.,0.));
#9190 = DIRECTION('',(0.,0.,1.));
#9191 = ADVANCED_FACE('',(#9192),#9195,.T.);
#9192 = FACE_BOUND('',#9193,.T.);
#9193 = EDGE_LOOP('',(#9194));
#9194 = ORIENTED_EDGE('',*,*,#9121,.T.);
#9195 = PLANE('',#9196);
#9196 = AXIS2_PLACEMENT_3D('',#9197,#9198,#9199);
#9197 = CARTESIAN_POINT('',(75.,2.,-49.7));
#9198 = DIRECTION('',(0.,1.,0.));
#9199 = DIRECTION('',(0.,0.,1.));
#9200 = ADVANCED_FACE('',(#9201),#9204,.T.);
#9201 = FACE_BOUND('',#9202,.T.);
#9202 = EDGE_LOOP('',(#9203));
#9203 = ORIENTED_EDGE('',*,*,#9146,.T.);
#9204 = PLANE('',#9205);
#9205 = AXIS2_PLACEMENT_3D('',#9206,#9207,#9208);
#9206 = CARTESIAN_POINT('',(75.,2.,-49.7));
#9207 = DIRECTION('',(0.,1.,0.));
#9208 = DIRECTION('',(0.,0.,1.));
#9209 = ADVANCED_FACE('',(#9210),#9213,.T.);
#9210 = FACE_BOUND('',#9211,.T.);
#9211 = EDGE_LOOP('',(#9212));
#9212 = ORIENTED_EDGE('',*,*,#9171,.T.);
#9213 = PLANE('',#9214);
#9214 = AXIS2_PLACEMENT_3D('',#9215,#9216,#9217);
#9215 = CARTESIAN_POINT('',(75.,2.,-49.7));
#9216 = DIRECTION('',(0.,1.,0.));
#9217 = DIRECTION('',(0.,0.,1.));
#9218 = ( GEOMETRIC_REPRESENTATION_CONTEXT(3) 
GLOBAL_UNCERTAINTY_ASSIGNED_CONTEXT((#9222)) 
GLOBAL_UNIT_ASSIGNED_CONTEXT((#9219,#9220,#9221)) REPRESENTATION_CONTEXT
('Context #1','3D Context with UNIT and UNCERTAINTY') );
#9219 = ( LENGTH_UNIT() NAMED_UNIT(*) SI_UNIT(.MILLI.,.METRE.) );
#9220 = ( NAMED_UNIT(*) PLANE_ANGLE_UNIT() SI_UNIT($,.RADIAN.) );
#9221 = ( NAMED_UNIT(*) SI_UNIT($,.STERADIAN.) SOLID_ANGLE_UNIT() );
#9222 = UNCERTAINTY_MEASURE_WITH_UNIT(LENGTH_MEASURE(2.E-05),#9219,
  'distance_accuracy_value','confusion accuracy');
#9223 = PRODUCT_RELATED_PRODUCT_CATEGORY('part',$,(#7));
#9224 = MECHANICAL_DESIGN_GEOMETRIC_PRESENTATION_REPRESENTATION('',(
    #9225),#9218);
#9225 = STYLED_ITEM('color',(#9226),#15);
#9226 = PRESENTATION_STYLE_ASSIGNMENT((#9227,#9233));
#9227 = SURFACE_STYLE_USAGE(.BOTH.,#9228);
#9228 = SURFACE_SIDE_STYLE('',(#9229));
#9229 = SURFACE_STYLE_FILL_AREA(#9230);
#9230 = FILL_AREA_STYLE('',(#9231));
#9231 = FILL_AREA_STYLE_COLOUR('',#9232);
#9232 = COLOUR_RGB('',0.447058818107,0.474509808674,0.501960817233);
#9233 = CURVE_STYLE('',#9234,POSITIVE_LENGTH_MEASURE(0.1),#9235);
#9234 = DRAUGHTING_PRE_DEFINED_CURVE_FONT('continuous');
#9235 = COLOUR_RGB('',9.803921802644E-02,9.803921802644E-02,
  9.803921802644E-02);
ENDSEC;
END-ISO-10303-21;
